
Cadence Innovus(TM) Implementation System.
Copyright 2018 Cadence Design Systems, Inc. All rights reserved worldwide.

Version:	v18.10-p002_1, built Tue May 29 19:19:55 PDT 2018
Options:	
Date:		Sun Mar 23 21:30:23 2025
Host:		shell (x86_64 w/Linux 3.10.0-1160.119.1.el7.x86_64) (20cores*80cpus*Intel(R) Xeon(R) Gold 6138 CPU @ 2.00GHz 28160KB)
OS:		CentOS Linux release 7.9.2009 (Core)

License:
		invs	Innovus Implementation System	18.1	checkout succeeded
		8 CPU jobs allowed with the current license(s). Use setMultiCpuUsage to set your required CPU count.
Change the soft stacksize limit to 0.2%RAM (514 mbytes). Set global soft_stack_size_limit to change the value.

**INFO:  MMMC transition support version v31-84 

<CMD> set_global _enable_mmmc_by_default_flow      $CTE::mmmc_default
<CMD> suppressMessage ENCEXT-2799
<CMD> win
<CMD> set init_verilog ../../synthesis/netlists/AES.v
<CMD> set init_top_cell AES
<CMD> set init_pwr_net VDD
<CMD> set init_gnd_net GND
<CMD> create_constraint_mode \
    -name syn_constraints \
    -sdc_files {../../synthesis/netlists/AES.sdc}
<CMD> set init_mmmc_file ../scripts/mmmc.tcl
<CMD> set init_lef_file { /apps/design_kits/ibm_kits/IBM_IP/ibm_cmos8hp/std_cell/sc/v.20110613/lef/cmos8hp_7AM_tech.lef  /apps/design_kits/ibm_kits/IBM_IP/ibm_cmos8hp/std_cell/sc/v.20110613/lef/ibm_cmos8hp_sc.lef  }
<CMD> init_design -setup VIEW_ss_125 -hold VIEW_ff_-55
#% Begin Load MMMC data ... (date=03/23 21:32:34, mem=472.9M)
#% End Load MMMC data ... (date=03/23 21:32:34, total cpu=0:00:00.0, real=0:00:00.0, peak res=473.1M, current mem=473.1M)
RC_min RC_max

Loading LEF file /apps/design_kits/ibm_kits/IBM_IP/ibm_cmos8hp/std_cell/sc/v.20110613/lef/cmos8hp_7AM_tech.lef ...

Loading LEF file /apps/design_kits/ibm_kits/IBM_IP/ibm_cmos8hp/std_cell/sc/v.20110613/lef/ibm_cmos8hp_sc.lef ...
Set DBUPerIGU to M2 pitch 400.
**WARN: (IMPLF-200):	Pin 'AP' in macro 'FGTIE_G_A' has no ANTENNAGATEAREA value defined. The library data is incomplete and some process antenna rules will not be checked correctly.
Type 'man IMPLF-200' for more detail.
**WARN: (IMPLF-200):	Pin 'AN' in macro 'FGTIE_G_A' has no ANTENNAGATEAREA value defined. The library data is incomplete and some process antenna rules will not be checked correctly.
Type 'man IMPLF-200' for more detail.

viaInitial starts at Sun Mar 23 21:32:34 2025
viaInitial ends at Sun Mar 23 21:32:34 2025
Loading view definition file from ../scripts/mmmc.tcl
Reading LIB_ss_125 timing library '/apps/design_kits/ibm_kits/IBM_IP/ibm_cmos8hp/std_cell/sc/v.20110613/synopsys/ss_125/IBM_CMOS8HP_SS125.lib' ...
**WARN: (TECHLIB-436):	Attribute 'max_fanout' on 'output/inout' pin 'COUT' of cell 'ADDF_B' is not defined in the library. (File /apps/design_kits/ibm_kits/IBM_IP/ibm_cmos8hp/std_cell/sc/v.20110613/synopsys/ss_125/IBM_CMOS8HP_SS125.lib)
**WARN: (TECHLIB-436):	Attribute 'max_fanout' on 'output/inout' pin 'SUM' of cell 'ADDF_B' is not defined in the library. (File /apps/design_kits/ibm_kits/IBM_IP/ibm_cmos8hp/std_cell/sc/v.20110613/synopsys/ss_125/IBM_CMOS8HP_SS125.lib)
**WARN: (TECHLIB-436):	Attribute 'max_fanout' on 'output/inout' pin 'COUT' of cell 'ADDF_C' is not defined in the library. (File /apps/design_kits/ibm_kits/IBM_IP/ibm_cmos8hp/std_cell/sc/v.20110613/synopsys/ss_125/IBM_CMOS8HP_SS125.lib)
**WARN: (TECHLIB-436):	Attribute 'max_fanout' on 'output/inout' pin 'SUM' of cell 'ADDF_C' is not defined in the library. (File /apps/design_kits/ibm_kits/IBM_IP/ibm_cmos8hp/std_cell/sc/v.20110613/synopsys/ss_125/IBM_CMOS8HP_SS125.lib)
**WARN: (TECHLIB-436):	Attribute 'max_fanout' on 'output/inout' pin 'COUT' of cell 'ADDF_D' is not defined in the library. (File /apps/design_kits/ibm_kits/IBM_IP/ibm_cmos8hp/std_cell/sc/v.20110613/synopsys/ss_125/IBM_CMOS8HP_SS125.lib)
**WARN: (TECHLIB-436):	Attribute 'max_fanout' on 'output/inout' pin 'SUM' of cell 'ADDF_D' is not defined in the library. (File /apps/design_kits/ibm_kits/IBM_IP/ibm_cmos8hp/std_cell/sc/v.20110613/synopsys/ss_125/IBM_CMOS8HP_SS125.lib)
**WARN: (TECHLIB-436):	Attribute 'max_fanout' on 'output/inout' pin 'COUT' of cell 'ADDF_E' is not defined in the library. (File /apps/design_kits/ibm_kits/IBM_IP/ibm_cmos8hp/std_cell/sc/v.20110613/synopsys/ss_125/IBM_CMOS8HP_SS125.lib)
**WARN: (TECHLIB-436):	Attribute 'max_fanout' on 'output/inout' pin 'SUM' of cell 'ADDF_E' is not defined in the library. (File /apps/design_kits/ibm_kits/IBM_IP/ibm_cmos8hp/std_cell/sc/v.20110613/synopsys/ss_125/IBM_CMOS8HP_SS125.lib)
**WARN: (TECHLIB-436):	Attribute 'max_fanout' on 'output/inout' pin 'COUT' of cell 'ADDF_F' is not defined in the library. (File /apps/design_kits/ibm_kits/IBM_IP/ibm_cmos8hp/std_cell/sc/v.20110613/synopsys/ss_125/IBM_CMOS8HP_SS125.lib)
**WARN: (TECHLIB-436):	Attribute 'max_fanout' on 'output/inout' pin 'SUM' of cell 'ADDF_F' is not defined in the library. (File /apps/design_kits/ibm_kits/IBM_IP/ibm_cmos8hp/std_cell/sc/v.20110613/synopsys/ss_125/IBM_CMOS8HP_SS125.lib)
**WARN: (TECHLIB-436):	Attribute 'max_fanout' on 'output/inout' pin 'Z' of cell 'AND2_B' is not defined in the library. (File /apps/design_kits/ibm_kits/IBM_IP/ibm_cmos8hp/std_cell/sc/v.20110613/synopsys/ss_125/IBM_CMOS8HP_SS125.lib)
**WARN: (TECHLIB-436):	Attribute 'max_fanout' on 'output/inout' pin 'Z' of cell 'AND2_C' is not defined in the library. (File /apps/design_kits/ibm_kits/IBM_IP/ibm_cmos8hp/std_cell/sc/v.20110613/synopsys/ss_125/IBM_CMOS8HP_SS125.lib)
**WARN: (TECHLIB-436):	Attribute 'max_fanout' on 'output/inout' pin 'Z' of cell 'AND2_D' is not defined in the library. (File /apps/design_kits/ibm_kits/IBM_IP/ibm_cmos8hp/std_cell/sc/v.20110613/synopsys/ss_125/IBM_CMOS8HP_SS125.lib)
**WARN: (TECHLIB-436):	Attribute 'max_fanout' on 'output/inout' pin 'Z' of cell 'AND2_E' is not defined in the library. (File /apps/design_kits/ibm_kits/IBM_IP/ibm_cmos8hp/std_cell/sc/v.20110613/synopsys/ss_125/IBM_CMOS8HP_SS125.lib)
**WARN: (TECHLIB-436):	Attribute 'max_fanout' on 'output/inout' pin 'Z' of cell 'AND2_F' is not defined in the library. (File /apps/design_kits/ibm_kits/IBM_IP/ibm_cmos8hp/std_cell/sc/v.20110613/synopsys/ss_125/IBM_CMOS8HP_SS125.lib)
**WARN: (TECHLIB-436):	Attribute 'max_fanout' on 'output/inout' pin 'Z' of cell 'AND2_H' is not defined in the library. (File /apps/design_kits/ibm_kits/IBM_IP/ibm_cmos8hp/std_cell/sc/v.20110613/synopsys/ss_125/IBM_CMOS8HP_SS125.lib)
**WARN: (TECHLIB-436):	Attribute 'max_fanout' on 'output/inout' pin 'Z' of cell 'AND2_I' is not defined in the library. (File /apps/design_kits/ibm_kits/IBM_IP/ibm_cmos8hp/std_cell/sc/v.20110613/synopsys/ss_125/IBM_CMOS8HP_SS125.lib)
**WARN: (TECHLIB-436):	Attribute 'max_fanout' on 'output/inout' pin 'Z' of cell 'AND2_J' is not defined in the library. (File /apps/design_kits/ibm_kits/IBM_IP/ibm_cmos8hp/std_cell/sc/v.20110613/synopsys/ss_125/IBM_CMOS8HP_SS125.lib)
**WARN: (TECHLIB-436):	Attribute 'max_fanout' on 'output/inout' pin 'Z' of cell 'AND2_K' is not defined in the library. (File /apps/design_kits/ibm_kits/IBM_IP/ibm_cmos8hp/std_cell/sc/v.20110613/synopsys/ss_125/IBM_CMOS8HP_SS125.lib)
**WARN: (TECHLIB-436):	Attribute 'max_fanout' on 'output/inout' pin 'Z' of cell 'AND3_B' is not defined in the library. (File /apps/design_kits/ibm_kits/IBM_IP/ibm_cmos8hp/std_cell/sc/v.20110613/synopsys/ss_125/IBM_CMOS8HP_SS125.lib)
Message <TECHLIB-436> has exceeded the message display limit of '20'. Use 'set_message -no_limit -id list_of_msgIDs' to reset the message limit.
Read 358 cells in library 'IBM_CMOS8HP_SS125' 
Reading LIB_ff_-55 timing library '/apps/design_kits/ibm_kits/IBM_IP/ibm_cmos8hp/std_cell/sc/v.20110613/synopsys/ff_-55/IBM_CMOS8HP_FF55.lib' ...
Read 358 cells in library 'IBM_CMOS8HP_FF55' 
*** End library_loading (cpu=0.01min, real=0.02min, mem=18.0M, fe_cpu=0.47min, fe_real=2.20min, fe_mem=593.1M) ***
#% Begin Load netlist data ... (date=03/23 21:32:35, mem=488.8M)
*** Begin netlist parsing (mem=593.1M) ***
**WARN: (IMPVL-159):	Pin 'VDD' of cell 'XOR9_J' is defined in LEF but not in the timing library.
**WARN: (IMPVL-159):	Pin 'GND' of cell 'XOR9_J' is defined in LEF but not in the timing library.
**WARN: (IMPVL-159):	Pin 'VDD' of cell 'XOR9_H' is defined in LEF but not in the timing library.
**WARN: (IMPVL-159):	Pin 'GND' of cell 'XOR9_H' is defined in LEF but not in the timing library.
**WARN: (IMPVL-159):	Pin 'VDD' of cell 'XOR9_E' is defined in LEF but not in the timing library.
**WARN: (IMPVL-159):	Pin 'GND' of cell 'XOR9_E' is defined in LEF but not in the timing library.
**WARN: (IMPVL-159):	Pin 'VDD' of cell 'XOR8_J' is defined in LEF but not in the timing library.
**WARN: (IMPVL-159):	Pin 'GND' of cell 'XOR8_J' is defined in LEF but not in the timing library.
**WARN: (IMPVL-159):	Pin 'VDD' of cell 'XOR8_H' is defined in LEF but not in the timing library.
**WARN: (IMPVL-159):	Pin 'GND' of cell 'XOR8_H' is defined in LEF but not in the timing library.
**WARN: (IMPVL-159):	Pin 'VDD' of cell 'XOR8_E' is defined in LEF but not in the timing library.
**WARN: (IMPVL-159):	Pin 'GND' of cell 'XOR8_E' is defined in LEF but not in the timing library.
**WARN: (IMPVL-159):	Pin 'VDD' of cell 'XOR3_I' is defined in LEF but not in the timing library.
**WARN: (IMPVL-159):	Pin 'GND' of cell 'XOR3_I' is defined in LEF but not in the timing library.
**WARN: (IMPVL-159):	Pin 'VDD' of cell 'XOR3_H' is defined in LEF but not in the timing library.
**WARN: (IMPVL-159):	Pin 'GND' of cell 'XOR3_H' is defined in LEF but not in the timing library.
**WARN: (IMPVL-159):	Pin 'VDD' of cell 'XOR3_F' is defined in LEF but not in the timing library.
**WARN: (IMPVL-159):	Pin 'GND' of cell 'XOR3_F' is defined in LEF but not in the timing library.
**WARN: (IMPVL-159):	Pin 'VDD' of cell 'XOR3_E' is defined in LEF but not in the timing library.
**WARN: (IMPVL-159):	Pin 'GND' of cell 'XOR3_E' is defined in LEF but not in the timing library.
**WARN: (EMS-27):	Message (IMPVL-159) has exceeded the current message display limit of 20.
To increase the message display limit, refer to the product command reference manual.
Created 358 new cells from 2 timing libraries.
Reading netlist ...
Backslashed names will retain backslash and a trailing blank character.
Reading verilog netlist '../../synthesis/netlists/AES.v'
**WARN: (IMPVL-346):	Module 'key_expand' is instantiated in the netlist, but is not defined in the LEF files.  Since there is no real cell definition for such a cell, it will be treated as an empty module.
Type 'man IMPVL-346' for more detail.
**WARN: (IMPVL-346):	Module 'round' is instantiated in the netlist, but is not defined in the LEF files.  Since there is no real cell definition for such a cell, it will be treated as an empty module.
Type 'man IMPVL-346' for more detail.
**WARN: (IMPVL-346):	Module 'final_round' is instantiated in the netlist, but is not defined in the LEF files.  Since there is no real cell definition for such a cell, it will be treated as an empty module.
Type 'man IMPVL-346' for more detail.

*** Memory Usage v#1 (Current mem = 596.141M, initial mem = 251.676M) ***
*** End netlist parsing (cpu=0:00:00.1, real=0:00:00.0, mem=596.1M) ***
#% End Load netlist data ... (date=03/23 21:32:35, total cpu=0:00:00.1, real=0:00:00.0, peak res=500.0M, current mem=500.0M)
Set top cell to AES.
**WARN: (IMPTS-419):	Timing arc(s) mismatch found in cell 'SLATSR_K' of timing library 'IBM_CMOS8HP_SS125(LIB_ss_125)' and 'IBM_CMOS8HP_FF55(LIB_ff_-55)'.
**WARN: (IMPTS-419):	Timing arc(s) mismatch found in cell 'SLATSR_K' of timing library 'IBM_CMOS8HP_SS125(LIB_ss_125)' and 'IBM_CMOS8HP_FF55(LIB_ff_-55)'.
**WARN: (IMPTS-419):	Timing arc(s) mismatch found in cell 'SLATSR_K' of timing library 'IBM_CMOS8HP_SS125(LIB_ss_125)' and 'IBM_CMOS8HP_FF55(LIB_ff_-55)'.
**WARN: (IMPTS-419):	Timing arc(s) mismatch found in cell 'SLATSR_K' of timing library 'IBM_CMOS8HP_SS125(LIB_ss_125)' and 'IBM_CMOS8HP_FF55(LIB_ff_-55)'.
**WARN: (IMPTS-419):	Timing arc(s) mismatch found in cell 'SLATSR_K' of timing library 'IBM_CMOS8HP_SS125(LIB_ss_125)' and 'IBM_CMOS8HP_FF55(LIB_ff_-55)'.
**WARN: (IMPTS-419):	Timing arc(s) mismatch found in cell 'SLATSR_K' of timing library 'IBM_CMOS8HP_SS125(LIB_ss_125)' and 'IBM_CMOS8HP_FF55(LIB_ff_-55)'.
**WARN: (IMPTS-419):	Timing arc(s) mismatch found in cell 'SLATSR_K' of timing library 'IBM_CMOS8HP_SS125(LIB_ss_125)' and 'IBM_CMOS8HP_FF55(LIB_ff_-55)'.
**WARN: (IMPTS-419):	Timing arc(s) mismatch found in cell 'SLATSR_K' of timing library 'IBM_CMOS8HP_SS125(LIB_ss_125)' and 'IBM_CMOS8HP_FF55(LIB_ff_-55)'.
**WARN: (IMPTS-419):	Timing arc(s) mismatch found in cell 'SLATSR_K' of timing library 'IBM_CMOS8HP_SS125(LIB_ss_125)' and 'IBM_CMOS8HP_FF55(LIB_ff_-55)'.
**WARN: (IMPTS-419):	Timing arc(s) mismatch found in cell 'SLATSR_K' of timing library 'IBM_CMOS8HP_SS125(LIB_ss_125)' and 'IBM_CMOS8HP_FF55(LIB_ff_-55)'.
**WARN: (IMPTS-419):	Timing arc(s) mismatch found in cell 'SLATSR_K' of timing library 'IBM_CMOS8HP_SS125(LIB_ss_125)' and 'IBM_CMOS8HP_FF55(LIB_ff_-55)'.
**WARN: (IMPTS-419):	Timing arc(s) mismatch found in cell 'SLATSR_K' of timing library 'IBM_CMOS8HP_SS125(LIB_ss_125)' and 'IBM_CMOS8HP_FF55(LIB_ff_-55)'.
**WARN: (IMPTS-419):	Timing arc(s) mismatch found in cell 'SLATSR_K' of timing library 'IBM_CMOS8HP_SS125(LIB_ss_125)' and 'IBM_CMOS8HP_FF55(LIB_ff_-55)'.
**WARN: (IMPTS-419):	Timing arc(s) mismatch found in cell 'SLATSR_K' of timing library 'IBM_CMOS8HP_SS125(LIB_ss_125)' and 'IBM_CMOS8HP_FF55(LIB_ff_-55)'.
**WARN: (IMPTS-419):	Timing arc(s) mismatch found in cell 'SLATSR_K' of timing library 'IBM_CMOS8HP_SS125(LIB_ss_125)' and 'IBM_CMOS8HP_FF55(LIB_ff_-55)'.
**WARN: (IMPTS-419):	Timing arc(s) mismatch found in cell 'SLATSR_K' of timing library 'IBM_CMOS8HP_SS125(LIB_ss_125)' and 'IBM_CMOS8HP_FF55(LIB_ff_-55)'.
**WARN: (IMPTS-419):	Timing arc(s) mismatch found in cell 'SLATSR_K' of timing library 'IBM_CMOS8HP_SS125(LIB_ss_125)' and 'IBM_CMOS8HP_FF55(LIB_ff_-55)'.
**WARN: (IMPTS-419):	Timing arc(s) mismatch found in cell 'SLATSR_H' of timing library 'IBM_CMOS8HP_SS125(LIB_ss_125)' and 'IBM_CMOS8HP_FF55(LIB_ff_-55)'.
**WARN: (IMPTS-419):	Timing arc(s) mismatch found in cell 'SLATSR_H' of timing library 'IBM_CMOS8HP_SS125(LIB_ss_125)' and 'IBM_CMOS8HP_FF55(LIB_ff_-55)'.
**WARN: (IMPTS-419):	Timing arc(s) mismatch found in cell 'SLATSR_H' of timing library 'IBM_CMOS8HP_SS125(LIB_ss_125)' and 'IBM_CMOS8HP_FF55(LIB_ff_-55)'.
**WARN: (EMS-27):	Message (IMPTS-419) has exceeded the current message display limit of 20.
To increase the message display limit, refer to the product command reference manual.
Hooked 716 DB cells to tlib cells.
**WARN: (IMPDB-2504):	Cell 'key_expand' is instantiated in the Verilog netlist, but it is not defined in the library or design data.  Its pin directions may be derived incorrectly.  Provide the cell definition or its pin information in the library or design data and reload the design to avoid potential issues.
**WARN: (IMPDB-2504):	Cell 'final_round' is instantiated in the Verilog netlist, but it is not defined in the library or design data.  Its pin directions may be derived incorrectly.  Provide the cell definition or its pin information in the library or design data and reload the design to avoid potential issues.
**WARN: (IMPDB-2504):	Cell 'round' is instantiated in the Verilog netlist, but it is not defined in the library or design data.  Its pin directions may be derived incorrectly.  Provide the cell definition or its pin information in the library or design data and reload the design to avoid potential issues.
3 empty module found.
Starting recursive module instantiation check.
No recursion found.
Term dir updated for 0 vinsts of 3 cells.
Building hierarchical netlist for Cell AES ...
*** Netlist is unique.
** info: there are 724 modules.
** info: there are 6685 stdCell insts.

*** Memory Usage v#1 (Current mem = 638.566M, initial mem = 251.676M) ***
**WARN: (IMPFP-3961):	The techSite 'GACORE' has no related standard cells in LEF/OA library. Cannot make calculations for this site type unless standard cell models of this type exist in the LEF/OA library. If the SITE is not used by the library you can ignore this warning or remove the SITE definition from the LEF/OA to avoid this message.
Type 'man IMPFP-3961' for more detail.
Set Default Net Delay as 1000 ps.
Set Default Net Load as 0.5 pF. 
Set Default Input Pin Transition as 0.1 ps.
Extraction setup Started 
Initializing multi-corner RC extraction with 2 active RC Corners ...
**WARN: (IMPEXT-6202):	In addition to the technology file, the capacitance table file is specified for all the RC corners. If the technology file  is already specified for all the RC corners, the capacitance table file is not required for preRoute and postRoute extraction. In a new session, the capacitance table files can be removed from the create_rc_corner command to enable the technology file to be used for preRoute and postRoute (effort level medium/high/signoff) extraction engines.
Type 'man IMPEXT-6202' for more detail.
Reading Capacitance Table File /apps/design_kits/ibm_kits/IBM_DIG_FLOW/cmos8hp/cadence/v.20110204/captable/cmos8hp_7AM_41_FuncCmax.CapTbl ...
Cap table was created using Encounter 10.10-p003_1.
Process name: cmos8hp_7AM_41_FuncCmax.
**WARN: (IMPEXT-2760):	Layer M6 specified in the cap table is ignored because it is greater than the maximum number of layers, 5, specified in the technology LEF file. Check the cap table for the invalid layer specification.
**WARN: (IMPEXT-2760):	Layer M7 specified in the cap table is ignored because it is greater than the maximum number of layers, 5, specified in the technology LEF file. Check the cap table for the invalid layer specification.
**WARN: (IMPEXT-2771):	Via VY specified in the cap table is ignored because its top layer, M6, is greater than the maximum number of layers, 5, specified in the technology LEF file. Check the cap table for the invalid layer specification.
**WARN: (IMPEXT-2771):	Via AV specified in the cap table is ignored because its top layer, M7, is greater than the maximum number of layers, 5, specified in the technology LEF file. Check the cap table for the invalid layer specification.
**WARN: (IMPEXT-2710):	Basic Cap table for layer M6 is ignored because the layer is not specified in the technology LEF file.
Reading Capacitance Table File /apps/design_kits/ibm_kits/IBM_DIG_FLOW/cmos8hp/cadence/v.20110204/captable/cmos8hp_7AM_41_FuncCmin.CapTbl ...
Cap table was created using Encounter 09.12-s159_1.
Process name: cmos8hp_7AM_41_FuncCmin.
**WARN: (IMPEXT-2760):	Layer M6 specified in the cap table is ignored because it is greater than the maximum number of layers, 5, specified in the technology LEF file. Check the cap table for the invalid layer specification.
**WARN: (IMPEXT-2760):	Layer M7 specified in the cap table is ignored because it is greater than the maximum number of layers, 5, specified in the technology LEF file. Check the cap table for the invalid layer specification.
**WARN: (IMPEXT-2771):	Via VY specified in the cap table is ignored because its top layer, M6, is greater than the maximum number of layers, 5, specified in the technology LEF file. Check the cap table for the invalid layer specification.
**WARN: (IMPEXT-2771):	Via AV specified in the cap table is ignored because its top layer, M7, is greater than the maximum number of layers, 5, specified in the technology LEF file. Check the cap table for the invalid layer specification.
**WARN: (IMPEXT-2710):	Basic Cap table for layer M6 is ignored because the layer is not specified in the technology LEF file.
#WARNING (NRDB-21) The number of routing layer 5 in the database does not match with the value of 7 in the Extended Cap Table file.
#WARNING (NRDB-21) The number of routing layer 5 in the database does not match with the value of 7 in the Extended Cap Table file.
Importing multi-corner RC tables ... 
Summary of Active RC-Corners : 
 
 Analysis View: VIEW_ss_125
    RC-Corner Name        : RC_max
    RC-Corner Index       : 0
    RC-Corner Temperature : 25 Celsius
    RC-Corner Cap Table   : '/apps/design_kits/ibm_kits/IBM_DIG_FLOW/cmos8hp/cadence/v.20110204/captable/cmos8hp_7AM_41_FuncCmax.CapTbl'
    RC-Corner PreRoute Res Factor         : 1
    RC-Corner PreRoute Cap Factor         : 1
    RC-Corner PostRoute Res Factor        : 1 {1 1 1}
    RC-Corner PostRoute Cap Factor        : 1 {1 1 1}
    RC-Corner PostRoute XCap Factor       : 1 {1 1 1}
    RC-Corner PreRoute Clock Res Factor   : 1	[Derived from postRoute_res (effortLevel low)]
    RC-Corner PreRoute Clock Cap Factor   : 1	[Derived from postRoute_cap (effortLevel low)]
    RC-Corner PostRoute Clock Cap Factor  : 1 {1 1 1} 	[Derived from postRoute_cap (effortLevel low)]
    RC-Corner PostRoute Clock Res Factor  : 1 {1 1 1} 	[Derived from postRoute_res (effortLevel low)]
    RC-Corner Technology file: '/apps/design_kits/ibm_kits/IBM_DIG_FLOW/cmos8hp/cadence/v.20110204/tch/cmos8hp_7AM_41_FuncCmax.tch'
 
 Analysis View: VIEW_ff_-55
    RC-Corner Name        : RC_min
    RC-Corner Index       : 1
    RC-Corner Temperature : 25 Celsius
    RC-Corner Cap Table   : '/apps/design_kits/ibm_kits/IBM_DIG_FLOW/cmos8hp/cadence/v.20110204/captable/cmos8hp_7AM_41_FuncCmin.CapTbl'
    RC-Corner PreRoute Res Factor         : 1
    RC-Corner PreRoute Cap Factor         : 1
    RC-Corner PostRoute Res Factor        : 1 {1 1 1}
    RC-Corner PostRoute Cap Factor        : 1 {1 1 1}
    RC-Corner PostRoute XCap Factor       : 1 {1 1 1}
    RC-Corner PreRoute Clock Res Factor   : 1	[Derived from postRoute_res (effortLevel low)]
    RC-Corner PreRoute Clock Cap Factor   : 1	[Derived from postRoute_cap (effortLevel low)]
    RC-Corner PostRoute Clock Cap Factor  : 1 {1 1 1} 	[Derived from postRoute_cap (effortLevel low)]
    RC-Corner PostRoute Clock Res Factor  : 1 {1 1 1} 	[Derived from postRoute_res (effortLevel low)]
    RC-Corner Technology file: '/apps/design_kits/ibm_kits/IBM_DIG_FLOW/cmos8hp/cadence/v.20110204/tch/cmos8hp_7AM_41_FuncCmax.tch'
Updating RC grid for preRoute extraction ...
Initializing multi-corner capacitance tables ... 
Initializing multi-corner resistance tables ...
Creating RPSQ from WeeR and WRes ...
Creating RPSQ from WeeR and WRes ...
*Info: initialize multi-corner CTS.
Reading timing constraints file '../../synthesis/netlists/AES.sdc' ...
Current (total cpu=0:00:28.7, real=0:02:12, peak res=642.7M, current mem=642.7M)
**WARN: (TCLCMD-1461):	Skipped unsupported command: set_units (File ../../synthesis/netlists/AES.sdc, Line 8).

**WARN: (TCLCMD-1142):	Virtual clock 'v_clk' is being created with no source objects. (File ../../synthesis/netlists/AES.sdc, Line 407).

INFO (CTE): Reading of timing constraints file ../../synthesis/netlists/AES.sdc completed, with 2 WARNING
Ending "Constraint file reading stats" (total cpu=0:00:00.1, real=0:00:00.0, peak res=660.0M, current mem=660.0M)
Current (total cpu=0:00:28.8, real=0:02:12, peak res=660.0M, current mem=660.0M)
Total number of combinational cells: 328
Total number of sequential cells: 30
Total number of tristate cells: 0
Total number of level shifter cells: 0
Total number of power gating cells: 0
Total number of isolation cells: 0
Total number of power switch cells: 0
Total number of pulse generator cells: 0
Total number of always on buffers: 0
Total number of retention cells: 0
List of usable buffers: BUFFER_C BUFFER_E BUFFER_D BUFFER_H BUFFER_F BUFFER_J BUFFER_I BUFFER_L BUFFER_K BUFFER_M BUFFER_N BUFFER_O
Total number of usable buffers: 12
List of unusable buffers: CLK_I CLK_K CLK_M CLK_O CLK_Q
Total number of unusable buffers: 5
List of usable inverters: INVERT_A INVERT_B INVERT_C INVERT_D INVERT_E INVERT_H INVERT_F INVERT_I INVERT_J INVERT_K INVERT_L INVERT_M INVERT_N INVERT_O
Total number of usable inverters: 14
List of unusable inverters: CLKI_I CLKI_K CLKI_M CLKI_O CLKI_Q INVERTBAL_E INVERTBAL_H INVERTBAL_J INVERTBAL_L
Total number of unusable inverters: 9
List of identified usable delay cells:
Total number of identified usable delay cells: 0
List of identified unusable delay cells: DELAY4_C DELAY4_J DELAY4_F DELAY6_C DELAY6_F DELAY6_M DELAY6_J
Total number of identified unusable delay cells: 7
All delay cells are dont_use. Buffers will be used to fix hold violations.

*** Summary of all messages that are not suppressed in this session:
Severity  ID               Count  Summary                                  
WARNING   IMPLF-200            2  Pin '%s' in macro '%s' has no ANTENNAGAT...
WARNING   IMPFP-3961           1  The techSite '%s' has no related standar...
WARNING   IMPTS-419          252  Timing arc(s) mismatch found in cell '%s...
WARNING   IMPEXT-6202          1  In addition to the technology file, the ...
WARNING   IMPEXT-2710          2  Basic Cap table for layer M%d is ignored...
WARNING   IMPEXT-2760          4  Layer M%d specified in the cap table is ...
WARNING   IMPEXT-2771          4  Via %s specified in the cap table is ign...
WARNING   IMPVL-346            3  Module '%s' is instantiated in the netli...
WARNING   IMPVL-159          716  Pin '%s' of cell '%s' is defined in LEF ...
WARNING   IMPDB-2504           3  Cell '%s' is instantiated in the Verilog...
WARNING   TCLCMD-1142          1  Virtual clock '%s' is being created with...
WARNING   TCLCMD-1461          1  Skipped unsupported command: %s          
WARNING   TECHLIB-436         20  Attribute '%s' on '%s' pin '%s' of cell ...
*** Message Summary: 1010 warning(s), 0 error(s)

<CMD> saveDesign saves/AES_init_design
#% Begin save design ... (date=03/23 21:32:35, mem=682.0M)
% Begin Save ccopt configuration ... (date=03/23 21:32:35, mem=682.0M)
% End Save ccopt configuration ... (date=03/23 21:32:35, total cpu=0:00:00.0, real=0:00:00.0, peak res=682.8M, current mem=682.8M)
% Begin Save netlist data ... (date=03/23 21:32:35, mem=682.8M)
Writing Binary DB to saves/AES_init_design.dat/AES.v.bin in single-threaded mode...
% End Save netlist data ... (date=03/23 21:32:35, total cpu=0:00:00.0, real=0:00:01.0, peak res=684.2M, current mem=684.2M)
Saving congestion map file saves/AES_init_design.dat/AES.route.congmap.gz ...
% Begin Save AAE data ... (date=03/23 21:32:36, mem=685.0M)
Saving AAE Data ...
% End Save AAE data ... (date=03/23 21:32:36, total cpu=0:00:00.0, real=0:00:00.0, peak res=685.0M, current mem=685.0M)
% Begin Save clock tree data ... (date=03/23 21:32:36, mem=686.5M)
% End Save clock tree data ... (date=03/23 21:32:36, total cpu=0:00:00.0, real=0:00:00.0, peak res=686.5M, current mem=686.5M)
Saving preference file saves/AES_init_design.dat/gui.pref.tcl ...
Saving mode setting ...
Saving global file ...
% Begin Save floorplan data ... (date=03/23 21:32:36, mem=686.8M)
Saving floorplan file ...
% End Save floorplan data ... (date=03/23 21:32:36, total cpu=0:00:00.0, real=0:00:00.0, peak res=687.4M, current mem=687.4M)
Saving Drc markers ...
... No Drc file written since there is no markers found.
% Begin Save placement data ... (date=03/23 21:32:36, mem=687.5M)
** Saving stdCellPlacement_binary (version# 2) ...
% End Save placement data ... (date=03/23 21:32:36, total cpu=0:00:00.0, real=0:00:00.0, peak res=687.7M, current mem=687.7M)
% Begin Save routing data ... (date=03/23 21:32:36, mem=687.7M)
Saving route file ...
*** Completed saveRoute (cpu=0:00:00.0 real=0:00:00.0 mem=820.5M) ***
% End Save routing data ... (date=03/23 21:32:36, total cpu=0:00:00.0, real=0:00:00.0, peak res=692.0M, current mem=692.0M)
Saving property file saves/AES_init_design.dat/AES.prop
*** Completed saveProperty (cpu=0:00:00.0 real=0:00:01.0 mem=820.5M) ***
% Begin Save power constraints data ... (date=03/23 21:32:37, mem=692.5M)
% End Save power constraints data ... (date=03/23 21:32:37, total cpu=0:00:00.0, real=0:00:00.0, peak res=692.6M, current mem=692.6M)
RC_min RC_max
RC_min RC_max
RC_min RC_max
RC_min RC_max
RC_min RC_max
Generated self-contained design AES_init_design.dat
#% End save design ... (date=03/23 21:32:37, total cpu=0:00:00.5, real=0:00:02.0, peak res=694.1M, current mem=694.1M)
*** Message Summary: 0 warning(s), 0 error(s)

<CMD> getIoFlowFlag
<CMD> setIoFlowFlag 0
<CMD> floorPlan -site CORE -r 0.989711759204 0.25 15.0 15.0 15.0 15.0
**WARN: (IMPFP-325):	Floorplan of the design is resized. All current floorplan objects are automatically derived based on specified new floorplan. This may change blocks, fixed standard cells, existing routes and blockages.
<CMD> uiSetTool select
<CMD> getIoFlowFlag
<CMD> fit
<CMD> setIoFlowFlag 0
<CMD> floorPlan -site CORE -r 0.985801217039 0.249972 15.2 15.2 15.2 15.2
**WARN: (IMPFP-325):	Floorplan of the design is resized. All current floorplan objects are automatically derived based on specified new floorplan. This may change blocks, fixed standard cells, existing routes and blockages.
<CMD> uiSetTool select
<CMD> getIoFlowFlag
<CMD> fit
<CMD> setIoFlowFlag 0
<CMD> floorPlan -site CORE -r 0.973299748111 0.249877 15.2 15.2 15.2 15.2
<CMD> uiSetTool select
<CMD> getIoFlowFlag
<CMD> fit
<CMD> set sprCreateIeRingOffset 1.0
<CMD> set sprCreateIeRingThreshold 1.0
<CMD> set sprCreateIeRingJogDistance 1.0
<CMD> set sprCreateIeRingLayers {}
<CMD> set sprCreateIeRingOffset 1.0
<CMD> set sprCreateIeRingThreshold 1.0
<CMD> set sprCreateIeRingJogDistance 1.0
<CMD> set sprCreateIeRingLayers {}
<CMD> set sprCreateIeStripeWidth 10.0
<CMD> set sprCreateIeStripeThreshold 1.0
<CMD> set sprCreateIeStripeWidth 10.0
<CMD> set sprCreateIeStripeThreshold 1.0
<CMD> set sprCreateIeRingOffset 1.0
<CMD> set sprCreateIeRingThreshold 1.0
<CMD> set sprCreateIeRingJogDistance 1.0
<CMD> set sprCreateIeRingLayers {}
<CMD> set sprCreateIeStripeWidth 10.0
<CMD> set sprCreateIeStripeThreshold 1.0
<CMD> setAddRingMode -ring_target default -extend_over_row 0 -ignore_rows 0 -avoid_short 0 -skip_crossing_trunks none -stacked_via_top_layer MQ -stacked_via_bottom_layer M1 -via_using_exact_crossover_size 1 -orthogonal_only true -skip_via_on_pin {  standardcell } -skip_via_on_wire_shape {  noshape }
The ring targets are set to core/block ring wires.
addRing command will consider rows while creating rings.
addRing command will disallow rings to go over rows.
addRing command will ignore shorts while creating rings.
<CMD> addRing -nets {GND VDD} -type core_rings -follow core -layer {top MQ bottom MQ left M4 right M4} -width {top 5 bottom 5 left 5 right 5} -spacing {top 1.8 bottom 1.8 left 1.8 right 1.8} -offset {top 1.8 bottom 1.8 left 1.8 right 1.8} -center 0 -extend_corner {} -threshold 0 -jog_distance 0 -snap_wire_center_to_grid None

Ring generation is complete.
vias are now being generated.
addRing created 8 wires.
ViaGen created 8 vias, deleted 0 via to avoid violation.
+--------+----------------+----------------+
|  Layer |     Created    |     Deleted    |
+--------+----------------+----------------+
|   M4   |        4       |       NA       |
|   VL   |        8       |        0       |
|   MQ   |        4       |       NA       |
+--------+----------------+----------------+
<CMD> setAddRingMode -ring_target default -extend_over_row 0 -ignore_rows 0 -avoid_short 0 -skip_crossing_trunks none -stacked_via_top_layer MQ -stacked_via_bottom_layer M1 -via_using_exact_crossover_size 1 -orthogonal_only true -skip_via_on_pin {  standardcell } -skip_via_on_wire_shape {  noshape }
The ring targets are set to core/block ring wires.
addRing command will consider rows while creating rings.
addRing command will disallow rings to go over rows.
addRing command will ignore shorts while creating rings.
<CMD> addRing -nets {GND VDD} -type core_rings -follow core -layer {top MQ bottom MQ left M4 right M4} -width {top 5 bottom 5 left 5 right 5} -spacing {top 1.8 bottom 1.8 left 1.8 right 1.8} -offset {top 1.8 bottom 1.8 left 1.8 right 1.8} -center 0 -extend_corner {} -threshold 0 -jog_distance 0 -snap_wire_center_to_grid None

Ring generation is complete.
<CMD> set sprCreateIeRingOffset 1.0
<CMD> set sprCreateIeRingThreshold 1.0
<CMD> set sprCreateIeRingJogDistance 1.0
<CMD> set sprCreateIeRingLayers {}
<CMD> set sprCreateIeRingOffset 1.0
<CMD> set sprCreateIeRingThreshold 1.0
<CMD> set sprCreateIeRingJogDistance 1.0
<CMD> set sprCreateIeRingLayers {}
<CMD> set sprCreateIeStripeWidth 10.0
<CMD> set sprCreateIeStripeThreshold 1.0
<CMD> set sprCreateIeStripeWidth 10.0
<CMD> set sprCreateIeStripeThreshold 1.0
<CMD> set sprCreateIeRingOffset 1.0
<CMD> set sprCreateIeRingThreshold 1.0
<CMD> set sprCreateIeRingJogDistance 1.0
<CMD> set sprCreateIeRingLayers {}
<CMD> set sprCreateIeStripeWidth 10.0
<CMD> set sprCreateIeStripeThreshold 1.0
<CMD> setAddStripeMode -ignore_block_check false -break_at none -route_over_rows_only false -rows_without_stripes_only false -extend_to_closest_target none -stop_at_last_wire_for_area false -partial_set_thru_domain false -ignore_nondefault_domains false -trim_antenna_back_to_shape none -spacing_type edge_to_edge -spacing_from_block 0 -stripe_min_length stripe_width -stacked_via_top_layer MQ -stacked_via_bottom_layer M1 -via_using_exact_crossover_size false -split_vias false -orthogonal_only true -allow_jog { padcore_ring  block_ring } -skip_via_on_pin {  standardcell } -skip_via_on_wire_shape {  noshape   }
addStripe will allow jog to connect padcore ring and block ring.

Stripes will stop at the boundary of the specified area.
When breaking rings, the power planner will consider the existence of blocks.
Stripes will not extend to closest target.
The power planner will set stripe antenna targets to none (no trimming allowed).
Stripes will not be created over regions without power planning wires.
The entire stripe set will break at the domain if one of the nets is not in the domain.
addStripe will break automatically at non-default domains when generating global stripes over the core area or default domain.
Offset for stripe breaking is set to 0.
<CMD> addStripe -nets {GND VDD} -layer M4 -direction vertical -width 5 -spacing 0.36 -set_to_set_distance 100 -start_from left -start_offset 65 -stop_offset 70 -switch_layer_over_obs false -max_same_layer_jog_length 2 -padcore_ring_top_layer_limit MQ -padcore_ring_bottom_layer_limit M1 -block_ring_top_layer_limit MQ -block_ring_bottom_layer_limit M1 -use_wire_group 0 -snap_wire_center_to_grid None

**WARN: (IMPPP-193):	The currently specified  spacing 0.3600 in -spacing option might create min enclosed area violation. The required min enclosed area for layer M4 is 0.3660. If violation happens, increase the spacing to around 0.6550. The recommended spacing is the square root of min enclosure area.
Starting stripe generation ...
Non-Default Mode Option Settings :
  NONE
Stripe generation is complete.
vias are now being generated.
addStripe created 14 wires.
ViaGen created 28 vias, deleted 0 via to avoid violation.
+--------+----------------+----------------+
|  Layer |     Created    |     Deleted    |
+--------+----------------+----------------+
|   M4   |       14       |       NA       |
|   VL   |       28       |        0       |
+--------+----------------+----------------+
<CMD> setAddStripeMode -ignore_block_check false -break_at none -route_over_rows_only false -rows_without_stripes_only false -extend_to_closest_target none -stop_at_last_wire_for_area false -partial_set_thru_domain false -ignore_nondefault_domains false -trim_antenna_back_to_shape none -spacing_type edge_to_edge -spacing_from_block 0 -stripe_min_length stripe_width -stacked_via_top_layer MQ -stacked_via_bottom_layer M1 -via_using_exact_crossover_size false -split_vias false -orthogonal_only true -allow_jog { padcore_ring  block_ring } -skip_via_on_pin {  standardcell } -skip_via_on_wire_shape {  noshape   }
addStripe will allow jog to connect padcore ring and block ring.

Stripes will stop at the boundary of the specified area.
When breaking rings, the power planner will consider the existence of blocks.
Stripes will not extend to closest target.
The power planner will set stripe antenna targets to none (no trimming allowed).
Stripes will not be created over regions without power planning wires.
The entire stripe set will break at the domain if one of the nets is not in the domain.
addStripe will break automatically at non-default domains when generating global stripes over the core area or default domain.
Offset for stripe breaking is set to 0.
<CMD> addStripe -nets {GND VDD} -layer M4 -direction vertical -width 5 -spacing 0.36 -set_to_set_distance 100 -start_from top -start_offset 65 -stop_offset 70 -switch_layer_over_obs false -max_same_layer_jog_length 2 -padcore_ring_top_layer_limit MQ -padcore_ring_bottom_layer_limit M1 -block_ring_top_layer_limit MQ -block_ring_bottom_layer_limit M1 -use_wire_group 0 -snap_wire_center_to_grid None

**WARN: (IMPPP-193):	The currently specified  spacing 0.3600 in -spacing option might create min enclosed area violation. The required min enclosed area for layer M4 is 0.3660. If violation happens, increase the spacing to around 0.6550. The recommended spacing is the square root of min enclosure area.
Starting stripe generation ...
Non-Default Mode Option Settings :
  -trim_antenna_max_distance  0.00
**WARN: (IMPPP-170):	The power planner failed to create a wire at (82.70, 8.40) (82.70, 794.80) because same wire already exists.
**WARN: (IMPPP-170):	The power planner failed to create a wire at (182.70, 8.40) (182.70, 794.80) because same wire already exists.
**WARN: (IMPPP-170):	The power planner failed to create a wire at (282.70, 8.40) (282.70, 794.80) because same wire already exists.
**WARN: (IMPPP-170):	The power planner failed to create a wire at (382.70, 8.40) (382.70, 794.80) because same wire already exists.
**WARN: (IMPPP-170):	The power planner failed to create a wire at (482.70, 8.40) (482.70, 794.80) because same wire already exists.
**WARN: (IMPPP-170):	The power planner failed to create a wire at (582.70, 8.40) (582.70, 794.80) because same wire already exists.
**WARN: (IMPPP-170):	The power planner failed to create a wire at (682.70, 8.40) (682.70, 794.80) because same wire already exists.
**WARN: (IMPPP-170):	The power planner failed to create a wire at (88.06, 1.60) (88.06, 801.60) because same wire already exists.
**WARN: (IMPPP-170):	The power planner failed to create a wire at (188.06, 1.60) (188.06, 801.60) because same wire already exists.
**WARN: (IMPPP-170):	The power planner failed to create a wire at (288.06, 1.60) (288.06, 801.60) because same wire already exists.
**WARN: (IMPPP-170):	The power planner failed to create a wire at (388.06, 1.60) (388.06, 801.60) because same wire already exists.
**WARN: (IMPPP-170):	The power planner failed to create a wire at (488.06, 1.60) (488.06, 801.60) because same wire already exists.
**WARN: (IMPPP-170):	The power planner failed to create a wire at (588.06, 1.60) (588.06, 801.60) because same wire already exists.
**WARN: (IMPPP-170):	The power planner failed to create a wire at (688.06, 1.60) (688.06, 801.60) because same wire already exists.
Stripe generation is complete.
<CMD> setAddStripeMode -ignore_block_check false -break_at none -route_over_rows_only false -rows_without_stripes_only false -extend_to_closest_target none -stop_at_last_wire_for_area false -partial_set_thru_domain false -ignore_nondefault_domains false -trim_antenna_back_to_shape none -spacing_type edge_to_edge -spacing_from_block 0 -stripe_min_length stripe_width -stacked_via_top_layer MQ -stacked_via_bottom_layer M1 -via_using_exact_crossover_size false -split_vias false -orthogonal_only true -allow_jog { padcore_ring  block_ring } -skip_via_on_pin {  standardcell } -skip_via_on_wire_shape {  noshape   }
addStripe will allow jog to connect padcore ring and block ring.

Stripes will stop at the boundary of the specified area.
When breaking rings, the power planner will consider the existence of blocks.
Stripes will not extend to closest target.
The power planner will set stripe antenna targets to none (no trimming allowed).
Stripes will not be created over regions without power planning wires.
The entire stripe set will break at the domain if one of the nets is not in the domain.
addStripe will break automatically at non-default domains when generating global stripes over the core area or default domain.
Offset for stripe breaking is set to 0.
<CMD> addStripe -nets {GND VDD} -layer M4 -direction vertical -width 5 -spacing 0.36 -set_to_set_distance 100 -start_from top -start_offset 65 -stop_offset 70 -switch_layer_over_obs false -max_same_layer_jog_length 2 -padcore_ring_top_layer_limit MQ -padcore_ring_bottom_layer_limit M1 -block_ring_top_layer_limit MQ -block_ring_bottom_layer_limit M1 -use_wire_group 0 -snap_wire_center_to_grid None

**WARN: (IMPPP-193):	The currently specified  spacing 0.3600 in -spacing option might create min enclosed area violation. The required min enclosed area for layer M4 is 0.3660. If violation happens, increase the spacing to around 0.6550. The recommended spacing is the square root of min enclosure area.
Starting stripe generation ...
Non-Default Mode Option Settings :
  -trim_antenna_max_distance  0.00
**WARN: (IMPPP-170):	The power planner failed to create a wire at (82.70, 8.40) (82.70, 794.80) because same wire already exists.
**WARN: (IMPPP-170):	The power planner failed to create a wire at (182.70, 8.40) (182.70, 794.80) because same wire already exists.
**WARN: (IMPPP-170):	The power planner failed to create a wire at (282.70, 8.40) (282.70, 794.80) because same wire already exists.
**WARN: (IMPPP-170):	The power planner failed to create a wire at (382.70, 8.40) (382.70, 794.80) because same wire already exists.
**WARN: (IMPPP-170):	The power planner failed to create a wire at (482.70, 8.40) (482.70, 794.80) because same wire already exists.
**WARN: (IMPPP-170):	The power planner failed to create a wire at (582.70, 8.40) (582.70, 794.80) because same wire already exists.
**WARN: (IMPPP-170):	The power planner failed to create a wire at (682.70, 8.40) (682.70, 794.80) because same wire already exists.
**WARN: (IMPPP-170):	The power planner failed to create a wire at (88.06, 1.60) (88.06, 801.60) because same wire already exists.
**WARN: (IMPPP-170):	The power planner failed to create a wire at (188.06, 1.60) (188.06, 801.60) because same wire already exists.
**WARN: (IMPPP-170):	The power planner failed to create a wire at (288.06, 1.60) (288.06, 801.60) because same wire already exists.
**WARN: (IMPPP-170):	The power planner failed to create a wire at (388.06, 1.60) (388.06, 801.60) because same wire already exists.
**WARN: (IMPPP-170):	The power planner failed to create a wire at (488.06, 1.60) (488.06, 801.60) because same wire already exists.
**WARN: (IMPPP-170):	The power planner failed to create a wire at (588.06, 1.60) (588.06, 801.60) because same wire already exists.
**WARN: (IMPPP-170):	The power planner failed to create a wire at (688.06, 1.60) (688.06, 801.60) because same wire already exists.
Stripe generation is complete.
<CMD> selectWire 85.5600 1.6000 90.5600 801.6000 4 VDD
<CMD> deselectAll
<CMD> selectWire 85.5600 1.6000 90.5600 801.6000 4 VDD
<CMD> deselectAll
<CMD> selectWire 85.5600 1.6000 90.5600 801.6000 4 VDD
<CMD> gui_select -rect {62.323 498.463 696.944 468.402}
<CMD> gui_select -rect {696.944 468.402 678.574 475.082}
<CMD> deselectAll
<CMD> setAddStripeMode -ignore_block_check false -break_at none -route_over_rows_only false -rows_without_stripes_only false -extend_to_closest_target none -stop_at_last_wire_for_area false -partial_set_thru_domain false -ignore_nondefault_domains false -trim_antenna_back_to_shape none -spacing_type edge_to_edge -spacing_from_block 0 -stripe_min_length stripe_width -stacked_via_top_layer MQ -stacked_via_bottom_layer M1 -via_using_exact_crossover_size false -split_vias false -orthogonal_only true -allow_jog { padcore_ring  block_ring } -skip_via_on_pin {  standardcell } -skip_via_on_wire_shape {  noshape   }
addStripe will allow jog to connect padcore ring and block ring.

Stripes will stop at the boundary of the specified area.
When breaking rings, the power planner will consider the existence of blocks.
Stripes will not extend to closest target.
The power planner will set stripe antenna targets to none (no trimming allowed).
Stripes will not be created over regions without power planning wires.
The entire stripe set will break at the domain if one of the nets is not in the domain.
addStripe will break automatically at non-default domains when generating global stripes over the core area or default domain.
Offset for stripe breaking is set to 0.
<CMD> addStripe -nets {GND VDD} -layer M4 -direction vertical -width 5 -spacing 0.36 -set_to_set_distance 100 -start_from right -start 65 -stop 70 -switch_layer_over_obs false -max_same_layer_jog_length 2 -padcore_ring_top_layer_limit MQ -padcore_ring_bottom_layer_limit M1 -block_ring_top_layer_limit MQ -block_ring_bottom_layer_limit M1 -use_wire_group 0 -snap_wire_center_to_grid None

**WARN: (IMPPP-193):	The currently specified  spacing 0.3600 in -spacing option might create min enclosed area violation. The required min enclosed area for layer M4 is 0.3660. If violation happens, increase the spacing to around 0.6550. The recommended spacing is the square root of min enclosure area.
Starting stripe generation ...
Non-Default Mode Option Settings :
  -trim_antenna_max_distance  0.00
Stripe generation is complete.
vias are now being generated.
addStripe created 1 wire.
ViaGen created 2 vias, deleted 0 via to avoid violation.
+--------+----------------+----------------+
|  Layer |     Created    |     Deleted    |
+--------+----------------+----------------+
|   M4   |        1       |       NA       |
|   VL   |        2       |        0       |
+--------+----------------+----------------+
<CMD> gui_select -rect {42.283 687.179 708.635 586.976}
<CMD> gui_select -rect {708.635 586.976 72.344 642.087}
**ERROR: (IMPSYT-6000):	No Object Selected.
<CMD> selectWire 685.5600 1.6000 690.5600 801.6000 4 VDD
<CMD> deleteSelectedFromFPlan
<CMD> selectWire 680.2000 8.4000 685.2000 794.8000 4 GND
<CMD> deleteSelectedFromFPlan
<CMD> selectWire 585.5600 1.6000 590.5600 801.6000 4 VDD
<CMD> deselectAll
<CMD> selectWire 585.5600 1.6000 590.5600 801.6000 4 VDD
<CMD> deleteSelectedFromFPlan
<CMD> selectWire 580.2000 8.4000 585.2000 794.8000 4 GND
<CMD> deleteSelectedFromFPlan
<CMD> selectWire 480.2000 8.4000 485.2000 794.8000 4 GND
<CMD> deleteSelectedFromFPlan
<CMD> selectWire 485.5600 1.6000 490.5600 801.6000 4 VDD
<CMD> deleteSelectedFromFPlan
<CMD> selectWire 385.5600 1.6000 390.5600 801.6000 4 VDD
<CMD> deleteSelectedFromFPlan
<CMD> selectWire 380.2000 8.4000 385.2000 794.8000 4 GND
<CMD> deleteSelectedFromFPlan
<CMD> selectWire 285.5600 1.6000 290.5600 801.6000 4 VDD
<CMD> deleteSelectedFromFPlan
<CMD> selectWire 280.2000 8.4000 285.2000 794.8000 4 GND
<CMD> deleteSelectedFromFPlan
<CMD> gui_select -rect {230.999 545.224 100.735 586.976}
<CMD> selectWire 185.5600 1.6000 190.5600 801.6000 4 VDD
<CMD> selectWire 185.5600 1.6000 190.5600 801.6000 4 VDD
<CMD> deleteSelectedFromFPlan
<CMD> selectWire 180.2000 8.4000 185.2000 794.8000 4 GND
<CMD> deleteSelectedFromFPlan
<CMD> selectWire 85.5600 1.6000 90.5600 801.6000 4 VDD
<CMD> deselectAll
<CMD> selectWire 85.5600 1.6000 90.5600 801.6000 4 VDD
<CMD> deleteSelectedFromFPlan
<CMD> selectWire 80.2000 8.4000 85.2000 794.8000 4 GND
<CMD> deleteSelectedFromFPlan
<CMD> selectWire 65.0000 8.4000 70.0000 794.8000 4 GND
<CMD> deleteSelectedFromFPlan
<CMD> setAddStripeMode -ignore_block_check false -break_at none -route_over_rows_only false -rows_without_stripes_only false -extend_to_closest_target none -stop_at_last_wire_for_area false -partial_set_thru_domain false -ignore_nondefault_domains false -trim_antenna_back_to_shape none -spacing_type edge_to_edge -spacing_from_block 0 -stripe_min_length stripe_width -stacked_via_top_layer MQ -stacked_via_bottom_layer M1 -via_using_exact_crossover_size false -split_vias false -orthogonal_only true -allow_jog { padcore_ring  block_ring } -skip_via_on_pin {  standardcell } -skip_via_on_wire_shape {  noshape   }
addStripe will allow jog to connect padcore ring and block ring.

Stripes will stop at the boundary of the specified area.
When breaking rings, the power planner will consider the existence of blocks.
Stripes will not extend to closest target.
The power planner will set stripe antenna targets to none (no trimming allowed).
Stripes will not be created over regions without power planning wires.
The entire stripe set will break at the domain if one of the nets is not in the domain.
addStripe will break automatically at non-default domains when generating global stripes over the core area or default domain.
Offset for stripe breaking is set to 0.
<CMD> addStripe -nets {GND VDD} -layer M4 -direction vertical -width 5 -spacing 0.36 -set_to_set_distance 100 -start_from right -start 70 -stop 75 -switch_layer_over_obs false -max_same_layer_jog_length 2 -padcore_ring_top_layer_limit MQ -padcore_ring_bottom_layer_limit M1 -block_ring_top_layer_limit MQ -block_ring_bottom_layer_limit M1 -use_wire_group 0 -snap_wire_center_to_grid None

**WARN: (IMPPP-193):	The currently specified  spacing 0.3600 in -spacing option might create min enclosed area violation. The required min enclosed area for layer M4 is 0.3660. If violation happens, increase the spacing to around 0.6550. The recommended spacing is the square root of min enclosure area.
Starting stripe generation ...
Non-Default Mode Option Settings :
  -trim_antenna_max_distance  0.00
Stripe generation is complete.
vias are now being generated.
addStripe created 1 wire.
ViaGen created 2 vias, deleted 0 via to avoid violation.
+--------+----------------+----------------+
|  Layer |     Created    |     Deleted    |
+--------+----------------+----------------+
|   M4   |        1       |       NA       |
|   VL   |        2       |        0       |
+--------+----------------+----------------+
<CMD> selectWire 70.0000 8.4000 75.0000 794.8000 4 GND
<CMD> deleteSelectedFromFPlan
<CMD> setAddStripeMode -ignore_block_check false -break_at none -route_over_rows_only false -rows_without_stripes_only false -extend_to_closest_target none -stop_at_last_wire_for_area false -partial_set_thru_domain false -ignore_nondefault_domains false -trim_antenna_back_to_shape none -spacing_type edge_to_edge -spacing_from_block 0 -stripe_min_length stripe_width -stacked_via_top_layer MQ -stacked_via_bottom_layer M1 -via_using_exact_crossover_size false -split_vias false -orthogonal_only true -allow_jog { padcore_ring  block_ring } -skip_via_on_pin {  standardcell } -skip_via_on_wire_shape {  noshape   }
addStripe will allow jog to connect padcore ring and block ring.

Stripes will stop at the boundary of the specified area.
When breaking rings, the power planner will consider the existence of blocks.
Stripes will not extend to closest target.
The power planner will set stripe antenna targets to none (no trimming allowed).
Stripes will not be created over regions without power planning wires.
The entire stripe set will break at the domain if one of the nets is not in the domain.
addStripe will break automatically at non-default domains when generating global stripes over the core area or default domain.
Offset for stripe breaking is set to 0.
<CMD> addStripe -nets {GND VDD} -layer M4 -direction vertical -width 5 -spacing 0.36 -set_to_set_distance 100 -start_from right -start 390 -stop 395 -switch_layer_over_obs false -max_same_layer_jog_length 2 -padcore_ring_top_layer_limit MQ -padcore_ring_bottom_layer_limit M1 -block_ring_top_layer_limit MQ -block_ring_bottom_layer_limit M1 -use_wire_group 0 -snap_wire_center_to_grid None

**WARN: (IMPPP-193):	The currently specified  spacing 0.3600 in -spacing option might create min enclosed area violation. The required min enclosed area for layer M4 is 0.3660. If violation happens, increase the spacing to around 0.6550. The recommended spacing is the square root of min enclosure area.
Starting stripe generation ...
Non-Default Mode Option Settings :
  -trim_antenna_max_distance  0.00
Stripe generation is complete.
vias are now being generated.
addStripe created 1 wire.
ViaGen created 2 vias, deleted 0 via to avoid violation.
+--------+----------------+----------------+
|  Layer |     Created    |     Deleted    |
+--------+----------------+----------------+
|   M4   |        1       |       NA       |
|   VL   |        2       |        0       |
+--------+----------------+----------------+
<CMD> selectWire 390.0000 8.4000 395.0000 794.8000 4 GND
<CMD> deleteSelectedFromFPlan
<CMD> setAddStripeMode -ignore_block_check false -break_at none -route_over_rows_only false -rows_without_stripes_only false -extend_to_closest_target none -stop_at_last_wire_for_area false -partial_set_thru_domain false -ignore_nondefault_domains false -trim_antenna_back_to_shape none -spacing_type edge_to_edge -spacing_from_block 0 -stripe_min_length stripe_width -stacked_via_top_layer MQ -stacked_via_bottom_layer M1 -via_using_exact_crossover_size false -split_vias false -orthogonal_only true -allow_jog { padcore_ring  block_ring } -skip_via_on_pin {  standardcell } -skip_via_on_wire_shape {  noshape   }
addStripe will allow jog to connect padcore ring and block ring.

Stripes will stop at the boundary of the specified area.
When breaking rings, the power planner will consider the existence of blocks.
Stripes will not extend to closest target.
The power planner will set stripe antenna targets to none (no trimming allowed).
Stripes will not be created over regions without power planning wires.
The entire stripe set will break at the domain if one of the nets is not in the domain.
addStripe will break automatically at non-default domains when generating global stripes over the core area or default domain.
Offset for stripe breaking is set to 0.
<CMD> addStripe -nets {GND VDD} -layer M4 -direction vertical -width 5 -spacing 0.36 -set_to_set_distance 100 -start_from right -start 395 -stop 400 -switch_layer_over_obs false -max_same_layer_jog_length 2 -padcore_ring_top_layer_limit MQ -padcore_ring_bottom_layer_limit M1 -block_ring_top_layer_limit MQ -block_ring_bottom_layer_limit M1 -use_wire_group 0 -snap_wire_center_to_grid None

**WARN: (IMPPP-193):	The currently specified  spacing 0.3600 in -spacing option might create min enclosed area violation. The required min enclosed area for layer M4 is 0.3660. If violation happens, increase the spacing to around 0.6550. The recommended spacing is the square root of min enclosure area.
Starting stripe generation ...
Non-Default Mode Option Settings :
  -trim_antenna_max_distance  0.00
Stripe generation is complete.
vias are now being generated.
addStripe created 1 wire.
ViaGen created 2 vias, deleted 0 via to avoid violation.
+--------+----------------+----------------+
|  Layer |     Created    |     Deleted    |
+--------+----------------+----------------+
|   M4   |        1       |       NA       |
|   VL   |        2       |        0       |
+--------+----------------+----------------+
<CMD> selectWire 395.0000 8.4000 400.0000 794.8000 4 GND
<CMD> setAddStripeMode -ignore_block_check false -break_at none -route_over_rows_only false -rows_without_stripes_only false -extend_to_closest_target none -stop_at_last_wire_for_area false -partial_set_thru_domain false -ignore_nondefault_domains false -trim_antenna_back_to_shape none -spacing_type edge_to_edge -spacing_from_block 0 -stripe_min_length stripe_width -stacked_via_top_layer MQ -stacked_via_bottom_layer M1 -via_using_exact_crossover_size false -split_vias false -orthogonal_only true -allow_jog { padcore_ring  block_ring } -skip_via_on_pin {  standardcell } -skip_via_on_wire_shape {  noshape   }
addStripe will allow jog to connect padcore ring and block ring.

Stripes will stop at the boundary of the specified area.
When breaking rings, the power planner will consider the existence of blocks.
Stripes will not extend to closest target.
The power planner will set stripe antenna targets to none (no trimming allowed).
Stripes will not be created over regions without power planning wires.
The entire stripe set will break at the domain if one of the nets is not in the domain.
addStripe will break automatically at non-default domains when generating global stripes over the core area or default domain.
Offset for stripe breaking is set to 0.
<CMD> addStripe -nets {GND VDD} -layer M4 -direction vertical -width 5 -spacing 0.36 -set_to_set_distance 100 -start_from right -start 400 -stop 405 -switch_layer_over_obs false -max_same_layer_jog_length 2 -padcore_ring_top_layer_limit MQ -padcore_ring_bottom_layer_limit M1 -block_ring_top_layer_limit MQ -block_ring_bottom_layer_limit M1 -use_wire_group 0 -snap_wire_center_to_grid None

**WARN: (IMPPP-193):	The currently specified  spacing 0.3600 in -spacing option might create min enclosed area violation. The required min enclosed area for layer M4 is 0.3660. If violation happens, increase the spacing to around 0.6550. The recommended spacing is the square root of min enclosure area.
Starting stripe generation ...
Non-Default Mode Option Settings :
  -trim_antenna_max_distance  0.00
Stripe generation is complete.
vias are now being generated.
addStripe created 1 wire.
ViaGen created 2 vias, deleted 2 vias to avoid violation.
+--------+----------------+----------------+
|  Layer |     Created    |     Deleted    |
+--------+----------------+----------------+
|   M4   |        1       |       NA       |
|   VL   |        2       |        2       |
+--------+----------------+----------------+
<CMD> deselectAll
<CMD> selectWire 395.0000 8.4000 400.0000 794.8000 4 GND
<CMD> deleteSelectedFromFPlan
<CMD> selectWire 400.0000 8.4000 405.0000 794.8000 4 GND
<CMD> deleteSelectedFromFPlan
<CMD> setAddStripeMode -ignore_block_check false -break_at none -route_over_rows_only false -rows_without_stripes_only false -extend_to_closest_target none -stop_at_last_wire_for_area false -partial_set_thru_domain false -ignore_nondefault_domains false -trim_antenna_back_to_shape none -spacing_type edge_to_edge -spacing_from_block 0 -stripe_min_length stripe_width -stacked_via_top_layer MQ -stacked_via_bottom_layer M1 -via_using_exact_crossover_size false -split_vias false -orthogonal_only true -allow_jog { padcore_ring  block_ring } -skip_via_on_pin {  standardcell } -skip_via_on_wire_shape {  noshape   }
addStripe will allow jog to connect padcore ring and block ring.

Stripes will stop at the boundary of the specified area.
When breaking rings, the power planner will consider the existence of blocks.
Stripes will not extend to closest target.
The power planner will set stripe antenna targets to none (no trimming allowed).
Stripes will not be created over regions without power planning wires.
The entire stripe set will break at the domain if one of the nets is not in the domain.
addStripe will break automatically at non-default domains when generating global stripes over the core area or default domain.
Offset for stripe breaking is set to 0.
<CMD> addStripe -nets {GND VDD} -layer M4 -direction vertical -width 5 -spacing 0.36 -set_to_set_distance 100 -start_from right -start 405 -stop 410 -switch_layer_over_obs false -max_same_layer_jog_length 2 -padcore_ring_top_layer_limit MQ -padcore_ring_bottom_layer_limit M1 -block_ring_top_layer_limit MQ -block_ring_bottom_layer_limit M1 -use_wire_group 0 -snap_wire_center_to_grid None

**WARN: (IMPPP-193):	The currently specified  spacing 0.3600 in -spacing option might create min enclosed area violation. The required min enclosed area for layer M4 is 0.3660. If violation happens, increase the spacing to around 0.6550. The recommended spacing is the square root of min enclosure area.
Starting stripe generation ...
Non-Default Mode Option Settings :
  -trim_antenna_max_distance  0.00
Stripe generation is complete.
vias are now being generated.
addStripe created 1 wire.
ViaGen created 2 vias, deleted 0 via to avoid violation.
+--------+----------------+----------------+
|  Layer |     Created    |     Deleted    |
+--------+----------------+----------------+
|   M4   |        1       |       NA       |
|   VL   |        2       |        0       |
+--------+----------------+----------------+
<CMD> setAddStripeMode -ignore_block_check false -break_at none -route_over_rows_only false -rows_without_stripes_only false -extend_to_closest_target none -stop_at_last_wire_for_area false -partial_set_thru_domain false -ignore_nondefault_domains false -trim_antenna_back_to_shape none -spacing_type edge_to_edge -spacing_from_block 0 -stripe_min_length stripe_width -stacked_via_top_layer MQ -stacked_via_bottom_layer M1 -via_using_exact_crossover_size false -split_vias false -orthogonal_only true -allow_jog { padcore_ring  block_ring } -skip_via_on_pin {  standardcell } -skip_via_on_wire_shape {  noshape   }
addStripe will allow jog to connect padcore ring and block ring.

Stripes will stop at the boundary of the specified area.
When breaking rings, the power planner will consider the existence of blocks.
Stripes will not extend to closest target.
The power planner will set stripe antenna targets to none (no trimming allowed).
Stripes will not be created over regions without power planning wires.
The entire stripe set will break at the domain if one of the nets is not in the domain.
addStripe will break automatically at non-default domains when generating global stripes over the core area or default domain.
Offset for stripe breaking is set to 0.
<CMD> addStripe -nets {GND VDD} -layer M4 -direction vertical -width 5 -spacing 0.36 -set_to_set_distance 100 -start_from right -start 405 -stop 410 -switch_layer_over_obs false -max_same_layer_jog_length 2 -padcore_ring_top_layer_limit MQ -padcore_ring_bottom_layer_limit M1 -block_ring_top_layer_limit MQ -block_ring_bottom_layer_limit M1 -use_wire_group 0 -snap_wire_center_to_grid None

**WARN: (IMPPP-193):	The currently specified  spacing 0.3600 in -spacing option might create min enclosed area violation. The required min enclosed area for layer M4 is 0.3660. If violation happens, increase the spacing to around 0.6550. The recommended spacing is the square root of min enclosure area.
Starting stripe generation ...
Non-Default Mode Option Settings :
  -trim_antenna_max_distance  0.00
**WARN: (IMPPP-170):	The power planner failed to create a wire at (407.50, 8.40) (407.50, 794.80) because same wire already exists.
Stripe generation is complete.
<CMD> setSrouteMode -viaConnectToShape { ring stripe }
<CMD> sroute -connect { blockPin padPin padRing corePin floatingStripe } -layerChangeRange { M1(1) MQ(5) } -blockPinTarget { nearestTarget } -padPinPortConnect { allPort oneGeom } -padPinTarget { nearestTarget } -corePinTarget { firstAfterRowEnd } -floatingStripeTarget { blockring padring ring stripe ringpin blockpin followpin } -allowJogging 1 -crossoverViaLayerRange { M1(1) MQ(5) } -nets { GND VDD } -allowLayerChange 1 -blockPin useLef -targetViaLayerRange { M1(1) MQ(5) }
*** Begin SPECIAL ROUTE on Sun Mar 23 21:41:17 2025 ***
SPECIAL ROUTE ran on directory: /home/ead/G32127843/ece6214/project6/layout/work
SPECIAL ROUTE ran on machine: shell (Linux 3.10.0-1160.119.1.el7.x86_64 Xeon 2.00Ghz)

Begin option processing ...
srouteConnectPowerBump set to false
routeSelectNet set to "GND VDD"
routeSpecial set to true
srouteBlockPin set to "useLef"
srouteBottomLayerLimit set to 1
srouteBottomTargetLayerLimit set to 1
srouteConnectConverterPin set to false
srouteCrossoverViaBottomLayer set to 1
srouteCrossoverViaTopLayer set to 5
srouteFloatingStripeTarget set to "blockring padring ring stripe ringpin blockpin followpin"
srouteFollowCorePinEnd set to 3
srouteJogControl set to "preferWithChanges differentLayer"
srouteNoViaOnWireShape set to "padring blockring blockpin coverpin noshape blockwire corewire followpin iowire"
sroutePadPinAllPorts set to true
sroutePreserveExistingRoutes set to true
srouteRoutePowerBarPortOnBothDir set to true
srouteStopBlockPin set to "nearestTarget"
srouteTopLayerLimit set to 5
srouteTopTargetLayerLimit set to 5
End option processing: cpu: 0:00:00, real: 0:00:00, peak: 1750.00 megs.

Reading DB technology information...
Finished reading DB technology information.
Reading floorplan and netlist information...
Finished reading floorplan and netlist information.
**WARN: (IMPSR-4302):	Cap-table/qrcTechFile is found in the design, so the same information from the technology file will be ignored.
	-1	4009	
-1	200	280	
4009	280	0	
Read in 11 layers, 5 routing layers, 1 overlap layer
Read in 362 macros, 28 used
Read in 28 components
  28 core components: 28 unplaced, 0 placed, 0 fixed
Read in 388 logical pins
Read in 388 nets
Read in 2 special nets, 2 routed
2 nets selected.

Begin power routing ...
**WARN: (IMPSR-1253):	Cannot find any standard cell pin connected to net VDD.
Run globalNetConnect command or change CPF file to make sure that the netlist reflects the correct power ground connections. The standard cell pins must be defined as 'USE POWER' or 'USE GROUND'.
**WARN: (IMPSR-1254):	Cannot find any block pin of net VDD. Check netlist, or change option to include the pin.
**WARN: (IMPSR-1256):	Cannot find any CORE class pad pin of net VDD. Change routing area or layer to include the expected pin, or check netlist, or change port class in the technology file.
Type 'man IMPSR-1256' for more detail.
Cannot find any AREAIO class pad pin of net VDD. Check net list, or change port class in the technology file, or change option to include pin in given range.
**WARN: (IMPSR-1253):	Cannot find any standard cell pin connected to net GND.
Run globalNetConnect command or change CPF file to make sure that the netlist reflects the correct power ground connections. The standard cell pins must be defined as 'USE POWER' or 'USE GROUND'.
**WARN: (IMPSR-1254):	Cannot find any block pin of net GND. Check netlist, or change option to include the pin.
**WARN: (IMPSR-1256):	Cannot find any CORE class pad pin of net GND. Change routing area or layer to include the expected pin, or check netlist, or change port class in the technology file.
Type 'man IMPSR-1256' for more detail.
Cannot find any AREAIO class pad pin of net GND. Check net list, or change port class in the technology file, or change option to include pin in given range.
**WARN: (IMPSR-468):	Cannot find any standard cell pin connected to net VDD.
Use setSrouteMode -corePinReferenceMacro <standard cell> to specify a reference macro for followpin connection, or run globalNetConnect command or change CPF file to make sure that the netlist reflects the correct power ground connections. The standard cell pins must be defined as "USE POWER" or "USE GROUND".
**WARN: (IMPSR-468):	Cannot find any standard cell pin connected to net VDD.
Use setSrouteMode -corePinReferenceMacro <standard cell> to specify a reference macro for followpin connection, or run globalNetConnect command or change CPF file to make sure that the netlist reflects the correct power ground connections. The standard cell pins must be defined as "USE POWER" or "USE GROUND".
CPU time for FollowPin 0 seconds
**WARN: (IMPSR-468):	Cannot find any standard cell pin connected to net GND.
Use setSrouteMode -corePinReferenceMacro <standard cell> to specify a reference macro for followpin connection, or run globalNetConnect command or change CPF file to make sure that the netlist reflects the correct power ground connections. The standard cell pins must be defined as "USE POWER" or "USE GROUND".
**WARN: (IMPSR-468):	Cannot find any standard cell pin connected to net GND.
Use setSrouteMode -corePinReferenceMacro <standard cell> to specify a reference macro for followpin connection, or run globalNetConnect command or change CPF file to make sure that the netlist reflects the correct power ground connections. The standard cell pins must be defined as "USE POWER" or "USE GROUND".
CPU time for FollowPin 0 seconds
  Number of IO ports routed: 0
  Number of Block ports routed: 0
  Number of Stripe ports routed: 0
  Number of Core ports routed: 644
  Number of Pad ports routed: 0
  Number of Power Bump ports routed: 0
  Number of Followpin connections: 322
End power routing: cpu: 0:00:00, real: 0:00:00, peak: 1760.00 megs.



 Begin updating DB with routing results ...
 Updating DB with 0 via definition ...Extracting standard cell pins and blockage ...... 
Pin and blockage extraction finished

sroute created 966 wires.
ViaGen created 2415 vias, deleted 0 via to avoid violation.
+--------+----------------+----------------+
|  Layer |     Created    |     Deleted    |
+--------+----------------+----------------+
|   M1   |       966      |       NA       |
|   V1   |       805      |        0       |
|   V2   |       805      |        0       |
|   V3   |       805      |        0       |
+--------+----------------+----------------+
<CMD> setSrouteMode -viaConnectToShape { ring stripe }
<CMD> sroute -connect { blockPin padPin padRing corePin floatingStripe } -layerChangeRange { M1(1) MQ(5) } -blockPinTarget { nearestTarget } -padPinPortConnect { allPort oneGeom } -padPinTarget { nearestTarget } -corePinTarget { firstAfterRowEnd } -floatingStripeTarget { blockring padring ring stripe ringpin blockpin followpin } -allowJogging 1 -crossoverViaLayerRange { M1(1) MQ(5) } -nets { GND VDD } -allowLayerChange 1 -blockPin useLef -targetViaLayerRange { M1(1) MQ(5) }
*** Begin SPECIAL ROUTE on Sun Mar 23 21:41:23 2025 ***
SPECIAL ROUTE ran on directory: /home/ead/G32127843/ece6214/project6/layout/work
SPECIAL ROUTE ran on machine: shell (Linux 3.10.0-1160.119.1.el7.x86_64 Xeon 2.00Ghz)

Begin option processing ...
srouteConnectPowerBump set to false
routeSelectNet set to "GND VDD"
routeSpecial set to true
srouteBlockPin set to "useLef"
srouteBottomLayerLimit set to 1
srouteBottomTargetLayerLimit set to 1
srouteConnectConverterPin set to false
srouteCrossoverViaBottomLayer set to 1
srouteCrossoverViaTopLayer set to 5
srouteFloatingStripeTarget set to "blockring padring ring stripe ringpin blockpin followpin"
srouteFollowCorePinEnd set to 3
srouteJogControl set to "preferWithChanges differentLayer"
srouteNoViaOnWireShape set to "padring blockring blockpin coverpin noshape blockwire corewire followpin iowire"
sroutePadPinAllPorts set to true
sroutePreserveExistingRoutes set to true
srouteRoutePowerBarPortOnBothDir set to true
srouteStopBlockPin set to "nearestTarget"
srouteTopLayerLimit set to 5
srouteTopTargetLayerLimit set to 5
End option processing: cpu: 0:00:00, real: 0:00:00, peak: 1761.00 megs.

Reading DB technology information...
Finished reading DB technology information.
Reading floorplan and netlist information...
Finished reading floorplan and netlist information.
**WARN: (IMPSR-4302):	Cap-table/qrcTechFile is found in the design, so the same information from the technology file will be ignored.
	-1	4009	
-1	200	280	
4009	280	0	
Read in 11 layers, 5 routing layers, 1 overlap layer
Read in 362 macros, 28 used
Read in 28 components
  28 core components: 28 unplaced, 0 placed, 0 fixed
Read in 388 logical pins
Read in 388 nets
Read in 2 special nets, 2 routed
2 nets selected.

Begin power routing ...
**WARN: (IMPSR-1253):	Cannot find any standard cell pin connected to net VDD.
Run globalNetConnect command or change CPF file to make sure that the netlist reflects the correct power ground connections. The standard cell pins must be defined as 'USE POWER' or 'USE GROUND'.
**WARN: (IMPSR-1254):	Cannot find any block pin of net VDD. Check netlist, or change option to include the pin.
**WARN: (IMPSR-1256):	Cannot find any CORE class pad pin of net VDD. Change routing area or layer to include the expected pin, or check netlist, or change port class in the technology file.
Type 'man IMPSR-1256' for more detail.
Cannot find any AREAIO class pad pin of net VDD. Check net list, or change port class in the technology file, or change option to include pin in given range.
**WARN: (IMPSR-1253):	Cannot find any standard cell pin connected to net GND.
Run globalNetConnect command or change CPF file to make sure that the netlist reflects the correct power ground connections. The standard cell pins must be defined as 'USE POWER' or 'USE GROUND'.
**WARN: (IMPSR-1254):	Cannot find any block pin of net GND. Check netlist, or change option to include the pin.
**WARN: (IMPSR-1256):	Cannot find any CORE class pad pin of net GND. Change routing area or layer to include the expected pin, or check netlist, or change port class in the technology file.
Type 'man IMPSR-1256' for more detail.
Cannot find any AREAIO class pad pin of net GND. Check net list, or change port class in the technology file, or change option to include pin in given range.
**WARN: (IMPSR-468):	Cannot find any standard cell pin connected to net VDD.
Use setSrouteMode -corePinReferenceMacro <standard cell> to specify a reference macro for followpin connection, or run globalNetConnect command or change CPF file to make sure that the netlist reflects the correct power ground connections. The standard cell pins must be defined as "USE POWER" or "USE GROUND".
**WARN: (IMPSR-468):	Cannot find any standard cell pin connected to net VDD.
Use setSrouteMode -corePinReferenceMacro <standard cell> to specify a reference macro for followpin connection, or run globalNetConnect command or change CPF file to make sure that the netlist reflects the correct power ground connections. The standard cell pins must be defined as "USE POWER" or "USE GROUND".
CPU time for FollowPin 0 seconds
**WARN: (IMPSR-468):	Cannot find any standard cell pin connected to net GND.
Use setSrouteMode -corePinReferenceMacro <standard cell> to specify a reference macro for followpin connection, or run globalNetConnect command or change CPF file to make sure that the netlist reflects the correct power ground connections. The standard cell pins must be defined as "USE POWER" or "USE GROUND".
**WARN: (IMPSR-468):	Cannot find any standard cell pin connected to net GND.
Use setSrouteMode -corePinReferenceMacro <standard cell> to specify a reference macro for followpin connection, or run globalNetConnect command or change CPF file to make sure that the netlist reflects the correct power ground connections. The standard cell pins must be defined as "USE POWER" or "USE GROUND".
CPU time for FollowPin 0 seconds
  Number of IO ports routed: 0
  Number of Block ports routed: 0
  Number of Stripe ports routed: 0
  Number of Core ports routed: 0
  Number of Pad ports routed: 0
  Number of Power Bump ports routed: 0
End power routing: cpu: 0:00:00, real: 0:00:00, peak: 1764.00 megs.



 Begin updating DB with routing results ...
 Updating DB with 0 via definition ...
sroute created 0 wire.
ViaGen created 0 via, deleted 0 via to avoid violation.
<CMD> zoomIn
<CMD> zoomIn
<CMD> fit
<CMD> fit
<CMD> gui_select -rect {581.401 573.863 875.397 310.492}
<CMD> deselectAll
<CMD> zoomIn
<CMD> fit
<CMD> getPinAssignMode -pinEditInBatch -quiet
<CMD> setPinAssignMode -pinEditInBatch true
<CMD> editPin -pinWidth 0.5 -pinDepth 0.5 -fixOverlap 1 -unit MICRON -spreadDirection clockwise -side Top -layer 2 -spreadType start -spacing 0.4 -start 20.0 0.0 -pin {{ciphertext_out[0]} {ciphertext_out[1]} {ciphertext_out[2]} {ciphertext_out[3]} {ciphertext_out[4]} {ciphertext_out[5]} {ciphertext_out[6]} {ciphertext_out[7]} {ciphertext_out[8]} {ciphertext_out[9]} {ciphertext_out[10]} {ciphertext_out[11]} {ciphertext_out[12]} {ciphertext_out[13]} {ciphertext_out[14]} {ciphertext_out[15]} {ciphertext_out[16]} {ciphertext_out[17]} {ciphertext_out[18]} {ciphertext_out[19]} {ciphertext_out[20]} {ciphertext_out[21]} {ciphertext_out[22]} {ciphertext_out[23]} {ciphertext_out[24]} {ciphertext_out[25]} {ciphertext_out[26]} {ciphertext_out[27]} {ciphertext_out[28]} {ciphertext_out[29]} {ciphertext_out[30]} {ciphertext_out[31]} {ciphertext_out[32]} {ciphertext_out[33]} {ciphertext_out[34]} {ciphertext_out[35]} {ciphertext_out[36]} {ciphertext_out[37]} {ciphertext_out[38]} {ciphertext_out[39]} {ciphertext_out[40]} {ciphertext_out[41]} {ciphertext_out[42]} {ciphertext_out[43]} {ciphertext_out[44]} {ciphertext_out[45]} {ciphertext_out[46]} {ciphertext_out[47]} {ciphertext_out[48]} {ciphertext_out[49]} {ciphertext_out[50]} {ciphertext_out[51]} {ciphertext_out[52]} {ciphertext_out[53]} {ciphertext_out[54]} {ciphertext_out[55]} {ciphertext_out[56]} {ciphertext_out[57]} {ciphertext_out[58]} {ciphertext_out[59]} {ciphertext_out[60]} {ciphertext_out[61]} {ciphertext_out[62]} {ciphertext_out[63]} {ciphertext_out[64]} {ciphertext_out[65]} {ciphertext_out[66]} {ciphertext_out[67]} {ciphertext_out[68]} {ciphertext_out[69]} {ciphertext_out[70]} {ciphertext_out[71]} {ciphertext_out[72]} {ciphertext_out[73]} {ciphertext_out[74]} {ciphertext_out[75]} {ciphertext_out[76]} {ciphertext_out[77]} {ciphertext_out[78]} {ciphertext_out[79]} {ciphertext_out[80]} {ciphertext_out[81]} {ciphertext_out[82]} {ciphertext_out[83]} {ciphertext_out[84]} {ciphertext_out[85]} {ciphertext_out[86]} {ciphertext_out[87]} {ciphertext_out[88]} {ciphertext_out[89]} {ciphertext_out[90]} {ciphertext_out[91]} {ciphertext_out[92]} {ciphertext_out[93]} {ciphertext_out[94]} {ciphertext_out[95]} {ciphertext_out[96]} {ciphertext_out[97]} {ciphertext_out[98]} {ciphertext_out[99]} {ciphertext_out[100]} {ciphertext_out[101]} {ciphertext_out[102]} {ciphertext_out[103]} {ciphertext_out[104]} {ciphertext_out[105]} {ciphertext_out[106]} {ciphertext_out[107]} {ciphertext_out[108]} {ciphertext_out[109]} {ciphertext_out[110]} {ciphertext_out[111]} {ciphertext_out[112]} {ciphertext_out[113]} {ciphertext_out[114]} {ciphertext_out[115]} {ciphertext_out[116]} {ciphertext_out[117]} {ciphertext_out[118]} {ciphertext_out[119]} {ciphertext_out[120]} {ciphertext_out[121]} {ciphertext_out[122]} {ciphertext_out[123]} {ciphertext_out[124]} {ciphertext_out[125]} {ciphertext_out[126]} {ciphertext_out[127]} clk encryption_done {key_in[0]} {key_in[1]} {key_in[2]} {key_in[3]} {key_in[4]} {key_in[5]} {key_in[6]} {key_in[7]} {key_in[8]} {key_in[9]} {key_in[10]} {key_in[11]} {key_in[12]} {key_in[13]} {key_in[14]} {key_in[15]} {key_in[16]} {key_in[17]} {key_in[18]} {key_in[19]} {key_in[20]} {key_in[21]} {key_in[22]} {key_in[23]} {key_in[24]} {key_in[25]} {key_in[26]} {key_in[27]} {key_in[28]} {key_in[29]} {key_in[30]} {key_in[31]} {key_in[32]} {key_in[33]} {key_in[34]} {key_in[35]} {key_in[36]} {key_in[37]} {key_in[38]} {key_in[39]} {key_in[40]} {key_in[41]} {key_in[42]} {key_in[43]} {key_in[44]} {key_in[45]} {key_in[46]} {key_in[47]} {key_in[48]} {key_in[49]} {key_in[50]} {key_in[51]} {key_in[52]} {key_in[53]} {key_in[54]} {key_in[55]} {key_in[56]} {key_in[57]} {key_in[58]} {key_in[59]} {key_in[60]} {key_in[61]} {key_in[62]} {key_in[63]} {key_in[64]} {key_in[65]} {key_in[66]} {key_in[67]} {key_in[68]} {key_in[69]} {key_in[70]} {key_in[71]} {key_in[72]} {key_in[73]} {key_in[74]} {key_in[75]} {key_in[76]} {key_in[77]} {key_in[78]} {key_in[79]} {key_in[80]} {key_in[81]} {key_in[82]} {key_in[83]} {key_in[84]} {key_in[85]} {key_in[86]} {key_in[87]} {key_in[88]} {key_in[89]} {key_in[90]} {key_in[91]} {key_in[92]} {key_in[93]} {key_in[94]} {key_in[95]} {key_in[96]} {key_in[97]} {key_in[98]} {key_in[99]} {key_in[100]} {key_in[101]} {key_in[102]} {key_in[103]} {key_in[104]} {key_in[105]} {key_in[106]} {key_in[107]} {key_in[108]} {key_in[109]} {key_in[110]} {key_in[111]} {key_in[112]} {key_in[113]} {key_in[114]} {key_in[115]} {key_in[116]} {key_in[117]} {key_in[118]} {key_in[119]} {key_in[120]} {key_in[121]} {key_in[122]} {key_in[123]} {key_in[124]} {key_in[125]} {key_in[126]} {key_in[127]} {plaintext_in[0]} {plaintext_in[1]} {plaintext_in[2]} {plaintext_in[3]} {plaintext_in[4]} {plaintext_in[5]} {plaintext_in[6]} {plaintext_in[7]} {plaintext_in[8]} {plaintext_in[9]} {plaintext_in[10]} {plaintext_in[11]} {plaintext_in[12]} {plaintext_in[13]} {plaintext_in[14]} {plaintext_in[15]} {plaintext_in[16]} {plaintext_in[17]} {plaintext_in[18]} {plaintext_in[19]} {plaintext_in[20]} {plaintext_in[21]} {plaintext_in[22]} {plaintext_in[23]} {plaintext_in[24]} {plaintext_in[25]} {plaintext_in[26]} {plaintext_in[27]} {plaintext_in[28]} {plaintext_in[29]} {plaintext_in[30]} {plaintext_in[31]} {plaintext_in[32]} {plaintext_in[33]} {plaintext_in[34]} {plaintext_in[35]} {plaintext_in[36]} {plaintext_in[37]} {plaintext_in[38]} {plaintext_in[39]} {plaintext_in[40]} {plaintext_in[41]} {plaintext_in[42]} {plaintext_in[43]} {plaintext_in[44]} {plaintext_in[45]} {plaintext_in[46]} {plaintext_in[47]} {plaintext_in[48]} {plaintext_in[49]} {plaintext_in[50]} {plaintext_in[51]} {plaintext_in[52]} {plaintext_in[53]} {plaintext_in[54]} {plaintext_in[55]} {plaintext_in[56]} {plaintext_in[57]} {plaintext_in[58]} {plaintext_in[59]} {plaintext_in[60]} {plaintext_in[61]} {plaintext_in[62]} {plaintext_in[63]} {plaintext_in[64]} {plaintext_in[65]} {plaintext_in[66]} {plaintext_in[67]} {plaintext_in[68]} {plaintext_in[69]} {plaintext_in[70]} {plaintext_in[71]} {plaintext_in[72]} {plaintext_in[73]} {plaintext_in[74]} {plaintext_in[75]} {plaintext_in[76]} {plaintext_in[77]} {plaintext_in[78]} {plaintext_in[79]} {plaintext_in[80]} {plaintext_in[81]} {plaintext_in[82]} {plaintext_in[83]} {plaintext_in[84]} {plaintext_in[85]} {plaintext_in[86]} {plaintext_in[87]} {plaintext_in[88]} {plaintext_in[89]} {plaintext_in[90]} {plaintext_in[91]} {plaintext_in[92]} {plaintext_in[93]} {plaintext_in[94]} {plaintext_in[95]} {plaintext_in[96]} {plaintext_in[97]} {plaintext_in[98]} {plaintext_in[99]} {plaintext_in[100]} {plaintext_in[101]} {plaintext_in[102]} {plaintext_in[103]} {plaintext_in[104]} {plaintext_in[105]} {plaintext_in[106]} {plaintext_in[107]} {plaintext_in[108]} {plaintext_in[109]} {plaintext_in[110]} {plaintext_in[111]} {plaintext_in[112]} {plaintext_in[113]} {plaintext_in[114]} {plaintext_in[115]} {plaintext_in[116]} {plaintext_in[117]} {plaintext_in[118]} {plaintext_in[119]} {plaintext_in[120]} {plaintext_in[121]} {plaintext_in[122]} {plaintext_in[123]} {plaintext_in[124]} {plaintext_in[125]} {plaintext_in[126]} {plaintext_in[127]} rst_n start_encryption}
Successfully spread [388] pins.
editPin : finished (cpu = 0:00:01.5 real = 0:00:02.0, mem = 937.4M).
<CMD> setPinAssignMode -pinEditInBatch false
<CMD> fit
<CMD> getPinAssignMode -pinEditInBatch -quiet
<CMD> setPinAssignMode -pinEditInBatch true
<CMD> editPin -pinWidth 0.5 -pinDepth 0.5 -fixOverlap 1 -unit MICRON -spreadDirection clockwise -side Top -layer 2 -spreadType start -spacing 0.8 -start 20.2 803.2 -pin {{ciphertext_out[0]} {ciphertext_out[1]} {ciphertext_out[2]} {ciphertext_out[3]} {ciphertext_out[4]} {ciphertext_out[5]} {ciphertext_out[6]} {ciphertext_out[7]} {ciphertext_out[8]} {ciphertext_out[9]} {ciphertext_out[10]} {ciphertext_out[11]} {ciphertext_out[12]} {ciphertext_out[13]} {ciphertext_out[14]} {ciphertext_out[15]} {ciphertext_out[16]} {ciphertext_out[17]} {ciphertext_out[18]} {ciphertext_out[19]} {ciphertext_out[20]} {ciphertext_out[21]} {ciphertext_out[22]} {ciphertext_out[23]} {ciphertext_out[24]} {ciphertext_out[25]} {ciphertext_out[26]} {ciphertext_out[27]} {ciphertext_out[28]} {ciphertext_out[29]} {ciphertext_out[30]} {ciphertext_out[31]} {ciphertext_out[32]} {ciphertext_out[33]} {ciphertext_out[34]} {ciphertext_out[35]} {ciphertext_out[36]} {ciphertext_out[37]} {ciphertext_out[38]} {ciphertext_out[39]} {ciphertext_out[40]} {ciphertext_out[41]} {ciphertext_out[42]} {ciphertext_out[43]} {ciphertext_out[44]} {ciphertext_out[45]} {ciphertext_out[46]} {ciphertext_out[47]} {ciphertext_out[48]} {ciphertext_out[49]} {ciphertext_out[50]} {ciphertext_out[51]} {ciphertext_out[52]} {ciphertext_out[53]} {ciphertext_out[54]} {ciphertext_out[55]} {ciphertext_out[56]} {ciphertext_out[57]} {ciphertext_out[58]} {ciphertext_out[59]} {ciphertext_out[60]} {ciphertext_out[61]} {ciphertext_out[62]} {ciphertext_out[63]} {ciphertext_out[64]} {ciphertext_out[65]} {ciphertext_out[66]} {ciphertext_out[67]} {ciphertext_out[68]} {ciphertext_out[69]} {ciphertext_out[70]} {ciphertext_out[71]} {ciphertext_out[72]} {ciphertext_out[73]} {ciphertext_out[74]} {ciphertext_out[75]} {ciphertext_out[76]} {ciphertext_out[77]} {ciphertext_out[78]} {ciphertext_out[79]} {ciphertext_out[80]} {ciphertext_out[81]} {ciphertext_out[82]} {ciphertext_out[83]} {ciphertext_out[84]} {ciphertext_out[85]} {ciphertext_out[86]} {ciphertext_out[87]} {ciphertext_out[88]} {ciphertext_out[89]} {ciphertext_out[90]} {ciphertext_out[91]} {ciphertext_out[92]} {ciphertext_out[93]} {ciphertext_out[94]} {ciphertext_out[95]} {ciphertext_out[96]} {ciphertext_out[97]} {ciphertext_out[98]} {ciphertext_out[99]} {ciphertext_out[100]} {ciphertext_out[101]} {ciphertext_out[102]} {ciphertext_out[103]} {ciphertext_out[104]} {ciphertext_out[105]} {ciphertext_out[106]} {ciphertext_out[107]} {ciphertext_out[108]} {ciphertext_out[109]} {ciphertext_out[110]} {ciphertext_out[111]} {ciphertext_out[112]} {ciphertext_out[113]} {ciphertext_out[114]} {ciphertext_out[115]} {ciphertext_out[116]} {ciphertext_out[117]} {ciphertext_out[118]} {ciphertext_out[119]} {ciphertext_out[120]} {ciphertext_out[121]} {ciphertext_out[122]} {ciphertext_out[123]} {ciphertext_out[124]} {ciphertext_out[125]} {ciphertext_out[126]} {ciphertext_out[127]} clk encryption_done {key_in[0]} {key_in[1]} {key_in[2]} {key_in[3]} {key_in[4]} {key_in[5]} {key_in[6]} {key_in[7]} {key_in[8]} {key_in[9]} {key_in[10]} {key_in[11]} {key_in[12]} {key_in[13]} {key_in[14]} {key_in[15]} {key_in[16]} {key_in[17]} {key_in[18]} {key_in[19]} {key_in[20]} {key_in[21]} {key_in[22]} {key_in[23]} {key_in[24]} {key_in[25]} {key_in[26]} {key_in[27]} {key_in[28]} {key_in[29]} {key_in[30]} {key_in[31]} {key_in[32]} {key_in[33]} {key_in[34]} {key_in[35]} {key_in[36]} {key_in[37]} {key_in[38]} {key_in[39]} {key_in[40]} {key_in[41]} {key_in[42]} {key_in[43]} {key_in[44]} {key_in[45]} {key_in[46]} {key_in[47]} {key_in[48]} {key_in[49]} {key_in[50]} {key_in[51]} {key_in[52]} {key_in[53]} {key_in[54]} {key_in[55]} {key_in[56]} {key_in[57]} {key_in[58]} {key_in[59]} {key_in[60]} {key_in[61]} {key_in[62]} {key_in[63]} {key_in[64]} {key_in[65]} {key_in[66]} {key_in[67]} {key_in[68]} {key_in[69]} {key_in[70]} {key_in[71]} {key_in[72]} {key_in[73]} {key_in[74]} {key_in[75]} {key_in[76]} {key_in[77]} {key_in[78]} {key_in[79]} {key_in[80]} {key_in[81]} {key_in[82]} {key_in[83]} {key_in[84]} {key_in[85]} {key_in[86]} {key_in[87]} {key_in[88]} {key_in[89]} {key_in[90]} {key_in[91]} {key_in[92]} {key_in[93]} {key_in[94]} {key_in[95]} {key_in[96]} {key_in[97]} {key_in[98]} {key_in[99]} {key_in[100]} {key_in[101]} {key_in[102]} {key_in[103]} {key_in[104]} {key_in[105]} {key_in[106]} {key_in[107]} {key_in[108]} {key_in[109]} {key_in[110]} {key_in[111]} {key_in[112]} {key_in[113]} {key_in[114]} {key_in[115]} {key_in[116]} {key_in[117]} {key_in[118]} {key_in[119]} {key_in[120]} {key_in[121]} {key_in[122]} {key_in[123]} {key_in[124]} {key_in[125]} {key_in[126]} {key_in[127]} {plaintext_in[0]} {plaintext_in[1]} {plaintext_in[2]} {plaintext_in[3]} {plaintext_in[4]} {plaintext_in[5]} {plaintext_in[6]} {plaintext_in[7]} {plaintext_in[8]} {plaintext_in[9]} {plaintext_in[10]} {plaintext_in[11]} {plaintext_in[12]} {plaintext_in[13]} {plaintext_in[14]} {plaintext_in[15]} {plaintext_in[16]} {plaintext_in[17]} {plaintext_in[18]} {plaintext_in[19]} {plaintext_in[20]} {plaintext_in[21]} {plaintext_in[22]} {plaintext_in[23]} {plaintext_in[24]} {plaintext_in[25]} {plaintext_in[26]} {plaintext_in[27]} {plaintext_in[28]} {plaintext_in[29]} {plaintext_in[30]} {plaintext_in[31]} {plaintext_in[32]} {plaintext_in[33]} {plaintext_in[34]} {plaintext_in[35]} {plaintext_in[36]} {plaintext_in[37]} {plaintext_in[38]} {plaintext_in[39]} {plaintext_in[40]} {plaintext_in[41]} {plaintext_in[42]} {plaintext_in[43]} {plaintext_in[44]} {plaintext_in[45]} {plaintext_in[46]} {plaintext_in[47]} {plaintext_in[48]} {plaintext_in[49]} {plaintext_in[50]} {plaintext_in[51]} {plaintext_in[52]} {plaintext_in[53]} {plaintext_in[54]} {plaintext_in[55]} {plaintext_in[56]} {plaintext_in[57]} {plaintext_in[58]} {plaintext_in[59]} {plaintext_in[60]} {plaintext_in[61]} {plaintext_in[62]} {plaintext_in[63]} {plaintext_in[64]} {plaintext_in[65]} {plaintext_in[66]} {plaintext_in[67]} {plaintext_in[68]} {plaintext_in[69]} {plaintext_in[70]} {plaintext_in[71]} {plaintext_in[72]} {plaintext_in[73]} {plaintext_in[74]} {plaintext_in[75]} {plaintext_in[76]} {plaintext_in[77]} {plaintext_in[78]} {plaintext_in[79]} {plaintext_in[80]} {plaintext_in[81]} {plaintext_in[82]} {plaintext_in[83]} {plaintext_in[84]} {plaintext_in[85]} {plaintext_in[86]} {plaintext_in[87]} {plaintext_in[88]} {plaintext_in[89]} {plaintext_in[90]} {plaintext_in[91]} {plaintext_in[92]} {plaintext_in[93]} {plaintext_in[94]} {plaintext_in[95]} {plaintext_in[96]} {plaintext_in[97]} {plaintext_in[98]} {plaintext_in[99]} {plaintext_in[100]} {plaintext_in[101]} {plaintext_in[102]} {plaintext_in[103]} {plaintext_in[104]} {plaintext_in[105]} {plaintext_in[106]} {plaintext_in[107]} {plaintext_in[108]} {plaintext_in[109]} {plaintext_in[110]} {plaintext_in[111]} {plaintext_in[112]} {plaintext_in[113]} {plaintext_in[114]} {plaintext_in[115]} {plaintext_in[116]} {plaintext_in[117]} {plaintext_in[118]} {plaintext_in[119]} {plaintext_in[120]} {plaintext_in[121]} {plaintext_in[122]} {plaintext_in[123]} {plaintext_in[124]} {plaintext_in[125]} {plaintext_in[126]} {plaintext_in[127]} rst_n start_encryption}
Successfully spread [388] pins.
editPin : finished (cpu = 0:00:00.0 real = 0:00:00.0, mem = 938.4M).
<CMD> setPinAssignMode -pinEditInBatch false
<CMD> setEndCapMode -cells NWSX -leftEdge NWSX -rightEdge NWSX
<CMD> addEndCap -prefix ENDCAP
Estimated cell power/ground rail width = 0.375 um
Minimum row-size in sites for endcap insertion = 7.
Minimum number of sites for row blockage       = 1.
Inserted 161 pre-endcap <NWSX> cells (prefix ENDCAP).
Inserted 161 post-endcap <NWSX> cells (prefix ENDCAP).
For 322 new insts, *** Applied 0 GNC rules (cpu = 0:00:00.0)
<CMD> addWellTap -cell NWSX -prefix WELLTAP -cellInterval 30.0 -skipRow 1 -inRowOffset 15
**WARN: (IMPSP-5134):	Setting inRowOffset to 14.800 (microns) as a multiple of cell NWSX's techSite 'CORE' width of 0.400 microns
Type 'man IMPSP-5134' for more detail.
For 2187 new insts, *** Applied 0 GNC rules (cpu = 0:00:00.0)
Inserted 2187 well-taps <NWSX> cells (prefix WELLTAP).
<CMD> addWellTap -cell NWSX -prefix WELLTAP -cellInterval 30.0 -skipRow 1 -startRowNum 2 -inRowOffset 30.0
For 2080 new insts, *** Applied 0 GNC rules (cpu = 0:00:00.0)
Inserted 2080 well-taps <NWSX> cells (prefix WELLTAP).
<CMD> saveFPlan ../floorplan/AES_floorplan.fp
<CMD> saveDesign saves/AES_floorplan
#% Begin save design ... (date=03/23 21:46:33, mem=810.0M)
% Begin Save ccopt configuration ... (date=03/23 21:46:33, mem=810.0M)
% End Save ccopt configuration ... (date=03/23 21:46:33, total cpu=0:00:00.0, real=0:00:00.0, peak res=810.0M, current mem=810.0M)
% Begin Save netlist data ... (date=03/23 21:46:33, mem=810.0M)
Writing Binary DB to saves/AES_floorplan.dat/AES.v.bin in single-threaded mode...
% End Save netlist data ... (date=03/23 21:46:33, total cpu=0:00:00.0, real=0:00:00.0, peak res=810.6M, current mem=810.4M)
Saving congestion map file saves/AES_floorplan.dat/AES.route.congmap.gz ...
% Begin Save AAE data ... (date=03/23 21:46:33, mem=810.4M)
Saving AAE Data ...
% End Save AAE data ... (date=03/23 21:46:33, total cpu=0:00:00.0, real=0:00:00.0, peak res=810.4M, current mem=810.4M)
% Begin Save clock tree data ... (date=03/23 21:46:33, mem=810.4M)
% End Save clock tree data ... (date=03/23 21:46:33, total cpu=0:00:00.0, real=0:00:00.0, peak res=810.4M, current mem=810.4M)
Saving preference file saves/AES_floorplan.dat/gui.pref.tcl ...
Saving mode setting ...
Saving global file ...
% Begin Save floorplan data ... (date=03/23 21:46:33, mem=810.4M)
Saving floorplan file ...
% End Save floorplan data ... (date=03/23 21:46:34, total cpu=0:00:00.0, real=0:00:01.0, peak res=810.4M, current mem=810.4M)
Saving Drc markers ...
... No Drc file written since there is no markers found.
% Begin Save placement data ... (date=03/23 21:46:34, mem=810.4M)
** Saving stdCellPlacement_binary (version# 2) ...
% End Save placement data ... (date=03/23 21:46:34, total cpu=0:00:00.0, real=0:00:00.0, peak res=810.5M, current mem=810.5M)
% Begin Save routing data ... (date=03/23 21:46:34, mem=810.5M)
Saving route file ...
*** Completed saveRoute (cpu=0:00:00.0 real=0:00:00.0 mem=944.5M) ***
% End Save routing data ... (date=03/23 21:46:34, total cpu=0:00:00.0, real=0:00:00.0, peak res=810.5M, current mem=810.5M)
Saving property file saves/AES_floorplan.dat/AES.prop
*** Completed saveProperty (cpu=0:00:00.0 real=0:00:00.0 mem=944.5M) ***
% Begin Save power constraints data ... (date=03/23 21:46:34, mem=810.5M)
% End Save power constraints data ... (date=03/23 21:46:34, total cpu=0:00:00.0, real=0:00:00.0, peak res=810.5M, current mem=810.5M)
RC_min RC_max
RC_min RC_max
RC_min RC_max
RC_min RC_max
RC_min RC_max
Generated self-contained design AES_floorplan.dat
#% End save design ... (date=03/23 21:46:34, total cpu=0:00:00.6, real=0:00:01.0, peak res=810.6M, current mem=807.1M)
*** Message Summary: 0 warning(s), 0 error(s)

<CMD> setDesignMode -process 130
Applying the recommended capacitance filtering threshold values for 130nm process node: total_c_th=0, relative_c_th=1 and coupling_c_th=0.4.
	These values will be used by all post-route extraction engines, including TQuantus, IQuantus and Quantus QRC extraction.
	Capacitance filtering mode(-capFilterMode option of the setExtractRCMode) is 'relAndCoup' for all engines.
	The accuracy mode for postRoute effortLevel low extraction will be set to 'standard'.
	Default value for EffortLevel(-effortLevel option of the setExtractRCMode) in postRoute extraction mode is 'low'.
Updating process node dependent CCOpt properties for the 130nm process node.
<CMD> setPlaceMode -congEffort auto -timingDriven true -ignoreScan true
<CMD> report_message -start_cmd
<CMD> getRouteMode -maxRouteLayer -quiet
<CMD> getRouteMode -user -maxRouteLayer
<CMD> getPlaceMode -user -maxRouteLayer
<CMD> getPlaceMode -quiet -adaptiveFlowMode
<CMD> getPlaceMode -timingDriven -quiet
<CMD> getPlaceMode -adaptive -quiet
<CMD> getPlaceMode -relaxSoftBlockageMode -quiet
<CMD> getPlaceMode -user -relaxSoftBlockageMode
<CMD> getPlaceMode -ignoreScan -quiet
<CMD> getPlaceMode -user -ignoreScan
<CMD> getPlaceMode -repairPlace -quiet
<CMD> getPlaceMode -user -repairPlace
<CMD> getPlaceMode -inPlaceOptMode -quiet
<CMD> getPlaceMode -quiet -bypassFlowEffortHighChecking
<CMD> getDesignMode -quiet -siPrevention
<CMD> getPlaceMode -exp_slack_driven -quiet
<CMD> um::push_snapshot_stack
<CMD> getDesignMode -quiet -flowEffort
<CMD> getDesignMode -highSpeedCore -quiet
<CMD> getPlaceMode -quiet -adaptive
<CMD> set spgFlowInInitialPlace 1
<CMD> getPlaceMode -sdpAlignment -quiet
<CMD> getPlaceMode -softGuide -quiet
<CMD> getPlaceMode -useSdpGroup -quiet
<CMD> getPlaceMode -sdpAlignment -quiet
<CMD> getPlaceMode -enableDbSaveAreaPadding -quiet
<CMD> getPlaceMode -quiet -wireLenOptEffort
<CMD> getPlaceMode -sdpPlace -quiet
<CMD> getPlaceMode -exp_slack_driven -quiet
<CMD> getPlaceMode -sdpPlace -quiet
<CMD> getPlaceMode -groupHighLevelClkGate -quiet
<CMD_INTERNAL> setvar spgRptErrorForScanConnection 0
<CMD> getPlaceMode -place_global_exp_allow_missing_scan_chain -quiet
<CMD> getPlaceMode -place_check_library -quiet
<CMD> getPlaceMode -trimView -quiet
<CMD> getPlaceMode -expTrimOptBeforeTDGP -quiet
<CMD> getPlaceMode -quiet -useNonTimingDeleteBufferTree
<CMD> getPlaceMode -congEffort -quiet
<CMD> getPlaceMode -relaxSoftBlockageMode -quiet
<CMD> getPlaceMode -user -relaxSoftBlockageMode
<CMD> getPlaceMode -ignoreScan -quiet
<CMD> getPlaceMode -user -ignoreScan
<CMD> getPlaceMode -repairPlace -quiet
<CMD> getPlaceMode -user -repairPlace
<CMD> getPlaceMode -congEffort -quiet
<CMD> getPlaceMode -fp -quiet
<CMD> getPlaceMode -timingDriven -quiet
<CMD> getPlaceMode -user -timingDriven
<CMD> getPlaceMode -fastFp -quiet
<CMD> getPlaceMode -clusterMode -quiet
<CMD> get_proto_model -type_match {flex_module flex_instgroup} -committed -name -tcl
<CMD> getPlaceMode -inPlaceOptMode -quiet
<CMD> getPlaceMode -quiet -bypassFlowEffortHighChecking
<CMD> getPlaceMode -ultraCongEffortFlow -quiet
<CMD> getPlaceMode -forceTiming -quiet
<CMD> getPlaceMode -fp -quiet
<CMD> getPlaceMode -fastfp -quiet
<CMD> getPlaceMode -timingDriven -quiet
<CMD> getPlaceMode -fp -quiet
<CMD> getPlaceMode -fastfp -quiet
<CMD> getPlaceMode -powerDriven -quiet
<CMD> getExtractRCMode -quiet -engine
<CMD> getAnalysisMode -quiet -clkSrcPath
<CMD> getAnalysisMode -quiet -clockPropagation
<CMD> getAnalysisMode -quiet -cppr
<CMD> setExtractRCMode -engine preRoute
<CMD> setAnalysisMode -clkSrcPath false -clockPropagation forcedIdeal
<CMD> getPlaceMode -exp_slack_driven -quiet
<CMD_INTERNAL> isAnalysisModeSetup
<CMD> getPlaceMode -tdgpResetCteTG -quiet
<CMD> getPlaceMode -macroPlaceMode -quiet
<CMD> getPlaceMode -enableDistPlace -quiet
<CMD> getPlaceMode -exp_slack_driven -quiet
<CMD> getPlaceMode -place_global_ignore_spare -quiet
<CMD> set gpsPrivate::coegIsGbSignedSeedNl 0
<CMD> getPlaceMode -enableDistPlace -quiet
<CMD> getPlaceMode -quiet -expNewFastMode
<CMD> setPlaceMode -expHiddenFastMode 1
<CMD> setPlaceMode -ignoreScan 1
<CMD> getPlaceMode -quiet -place_global_exp_auto_finish_floorplan
<CMD> getPlaceMode -quiet -IOSlackAdjust
*** Starting placeDesign default flow ***
<CMD> getPlaceMode -tdgpCteZeroDelayModeDelBuf -quiet
<CMD> set_global timing_enable_zero_delay_analysis_mode true
<CMD> getPlaceMode -quiet -useNonTimingDeleteBufferTree
<CMD> getPlaceMode -quiet -prePlaceOptSimplifyNetlist
<CMD> getPlaceMode -quiet -enablePrePlaceOptimizations
<CMD> getPlaceMode -quiet -prePlaceOptDecloneInv
<CMD> deleteBufferTree -decloneInv
*** Start deleteBufferTree ***
Info: Detect buffers to remove automatically.
Analyzing netlist ...
Updating netlist
AAE DB initialization (MEM=994.328 CPU=0:00:00.1 REAL=0:00:00.0) 

*summary: 835 instances (buffers/inverters) removed
*** Finish deleteBufferTree (0:00:00.7) ***
<CMD> getPlaceMode -tdgpCteZeroDelayModeDelBuf -quiet
<CMD> set_global timing_enable_zero_delay_analysis_mode false
<CMD> getAnalysisMode -quiet -honorClockDomains
<CMD> getPlaceMode -honorUserPathGroup -quiet
<CMD> getAnalysisMode -quiet -honorClockDomains
**INFO: Enable pre-place timing setting for timing analysis
Set Using Default Delay Limit as 101.
**WARN: (IMPDC-1629):	The default delay limit was set to 101. This is less than the default of 1000 and may result in inaccurate delay calculation for nets with a fanout higher than the setting.  If needed, the default delay limit may be adjusted by running the command 'set delaycal_use_default_delay_limit'.
<CMD> set delaycal_use_default_delay_limit 101
Set Default Net Delay as 0 ps.
<CMD> set delaycal_default_net_delay 0
Set Default Net Load as 0 pF. 
<CMD> set delaycal_default_net_load 0
<CMD> set delaycal_default_net_load_ignore_for_ilm 0
<CMD> getAnalysisMode -clkSrcPath -quiet
<CMD> getAnalysisMode -clockPropagation -quiet
<CMD> getAnalysisMode -checkType -quiet
<CMD> buildTimingGraph
<CMD> getDelayCalMode -ignoreNetLoad -quiet
<CMD> getDelayCalMode -ignoreNetLoad -quiet
<CMD> setDelayCalMode -ignoreNetLoad true -quiet
**INFO: Analyzing IO path groups for slack adjustment
<CMD> get_global timing_enable_path_group_priority
<CMD> get_global timing_constraint_enable_group_path_resetting
<CMD> set_global timing_enable_path_group_priority false
<CMD> set_global timing_constraint_enable_group_path_resetting false
<CMD> getOptMode -allowPreCTSClkSrcPaths -quiet
<CMD> set_global _is_ipo_interactive_path_groups 1
<CMD> group_path -name in2reg_tmp.142802 -from {0x720 0x723} -to 0x724 -ignore_source_of_trigger_arc
<CMD> getOptMode -allowPreCTSClkSrcPaths -quiet
<CMD> set_global _is_ipo_interactive_path_groups 1
<CMD> group_path -name in2out_tmp.142802 -from {0x727 0x72a} -to 0x72b -ignore_source_of_trigger_arc
<CMD> set_global _is_ipo_interactive_path_groups 1
<CMD> group_path -name reg2reg_tmp.142802 -from 0x72d -to 0x72e
<CMD> set_global _is_ipo_interactive_path_groups 1
<CMD> group_path -name reg2out_tmp.142802 -from 0x731 -to 0x732
<CMD> setPathGroupOptions reg2reg_tmp.142802 -effortLevel high
Effort level <high> specified for reg2reg_tmp.142802 path_group
#################################################################################
# Design Stage: PreRoute
# Design Name: AES
# Design Mode: 130nm
# Analysis Mode: MMMC Non-OCV 
# Parasitics Mode: No SPEF/RCDB
# Signoff Settings: SI Off 
#################################################################################
Calculate delays in BcWc mode...
Start delay calculation (fullDC) (1 T). (MEM=1034.55)
Total number of fetched objects 8931
End delay calculation. (MEM=1125.86 CPU=0:00:00.5 REAL=0:00:01.0)
End delay calculation (fullDC). (MEM=1114.32 CPU=0:00:00.8 REAL=0:00:01.0)
<CMD> reset_path_group -name reg2out_tmp.142802
<CMD> set_global _is_ipo_interactive_path_groups 0
<CMD> reset_path_group -name in2out_tmp.142802
<CMD> set_global _is_ipo_interactive_path_groups 0
**INFO: Disable pre-place timing setting for timing analysis
<CMD> setDelayCalMode -ignoreNetLoad false
Set Using Default Delay Limit as 1000.
<CMD> set delaycal_use_default_delay_limit 1000
Set Default Net Delay as 1000 ps.
<CMD> set delaycal_default_net_delay 1000ps
Set Default Net Load as 0.5 pF. 
<CMD> set delaycal_default_net_load 0.5pf
<CMD> set delaycal_default_net_load_ignore_for_ilm 0
<CMD> getPlaceMode -place_global_exp_ignore_low_effort_path_groups -quiet
<CMD> getPlaceMode -exp_slack_driven -quiet
<CMD> getAnalysisMode -quiet -honorClockDomains
**INFO: Pre-place timing setting for timing analysis already disabled
Deleted 0 physical inst  (cell - / prefix -).
Did not delete 4589 physical insts as they were marked preplaced.
*** Starting "NanoPlace(TM) placement v#1 (mem=1062.0M)" ...
<CMD> setDelayCalMode -engine feDc
*** Build Buffered Sizing Timing Model
(cpu=0:00:01.4 mem=1062.0M) ***
*** Build Virtual Sizing Timing Model
(cpu=0:00:01.5 mem=1062.0M) ***
No user-set net weight.
Options: timingDriven clkGateAware ignoreScan pinGuide congEffort=auto gpeffort=medium 
**WARN: (IMPSP-9042):	Scan chains were not defined, -place_global_ignore_scan option will be ignored.
Define the scan chains before using this option.
Type 'man IMPSP-9042' for more detail.
#std cell=10439 (4589 fixed + 5850 movable) #block=0 (0 floating + 0 preplaced)
#ioInst=0 #net=5984 #term=20837 #term/net=3.48, #fixedIo=0, #floatIo=0, #fixedPin=0, #floatPin=388
stdCell: 10439 single + 0 double + 0 multi
Total standard cell length = 33.5292 (mm), area = 0.1609 (mm^2)
Average module density = 0.247.
Density for the design = 0.247.
       = stdcell_area 70056 sites (134508 um^2) / alloc_area 284140 sites (545550 um^2).
Pin Density = 0.06520.
            = total # of pins 20837 / total area 319585.
=== lastAutoLevel = 9 
Clock gating cells determined by native netlist tracing.
Iteration  1: Total net bbox = 3.054e+05 (1.11e+05 1.94e+05)
              Est.  stn bbox = 3.099e+05 (1.13e+05 1.97e+05)
              cpu = 0:00:00.1 real = 0:00:00.0 mem = 1084.5M
Iteration  2: Total net bbox = 3.054e+05 (1.11e+05 1.94e+05)
              Est.  stn bbox = 3.099e+05 (1.13e+05 1.97e+05)
              cpu = 0:00:00.0 real = 0:00:00.0 mem = 1085.5M
Iteration  3: Total net bbox = 2.506e+04 (1.68e+04 8.27e+03)
              Est.  stn bbox = 3.130e+04 (2.02e+04 1.11e+04)
              cpu = 0:00:00.6 real = 0:00:01.0 mem = 1102.5M
Active setup views:
    VIEW_ss_125
Iteration  4: Total net bbox = 2.474e+04 (1.66e+04 8.09e+03)
              Est.  stn bbox = 3.080e+04 (2.00e+04 1.08e+04)
              cpu = 0:00:00.1 real = 0:00:00.0 mem = 1102.5M
Iteration  5: Total net bbox = 5.560e+04 (3.47e+04 2.09e+04)
              Est.  stn bbox = 6.569e+04 (4.03e+04 2.54e+04)
              cpu = 0:00:01.6 real = 0:00:02.0 mem = 1102.5M
Iteration  6: Total net bbox = 6.228e+04 (2.19e+04 4.04e+04)
              Est.  stn bbox = 7.257e+04 (2.75e+04 4.51e+04)
              cpu = 0:00:00.8 real = 0:00:01.0 mem = 1103.5M
<CMD> psp::embedded_egr_init_
<CMD> psp::embedded_egr_term_
Iteration  7: Total net bbox = 8.430e+04 (3.93e+04 4.50e+04)
              Est.  stn bbox = 9.500e+04 (4.51e+04 4.98e+04)
              cpu = 0:00:00.2 real = 0:00:00.0 mem = 1107.5M
Iteration  8: Total net bbox = 8.430e+04 (3.93e+04 4.50e+04)
              Est.  stn bbox = 9.500e+04 (4.51e+04 4.98e+04)
              cpu = 0:00:01.7 real = 0:00:01.0 mem = 1130.5M
<CMD> psp::embedded_egr_init_
<CMD> psp::embedded_egr_term_
Iteration  9: Total net bbox = 8.799e+04 (3.96e+04 4.84e+04)
              Est.  stn bbox = 9.912e+04 (4.55e+04 5.36e+04)
              cpu = 0:00:01.3 real = 0:00:02.0 mem = 1140.5M
Iteration 10: Total net bbox = 8.799e+04 (3.96e+04 4.84e+04)
              Est.  stn bbox = 9.912e+04 (4.55e+04 5.36e+04)
              cpu = 0:00:01.8 real = 0:00:02.0 mem = 1140.5M
<CMD> psp::embedded_egr_init_
<CMD> psp::embedded_egr_term_
Iteration 11: Total net bbox = 8.758e+04 (4.01e+04 4.74e+04)
              Est.  stn bbox = 1.005e+05 (4.70e+04 5.35e+04)
              cpu = 0:00:01.7 real = 0:00:01.0 mem = 1140.5M
Iteration 12: Total net bbox = 8.758e+04 (4.01e+04 4.74e+04)
              Est.  stn bbox = 1.005e+05 (4.70e+04 5.35e+04)
              cpu = 0:00:01.7 real = 0:00:02.0 mem = 1140.5M
Iteration 13: Total net bbox = 9.937e+04 (4.77e+04 5.17e+04)
              Est.  stn bbox = 1.141e+05 (5.55e+04 5.86e+04)
              cpu = 0:00:08.6 real = 0:00:08.0 mem = 1143.5M
Iteration 14: Total net bbox = 9.937e+04 (4.77e+04 5.17e+04)
              Est.  stn bbox = 1.141e+05 (5.55e+04 5.86e+04)
              cpu = 0:00:00.0 real = 0:00:00.0 mem = 1143.5M
*** cost = 9.937e+04 (4.77e+04 5.17e+04) (cpu for global=0:00:20.3) real=0:00:21.0***
Info: 0 clock gating cells identified, 0 (on average) moved 0/7
net ignore based on current view = 0
Solver runtime cpu: 0:00:13.6 real: 0:00:13.3
Core Placement runtime cpu: 0:00:14.7 real: 0:00:16.0
<CMD> scanReorder
**WARN: (IMPSP-9025):	No scan chain specified/traced.
Type 'man IMPSP-9025' for more detail.
*** Starting refinePlace (0:02:43 mem=1143.5M) ***
Total net bbox length = 9.937e+04 (4.765e+04 5.171e+04) (ext = 3.346e+04)
Move report: Detail placement moves 5850 insts, mean move: 4.63 um, max move: 49.34 um
	Max move on inst (U3265): (399.30, 223.44) --> (413.20, 188.00)
	Runtime: CPU: 0:00:00.7 REAL: 0:00:00.0 MEM: 1143.5MB
Summary Report:
Instances move: 5850 (out of 5850 movable)
Instances flipped: 0
Mean displacement: 4.63 um
Max displacement: 49.34 um (Instance: U3265) (399.297, 223.435) -> (413.2, 188)
	Length: 15 sites, height: 1 rows, site name: CORE, cell type: INVERT_O
Total net bbox length = 9.202e+04 (3.905e+04 5.297e+04) (ext = 3.276e+04)
Runtime: CPU: 0:00:00.7 REAL: 0:00:00.0 MEM: 1143.5MB
*** Finished refinePlace (0:02:44 mem=1143.5M) ***
*** End of Placement (cpu=0:00:23.3, real=0:00:24.0, mem=1143.5M) ***
default core: bins with density > 0.750 =  0.69 % ( 2 / 289 )
Density distribution unevenness ratio = 44.272%
*** Free Virtual Timing Model ...(mem=1143.5M)
<CMD> setDelayCalMode -engine aae
<CMD> getPlaceMode -quiet -tdgpAdjustNetWeightBySlack
<CMD> get_ccopt_clock_trees *
<CMD> getPlaceMode -exp_insert_guidance_clock_tree -quiet
<CMD> getPlaceMode -exp_cluster_based_high_fanout_buffering -quiet
<CMD> getPlaceMode -quiet -cong_repair_commit_clock_net_route_attr
<CMD> getPlaceMode -enableDbSaveAreaPadding -quiet
<CMD> getPlaceMode -quiet -wireLenOptEffort
<CMD> setPlaceMode -reset -improveWithPsp
<CMD> getPlaceMode -quiet -debugGlobalPlace
<CMD> getPlaceMode -congRepair -quiet
<CMD> getPlaceMode -fp -quiet
<CMD> getPlaceMode -congEffort -quiet
<CMD> getPlaceMode -user -rplaceIncrNPClkGateAwareMode
<CMD> getPlaceMode -user -congRepairMaxIter
<CMD> getPlaceMode -quiet -congRepairPDClkGateMode4
<CMD> setPlaceMode -rplaceIncrNPClkGateAwareMode 4
<CMD> getPlaceMode -quiet -congEffort
<CMD> setPlaceMode -congRepairMaxIter 1
<CMD> getDesignMode -quiet -congEffort
<CMD> getPlaceMode -quickCTS -quiet
<CMD> get_proto_model -type_match {flex_module flex_instgroup} -committed -name -tcl
<CMD> getPlaceMode -congRepairForceTrialRoute -quiet
<CMD> getPlaceMode -user -congRepairForceTrialRoute
<CMD> setPlaceMode -congRepairForceTrialRoute true
<CMD> um::enable_metric
<CMD> congRepair

Starting congestion repair ...
[NR-eGR] honorMsvRouteConstraint: false
[NR-eGR] honorClockSpecNDR      : 0
[NR-eGR] minRouteLayer          : 2
[NR-eGR] maxRouteLayer          : 127
[NR-eGR] numTracksPerClockWire  : 0
[NR-eGR] M1 has no routable track
[NR-eGR] M2 has single uniform track structure
[NR-eGR] M3 has single uniform track structure
[NR-eGR] M4 has single uniform track structure
[NR-eGR] MQ has single uniform track structure
[NR-eGR] Read 4054 PG shapes in 0.000 seconds

[NR-eGR] numRoutingBlks=0 numInstBlks=0 numPGBlocks=4054 numBumpBlks=0 numBoundaryFakeBlks=0
[NR-eGR] Num Prerouted Nets = 0  Num Prerouted Wires = 0
[NR-eGR] Read numTotalNets=5984  numIgnoredNets=0
[NR-eGR] There are 1 clock nets ( 0 with NDR ).
[NR-eGR] ============ Routing rule table ============
[NR-eGR] Rule id: 0  Nets: 5984 
[NR-eGR] ========================================
[NR-eGR] 
[NR-eGR] Layer group 1: route 5984 net(s) in layer range [2, 5]
[NR-eGR] earlyGlobalRoute overflow of layer group 1: 0.00% H + 0.00% V. EstWL: 1.379184e+05um
[NR-eGR] 
[NR-eGR] Congestion Analysis By layer: (blocked Gcells are excluded) 
[NR-eGR]                        OverCon            
[NR-eGR]                         #Gcell     %Gcell
[NR-eGR]       Layer                (2)    OverCon 
[NR-eGR] ----------------------------------------------
[NR-eGR]      M1  (1)         0( 0.00%)   ( 0.00%) 
[NR-eGR]      M2  (2)         0( 0.00%)   ( 0.00%) 
[NR-eGR]      M3  (3)         6( 0.02%)   ( 0.02%) 
[NR-eGR]      M4  (4)         0( 0.00%)   ( 0.00%) 
[NR-eGR]      MQ  (5)         0( 0.00%)   ( 0.00%) 
[NR-eGR] ----------------------------------------------
[NR-eGR] Total                6( 0.01%)   ( 0.01%) 
[NR-eGR] 
[NR-eGR] Overflow after earlyGlobalRoute (GR compatible) 0.01% H + 0.00% V
[NR-eGR] Overflow after earlyGlobalRoute 0.01% H + 0.00% V
Early Global Route congestion estimation runtime: 0.08 seconds, mem = 1129.3M
Local HotSpot Analysis: normalized max congestion hotspot area = 0.00, normalized total congestion hotspot area = 0.00 (area is in unit of 4 std-cell row bins)

=== incrementalPlace Internal Loop 1 ===
Skipped repairing congestion.
[NR-eGR] --------------------------------------------------------------------------
[NR-eGR]     M1  (1F) length: 0.000000e+00um, number of vias: 20449
[NR-eGR]     M2  (2V) length: 7.549660e+04um, number of vias: 29839
[NR-eGR]     M3  (3H) length: 6.347480e+04um, number of vias: 206
[NR-eGR]     M4  (4V) length: 3.728200e+03um, number of vias: 24
[NR-eGR]     MQ  (5H) length: 1.254400e+03um, number of vias: 0
[NR-eGR] Total length: 1.439540e+05um, number of vias: 50518
[NR-eGR] --------------------------------------------------------------------------
[NR-eGR] Total eGR-routed clock nets wire length: 2.241020e+04um 
[NR-eGR] --------------------------------------------------------------------------
Early Global Route wiring runtime: 0.13 seconds, mem = 1108.5M
End of congRepair (cpu=0:00:00.2, real=0:00:01.0)
<CMD> um::enable_metric
<CMD> um::enable_metric
<CMD> um::enable_metric
<CMD> setPlaceMode -reset -congRepairForceTrialRoute
<CMD> getPlaceMode -quiet -congRepairPDClkGateMode4
<CMD> setPlaceMode -reset -rplaceIncrNPClkGateAwareMode
<CMD> setPlaceMode -reset -congRepairMaxIter
<CMD> getPlaceMode -congRepairCleanupPadding -quiet
<CMD> getPlaceMode -quiet -wireLenOptEffort
<CMD> getPlaceMode -tdgpDumpStageTiming -quiet
*** Finishing placeDesign default flow ***
<CMD> getPlaceMode -quiet -tdgpAdjustNetWeightBySlack
<CMD> getPlaceMode -exp_slack_driven -quiet
<CMD> reset_path_group -name reg2reg_tmp.142802
<CMD> set_global _is_ipo_interactive_path_groups 0
<CMD> reset_path_group -name in2reg_tmp.142802
<CMD> set_global _is_ipo_interactive_path_groups 0
<CMD> set_global timing_enable_path_group_priority $gpsPrivate::optSave_ctePGPriority
<CMD> set_global timing_constraint_enable_group_path_resetting $gpsPrivate::optSave_ctePGResetting
**placeDesign ... cpu = 0: 0:26, real = 0: 0:27, mem = 1108.5M **
<CMD> getPlaceMode -trimView -quiet
<CMD> getOptMode -quiet -viewOptPolishing
<CMD> getOptMode -quiet -fastViewOpt
<CMD_INTERNAL> spInternalUse deleteViewOptManager
<CMD> setAnalysisMode -clkSrcPath true -clockPropagation sdcControl
<CMD> getPlaceMode -exp_slack_driven -quiet
<CMD> setExtractRCMode -engine preRoute
<CMD> setPlaceMode -reset -relaxSoftBlockageMode
<CMD> setPlaceMode -ignoreScan true -quiet
<CMD> setPlaceMode -reset -repairPlace
<CMD> getPlaceMode -macroPlaceMode -quiet
<CMD> getPlaceMode -exp_slack_driven -quiet
<CMD> getPlaceMode -enableDistPlace -quiet
<CMD> set gpsPrivate::coegIsGbSignedSeedNl 0
<CMD> getPlaceMode -place_global_ignore_spare -quiet
<CMD> getPlaceMode -enableDistPlace -quiet
<CMD> setPlaceMode -reset -expHiddenFastMode
<CMD> getPlaceMode -tcg2Pass -quiet
<CMD> getPlaceMode -quiet -wireLenOptEffort
<CMD> getPlaceMode -fp -quiet
<CMD> getPlaceMode -fastfp -quiet
<CMD> getPlaceMode -doRPlace -quiet
<CMD> getPlaceMode -RTCPlaceDesignFlow -quiet
<CMD> getPlaceMode -quickCTS -quiet
<CMD> set spgFlowInInitialPlace 0
<CMD> getPlaceMode -user -maxRouteLayer
<CMD_INTERNAL> spInternalUse TDGP resetIgnoreNetLoad
<CMD> getPlaceMode -place_global_exp_balance_pipeline -quiet
<CMD> getDesignMode -quiet -flowEffort
<CMD> report_message -end_cmd

*** Summary of all messages that are not suppressed in this session:
Severity  ID               Count  Summary                                  
WARNING   IMPDC-1629           1  The default delay limit was set to %d. T...
WARNING   IMPSP-9025           1  No scan chain specified/traced.          
WARNING   IMPSP-9042           1  Scan chains were not defined, -place_glo...
*** Message Summary: 3 warning(s), 0 error(s)

<CMD> um::create_snapshot -name final -auto min
<CMD> um::pop_snapshot_stack
<CMD> um::create_snapshot -name place_design
<CMD> getPlaceMode -exp_slack_driven -quiet
<CMD> setDrawView place
<CMD> saveDesign saves/AES_place
#% Begin save design ... (date=03/23 21:47:02, mem=854.9M)
% Begin Save ccopt configuration ... (date=03/23 21:47:02, mem=854.9M)
% End Save ccopt configuration ... (date=03/23 21:47:02, total cpu=0:00:00.0, real=0:00:00.0, peak res=854.9M, current mem=854.9M)
% Begin Save netlist data ... (date=03/23 21:47:02, mem=854.9M)
Writing Binary DB to saves/AES_place.dat/AES.v.bin in single-threaded mode...
% End Save netlist data ... (date=03/23 21:47:02, total cpu=0:00:00.0, real=0:00:00.0, peak res=855.6M, current mem=855.6M)
Saving congestion map file saves/AES_place.dat/AES.route.congmap.gz ...
% Begin Save AAE data ... (date=03/23 21:47:02, mem=855.8M)
Saving AAE Data ...
% End Save AAE data ... (date=03/23 21:47:02, total cpu=0:00:00.0, real=0:00:00.0, peak res=855.9M, current mem=855.9M)
% Begin Save clock tree data ... (date=03/23 21:47:02, mem=855.9M)
% End Save clock tree data ... (date=03/23 21:47:02, total cpu=0:00:00.0, real=0:00:00.0, peak res=855.9M, current mem=855.9M)
Saving preference file saves/AES_place.dat/gui.pref.tcl ...
Saving mode setting ...
Saving global file ...
% Begin Save floorplan data ... (date=03/23 21:47:03, mem=855.9M)
Saving floorplan file ...
% End Save floorplan data ... (date=03/23 21:47:03, total cpu=0:00:00.0, real=0:00:00.0, peak res=856.0M, current mem=856.0M)
Saving Drc markers ...
... No Drc file written since there is no markers found.
% Begin Save placement data ... (date=03/23 21:47:03, mem=856.0M)
** Saving stdCellPlacement_binary (version# 2) ...
% End Save placement data ... (date=03/23 21:47:03, total cpu=0:00:00.0, real=0:00:00.0, peak res=856.2M, current mem=856.2M)
% Begin Save routing data ... (date=03/23 21:47:03, mem=856.2M)
Saving route file ...
*** Completed saveRoute (cpu=0:00:00.0 real=0:00:00.0 mem=1114.6M) ***
% End Save routing data ... (date=03/23 21:47:03, total cpu=0:00:00.1, real=0:00:00.0, peak res=857.4M, current mem=857.4M)
Saving property file saves/AES_place.dat/AES.prop
*** Completed saveProperty (cpu=0:00:00.0 real=0:00:00.0 mem=1114.6M) ***
% Begin Save power constraints data ... (date=03/23 21:47:03, mem=857.4M)
% End Save power constraints data ... (date=03/23 21:47:03, total cpu=0:00:00.0, real=0:00:00.0, peak res=857.4M, current mem=857.4M)
RC_min RC_max
RC_min RC_max
RC_min RC_max
RC_min RC_max
RC_min RC_max
Generated self-contained design AES_place.dat
#% End save design ... (date=03/23 21:47:04, total cpu=0:00:00.6, real=0:00:02.0, peak res=857.4M, current mem=856.2M)
*** Message Summary: 0 warning(s), 0 error(s)

<CMD> setAnalysisMode -analysisType onChipVariation -skew true -clockPropagation sdcControl
<CMD> timeDesign -preCTS -idealClock -numPaths 10 -prefix preCTS -outDIR ../reports/AES/preCTS
Setting timing_disable_library_data_to_data_checks to 'true'.
Setting timing_disable_user_data_to_data_checks to 'true'.
Start to check current routing status for nets...
All nets are already routed correctly.
End to check current routing status for nets (mem=1103.5M)
Extraction called for design 'AES' of instances=10439 and nets=8675 using extraction engine 'preRoute' .
PreRoute RC Extraction called for design AES.
RC Extraction called in multi-corner(2) mode.
RCMode: PreRoute
      RC Corner Indexes            0       1   
Capacitance Scaling Factor   : 1.00000 1.00000 
Resistance Scaling Factor    : 1.00000 1.00000 
Clock Cap. Scaling Factor    : 1.00000 1.00000 
Clock Res. Scaling Factor    : 1.00000 1.00000 
Shrink Factor                : 1.00000
PreRoute extraction is honoring NDR/Shielding/ExtraSpace for clock nets.
Using capacitance table file ...
Updating RC grid for preRoute extraction ...
Initializing multi-corner capacitance tables ... 
Initializing multi-corner resistance tables ...
Creating RPSQ from WeeR and WRes ...
Creating RPSQ from WeeR and WRes ...
PreRoute RC Extraction DONE (CPU Time: 0:00:00.1  Real Time: 0:00:00.0  MEM: 1103.535M)
#################################################################################
# Design Stage: PreRoute
# Design Name: AES
# Design Mode: 130nm
# Analysis Mode: MMMC OCV 
# Parasitics Mode: No SPEF/RCDB
# Signoff Settings: SI Off 
#################################################################################
AAE_INFO: 1 threads acquired from CTE.
Calculate early delays in OCV mode...
Calculate late delays in OCV mode...
Start delay calculation (fullDC) (1 T). (MEM=1145.08)
Total number of fetched objects 8931
End delay calculation. (MEM=1208.84 CPU=0:00:00.8 REAL=0:00:01.0)
End delay calculation (fullDC). (MEM=1208.84 CPU=0:00:01.1 REAL=0:00:01.0)
*** Done Building Timing Graph (cpu=0:00:01.3 real=0:00:01.0 totSessionCpu=0:02:47 mem=1208.8M)

------------------------------------------------------------
          timeDesign Summary                             
------------------------------------------------------------

Setup views included:
 VIEW_ss_125 

+--------------------+---------+---------+---------+
|     Setup mode     |   all   | reg2reg | default |
+--------------------+---------+---------+---------+
|           WNS (ns):|  3.663  |  3.972  |  3.663  |
|           TNS (ns):|  0.000  |  0.000  |  0.000  |
|    Violating Paths:|    0    |    0    |    0    |
|          All Paths:|  3213   |  2694   |  3212   |
+--------------------+---------+---------+---------+

+----------------+-------------------------------+------------------+
|                |              Real             |       Total      |
|    DRVs        +------------------+------------+------------------|
|                |  Nr nets(terms)  | Worst Vio  |  Nr nets(terms)  |
+----------------+------------------+------------+------------------+
|   max_cap      |    139 (3664)    |  -23.938   |    140 (6487)    |
|   max_tran     |    395 (653)     |   -2.444   |    395 (653)     |
|   max_fanout   |      2 (2)       |    -390    |      3 (3)       |
|   max_length   |      0 (0)       |     0      |      0 (0)       |
+----------------+------------------+------------+------------------+

Density: 22.908%
Routing Overflow: 0.01% H and 0.00% V
------------------------------------------------------------
Reported timing to dir ../reports/AES/preCTS
Total CPU time: 2.25 sec
Total Real time: 3.0 sec
Total Memory Usage: 1161.140625 Mbytes
<CMD> setOptMode -yieldEffort none -effort high -maxDensity 0.95 -fixDRC true -fixFanoutLoad true -optimizeFF true -simplifyNetlist false -holdTargetSlack 0.0 -setupTargetSlack 0.0 -usefulSkew false
<CMD> optDesign -preCTS -drv -outDir ../reports/AES/preCTS_opt_timing
**INFO: setDesignMode -flowEffort standard -> setting 'setOptMode -allEndPoints true' for the duration of this command.
**INFO: Enabling NR-eGR flow for DRV Fixing.
GigaOpt running with 1 threads.
**optDesign ... cpu = 0:00:00, real = 0:00:00, mem = 915.1M, totSessionCpu=0:02:48 **
*** optDesign -preCTS ***
DRC Margin: user margin 0.0; extra margin 0.2
Setup Target Slack: user slack 0; extra slack 0.0
Hold Target Slack: user slack 0
No user sequential activity specified, applying default sequential activity of "0.2" for Dynamic Power reporting.
'set_default_switching_activity' finished successfully.
Multi-VT timing optimization disabled based on library information.
Start to check current routing status for nets...
All nets are already routed correctly.
End to check current routing status for nets (mem=1167.2M)

------------------------------------------------------------
             Initial Summary                             
------------------------------------------------------------

Setup views included:
 VIEW_ss_125 

+--------------------+---------+
|     Setup mode     |   all   |
+--------------------+---------+
|           WNS (ns):|  3.663  |
|           TNS (ns):|  0.000  |
|    Violating Paths:|    0    |
|          All Paths:|  3213   |
+--------------------+---------+

+----------------+-------------------------------+------------------+
|                |              Real             |       Total      |
|    DRVs        +------------------+------------+------------------|
|                |  Nr nets(terms)  | Worst Vio  |  Nr nets(terms)  |
+----------------+------------------+------------+------------------+
|   max_cap      |    139 (3664)    |  -23.938   |    140 (6487)    |
|   max_tran     |    395 (653)     |   -2.444   |    395 (653)     |
|   max_fanout   |      2 (2)       |    -390    |      3 (3)       |
|   max_length   |      0 (0)       |     0      |      0 (0)       |
+----------------+------------------+------------+------------------+

Density: 22.908%
------------------------------------------------------------
**optDesign ... cpu = 0:00:00, real = 0:00:01, mem = 912.7M, totSessionCpu=0:02:49 **
*** Starting optimizing excluded clock nets MEM= 1161.1M) ***
*info: No excluded clock nets to be optimized.
*** Finished optimizing excluded clock nets (CPU Time= 0:00:00.0  MEM= 1161.1M) ***
[NR-eGR] Started earlyGlobalRoute kernel
[NR-eGR] Initial Peak syMemory usage = 1165.1 MB
[NR-eGR] honorMsvRouteConstraint: false
[NR-eGR] honorClockSpecNDR      : 0
[NR-eGR] minRouteLayer          : 2
[NR-eGR] maxRouteLayer          : 127
[NR-eGR] numTracksPerClockWire  : 0
[NR-eGR] M1 has no routable track
[NR-eGR] M2 has single uniform track structure
[NR-eGR] M3 has single uniform track structure
[NR-eGR] M4 has single uniform track structure
[NR-eGR] MQ has single uniform track structure
[NR-eGR] Read 4054 PG shapes in 0.000 seconds

[NR-eGR] numRoutingBlks=0 numInstBlks=0 numPGBlocks=4054 numBumpBlks=0 numBoundaryFakeBlks=0
[NR-eGR] Num Prerouted Nets = 0  Num Prerouted Wires = 0
[NR-eGR] Read numTotalNets=5984  numIgnoredNets=0
[NR-eGR] There are 1 clock nets ( 0 with NDR ).
[NR-eGR] ============ Routing rule table ============
[NR-eGR] Rule id: 0  Nets: 5984 
[NR-eGR] ========================================
[NR-eGR] 
[NR-eGR] Layer group 1: route 5984 net(s) in layer range [2, 5]
[NR-eGR] earlyGlobalRoute overflow of layer group 1: 0.00% H + 0.00% V. EstWL: 1.403904e+05um
[NR-eGR] 
[NR-eGR] Congestion Analysis By layer: (blocked Gcells are excluded) 
[NR-eGR]                        OverCon            
[NR-eGR]                         #Gcell     %Gcell
[NR-eGR]       Layer                (1)    OverCon 
[NR-eGR] ----------------------------------------------
[NR-eGR]      M1  (1)         0( 0.00%)   ( 0.00%) 
[NR-eGR]      M2  (2)         0( 0.00%)   ( 0.00%) 
[NR-eGR]      M3  (3)         8( 0.03%)   ( 0.03%) 
[NR-eGR]      M4  (4)         0( 0.00%)   ( 0.00%) 
[NR-eGR]      MQ  (5)         0( 0.00%)   ( 0.00%) 
[NR-eGR] ----------------------------------------------
[NR-eGR] Total                8( 0.01%)   ( 0.01%) 
[NR-eGR] 
[NR-eGR] Overflow after earlyGlobalRoute (GR compatible) 0.00% H + 0.00% V
[NR-eGR] Overflow after earlyGlobalRoute 0.00% H + 0.00% V
[NR-eGR] --------------------------------------------------------------------------
[NR-eGR]     M1  (1F) length: 0.000000e+00um, number of vias: 20449
[NR-eGR]     M2  (2V) length: 7.754520e+04um, number of vias: 29958
[NR-eGR]     M3  (3H) length: 6.395520e+04um, number of vias: 272
[NR-eGR]     M4  (4V) length: 3.819600e+03um, number of vias: 24
[NR-eGR]     MQ  (5H) length: 1.252000e+03um, number of vias: 0
[NR-eGR] Total length: 1.465720e+05um, number of vias: 50703
[NR-eGR] --------------------------------------------------------------------------
[NR-eGR] Total eGR-routed clock nets wire length: 2.352060e+04um 
[NR-eGR] --------------------------------------------------------------------------
[NR-eGR] End Peak syMemory usage = 1124.5 MB
[NR-eGR] Early Global Router Kernel+IO runtime : 0.27 seconds
Updating RC grid for preRoute extraction ...
Initializing multi-corner capacitance tables ... 
Initializing multi-corner resistance tables ...
Creating RPSQ from WeeR and WRes ...
Creating RPSQ from WeeR and WRes ...
Extraction called for design 'AES' of instances=10439 and nets=8675 using extraction engine 'preRoute' .
PreRoute RC Extraction called for design AES.
RC Extraction called in multi-corner(2) mode.
RCMode: PreRoute
      RC Corner Indexes            0       1   
Capacitance Scaling Factor   : 1.00000 1.00000 
Resistance Scaling Factor    : 1.00000 1.00000 
Clock Cap. Scaling Factor    : 1.00000 1.00000 
Clock Res. Scaling Factor    : 1.00000 1.00000 
Shrink Factor                : 1.00000
PreRoute extraction is honoring NDR/Shielding/ExtraSpace for clock nets.
Using capacitance table file ...
Updating RC grid for preRoute extraction ...
Initializing multi-corner capacitance tables ... 
Initializing multi-corner resistance tables ...
Creating RPSQ from WeeR and WRes ...
Creating RPSQ from WeeR and WRes ...
PreRoute RC Extraction DONE (CPU Time: 0:00:00.1  Real Time: 0:00:00.0  MEM: 1124.535M)
#################################################################################
# Design Stage: PreRoute
# Design Name: AES
# Design Mode: 130nm
# Analysis Mode: MMMC OCV 
# Parasitics Mode: No SPEF/RCDB
# Signoff Settings: SI Off 
#################################################################################
AAE_INFO: 1 threads acquired from CTE.
Calculate early delays in OCV mode...
Calculate late delays in OCV mode...
Start delay calculation (fullDC) (1 T). (MEM=1159.54)
Total number of fetched objects 8931
End delay calculation. (MEM=1208.31 CPU=0:00:00.8 REAL=0:00:01.0)
End delay calculation (fullDC). (MEM=1208.31 CPU=0:00:01.1 REAL=0:00:01.0)
Begin: GigaOpt high fanout net optimization
Info: 0 don't touch net , 2560 undriven nets excluded from IPO operation.
Info: 1 clock net  excluded from IPO operation.

Footprint cell information for calculating maxBufDist
*info: There are 11 candidate Buffer cells
*info: There are 13 candidate Inverter cells

+----------+---------+--------+--------+------------+--------+
| Density  | Commits |  WNS   |  TNS   |    Real    |  Mem   |
+----------+---------+--------+--------+------------+--------+
|    22.91%|        -|   0.000|   0.000|   0:00:00.0| 1266.5M|
|    23.87%|      389|   0.000|   0.000|   0:00:01.0| 1287.5M|
+----------+---------+--------+--------+------------+--------+

*** Finish pre-CTS High Fanout Net Fixing (cpu=0:00:01.0 real=0:00:01.0 mem=1287.5M) ***
**** Begin NDR-Layer Usage Statistics ****
0 Ndr or Layer constraints added by optimization 
**** End NDR-Layer Usage Statistics ****


=======================================================================
                Reasons for remaining drv violations
=======================================================================
*info: Total 1 net(s) were new nets created by previous iteration of DRV buffering. Further DRV fixing might remove some violations.

End: GigaOpt high fanout net optimization
Begin: GigaOpt DRV Optimization
Info: 0 don't touch net , 2560 undriven nets excluded from IPO operation.
Info: 1 clock net  excluded from IPO operation.
+-------------------------------------------------------------------------------------------------------------------------------------------------------+
|        max-tran       |        max-cap        |  max-fanout |  max-length |       setup       |        |        |        |       |          |         |
+-------------------------------------------------------------------------------------------------------------------------------------------------------+
| nets | terms|  wViol  | nets | terms|  wViol  | nets | terms| nets | terms|   WNS   |   TNS   |  #Buf  |  #Inv  | #Resize|Density|   Real   |   Mem   |
+-------------------------------------------------------------------------------------------------------------------------------------------------------+
|  1912|  2840|    -4.67|   207|   207|    -8.23|     2|     2|     0|     0|     0.18|     0.00|       0|       0|       0|  23.87|          |         |
|   120|   120|    -0.03|   265|   265|    -0.03|     0|     0|     0|     0|     5.26|     0.00|     477|     435|      38|  27.96| 0:00:02.0|  1291.5M|
|     0|     0|     0.00|   129|   129|    -0.03|     0|     0|     0|     0|     5.23|     0.00|     130|     266|     137|  29.16| 0:00:01.0|  1291.5M|
+-------------------------------------------------------------------------------------------------------------------------------------------------------+
**** Begin NDR-Layer Usage Statistics ****
0 Ndr or Layer constraints added by optimization 
**** End NDR-Layer Usage Statistics ****


=======================================================================
                Reasons for remaining drv violations
=======================================================================
*info: Total 129 net(s) were new nets created by previous iteration of DRV buffering. Further DRV fixing might remove some violations.


*** Finish DRV Fixing (cpu=0:00:03.3 real=0:00:04.0 mem=1291.5M) ***

*** Starting refinePlace (0:02:59 mem=1307.5M) ***
Total net bbox length = 1.167e+05 (5.181e+04 6.494e+04) (ext = 2.750e+04)
**WARN: (IMPSP-5140):	Global net connect rules have not been created. Added  insts would have no supply connectivity, and would fail DRC.
Type 'man IMPSP-5140' for more detail.
**WARN: (IMPSP-315):	Found 12136 instances insts with no PG Term connections.
Type 'man IMPSP-315' for more detail.
Move report: Detail placement moves 3903 insts, mean move: 20.29 um, max move: 138.40 um
	Max move on inst (FE_OFC1471_ciphertext_out_119): (114.00, 783.20) --> (247.60, 778.40)
	Runtime: CPU: 0:00:00.2 REAL: 0:00:00.0 MEM: 1307.5MB
Summary Report:
Instances move: 3903 (out of 7547 movable)
Instances flipped: 0
Mean displacement: 20.29 um
Max displacement: 138.40 um (Instance: FE_OFC1471_ciphertext_out_119) (114, 783.2) -> (247.6, 778.4)
	Length: 15 sites, height: 1 rows, site name: CORE, cell type: INVERT_O
Total net bbox length = 1.906e+05 (8.531e+04 1.053e+05) (ext = 4.353e+04)
Runtime: CPU: 0:00:00.2 REAL: 0:00:00.0 MEM: 1307.5MB
*** Finished refinePlace (0:02:59 mem=1307.5M) ***
*** maximum move = 138.40 um ***
*** Finished re-routing un-routed nets (1307.5M) ***

*** Finish Physical Update (cpu=0:00:00.7 real=0:00:01.0 mem=1307.5M) ***
End: GigaOpt DRV Optimization
GigaOpt: Cleaning up trial route
[NR-eGR] honorMsvRouteConstraint: false
[NR-eGR] honorClockSpecNDR      : 0
[NR-eGR] minRouteLayer          : 2
[NR-eGR] maxRouteLayer          : 127
[NR-eGR] numTracksPerClockWire  : 0
[NR-eGR] M1 has no routable track
[NR-eGR] M2 has single uniform track structure
[NR-eGR] M3 has single uniform track structure
[NR-eGR] M4 has single uniform track structure
[NR-eGR] MQ has single uniform track structure
[NR-eGR] Read 4054 PG shapes in 0.010 seconds

[NR-eGR] numRoutingBlks=0 numInstBlks=0 numPGBlocks=4054 numBumpBlks=0 numBoundaryFakeBlks=0
[NR-eGR] Num Prerouted Nets = 0  Num Prerouted Wires = 0
[NR-eGR] Read numTotalNets=7681  numIgnoredNets=0
[NR-eGR] There are 1 clock nets ( 0 with NDR ).
[NR-eGR] ============ Routing rule table ============
[NR-eGR] Rule id: 0  Nets: 7681 
[NR-eGR] ========================================
[NR-eGR] 
[NR-eGR] Layer group 1: route 7681 net(s) in layer range [2, 5]
[NR-eGR] earlyGlobalRoute overflow of layer group 1: 0.00% H + 0.00% V. EstWL: 2.204448e+05um
[NR-eGR] 
[NR-eGR] Congestion Analysis By layer: (blocked Gcells are excluded) 
[NR-eGR]                        OverCon            
[NR-eGR]                         #Gcell     %Gcell
[NR-eGR]       Layer                (2)    OverCon 
[NR-eGR] ----------------------------------------------
[NR-eGR]      M1  (1)         0( 0.00%)   ( 0.00%) 
[NR-eGR]      M2  (2)         0( 0.00%)   ( 0.00%) 
[NR-eGR]      M3  (3)        33( 0.11%)   ( 0.11%) 
[NR-eGR]      M4  (4)         1( 0.00%)   ( 0.00%) 
[NR-eGR]      MQ  (5)         0( 0.00%)   ( 0.00%) 
[NR-eGR] ----------------------------------------------
[NR-eGR] Total               34( 0.03%)   ( 0.03%) 
[NR-eGR] 
[NR-eGR] Overflow after earlyGlobalRoute (GR compatible) 0.01% H + 0.00% V
[NR-eGR] Overflow after earlyGlobalRoute 0.01% H + 0.00% V
[NR-eGR] --------------------------------------------------------------------------
[NR-eGR]     M1  (1F) length: 0.000000e+00um, number of vias: 23843
[NR-eGR]     M2  (2V) length: 9.458380e+04um, number of vias: 34290
[NR-eGR]     M3  (3H) length: 9.443080e+04um, number of vias: 886
[NR-eGR]     M4  (4V) length: 3.027700e+04um, number of vias: 198
[NR-eGR]     MQ  (5H) length: 8.504800e+03um, number of vias: 0
[NR-eGR] Total length: 2.277964e+05um, number of vias: 59217
[NR-eGR] --------------------------------------------------------------------------
[NR-eGR] Total eGR-routed clock nets wire length: 2.267700e+04um 
[NR-eGR] --------------------------------------------------------------------------
[NR-eGR] End Peak syMemory usage = 1190.1 MB
[NR-eGR] Early Global Router Kernel+IO runtime : 0.28 seconds
GigaOpt: Cleaning up extraction
Extraction called for design 'AES' of instances=12136 and nets=10372 using extraction engine 'preRoute' .
PreRoute RC Extraction called for design AES.
RC Extraction called in multi-corner(2) mode.
RCMode: PreRoute
      RC Corner Indexes            0       1   
Capacitance Scaling Factor   : 1.00000 1.00000 
Resistance Scaling Factor    : 1.00000 1.00000 
Clock Cap. Scaling Factor    : 1.00000 1.00000 
Clock Res. Scaling Factor    : 1.00000 1.00000 
Shrink Factor                : 1.00000
PreRoute extraction is honoring NDR/Shielding/ExtraSpace for clock nets.
Using capacitance table file ...
Updating RC grid for preRoute extraction ...
Initializing multi-corner capacitance tables ... 
Initializing multi-corner resistance tables ...
Creating RPSQ from WeeR and WRes ...
Creating RPSQ from WeeR and WRes ...
PreRoute RC Extraction DONE (CPU Time: 0:00:00.1  Real Time: 0:00:00.0  MEM: 1190.082M)
GigaOpt: Cleaning up delay & timing
#################################################################################
# Design Stage: PreRoute
# Design Name: AES
# Design Mode: 130nm
# Analysis Mode: MMMC OCV 
# Parasitics Mode: No SPEF/RCDB
# Signoff Settings: SI Off 
#################################################################################
AAE_INFO: 1 threads acquired from CTE.
Calculate early delays in OCV mode...
Calculate late delays in OCV mode...
Start delay calculation (fullDC) (1 T). (MEM=1220.82)
Total number of fetched objects 10628
End delay calculation. (MEM=1268.59 CPU=0:00:00.9 REAL=0:00:00.0)
End delay calculation (fullDC). (MEM=1268.59 CPU=0:00:01.3 REAL=0:00:01.0)
Begin: GigaOpt DRV Optimization (small scale fixing)
Info: 0 don't touch net , 2560 undriven nets excluded from IPO operation.
Info: 1 clock net  excluded from IPO operation.
+-------------------------------------------------------------------------------------------------------------------------------------------------------+
|        max-tran       |        max-cap        |  max-fanout |  max-length |       setup       |        |        |        |       |          |         |
+-------------------------------------------------------------------------------------------------------------------------------------------------------+
| nets | terms|  wViol  | nets | terms|  wViol  | nets | terms| nets | terms|   WNS   |   TNS   |  #Buf  |  #Inv  | #Resize|Density|   Real   |   Mem   |
+-------------------------------------------------------------------------------------------------------------------------------------------------------+
|   344|   344|    -0.10|   803|   803|    -0.14|     0|     0|     0|     0|     5.19|     0.00|       0|       0|       0|  29.16|          |         |
|    18|    18|    -0.03|   190|   190|    -0.05|     0|     0|     0|     0|     5.01|     0.00|     298|     736|     452|  32.18| 0:00:03.0|  1294.3M|
|     0|     0|     0.00|   129|   129|    -0.05|     0|     0|     0|     0|     5.01|     0.00|      31|       4|      36|  32.28| 0:00:00.0|  1294.3M|
|     0|     0|     0.00|   129|   129|    -0.05|     0|     0|     0|     0|     5.01|     0.00|       0|       0|       0|  32.28| 0:00:01.0|  1294.3M|
+-------------------------------------------------------------------------------------------------------------------------------------------------------+
**** Begin NDR-Layer Usage Statistics ****
0 Ndr or Layer constraints added by optimization 
**** End NDR-Layer Usage Statistics ****


=======================================================================
                Reasons for remaining drv violations
=======================================================================
*info: Total 129 net(s) have violations which can't be fixed by DRV optimization.

MultiBuffering failure reasons
------------------------------------------------
*info:   129 net(s): Could not be fixed because the solution degraded timing.


*** Finish DRV Fixing (cpu=0:00:04.4 real=0:00:05.0 mem=1294.3M) ***

*** Starting refinePlace (0:03:07 mem=1310.3M) ***
Total net bbox length = 1.941e+05 (8.690e+04 1.072e+05) (ext = 3.206e+04)
**WARN: (IMPSP-5140):	Global net connect rules have not been created. Added  insts would have no supply connectivity, and would fail DRC.
Type 'man IMPSP-5140' for more detail.
**WARN: (IMPSP-315):	Found 13205 instances insts with no PG Term connections.
Type 'man IMPSP-315' for more detail.
Move report: Detail placement moves 2883 insts, mean move: 40.34 um, max move: 111.60 um
	Max move on inst (FE_OFC2556_n2536): (226.80, 711.20) --> (252.00, 624.80)
	Runtime: CPU: 0:00:00.2 REAL: 0:00:00.0 MEM: 1310.3MB
Summary Report:
Instances move: 2883 (out of 8616 movable)
Instances flipped: 0
Mean displacement: 40.34 um
Max displacement: 111.60 um (Instance: FE_OFC2556_n2536) (226.8, 711.2) -> (252, 624.8)
	Length: 8 sites, height: 1 rows, site name: CORE, cell type: BUFFER_J
Total net bbox length = 2.828e+05 (1.235e+05 1.593e+05) (ext = 4.559e+04)
Runtime: CPU: 0:00:00.3 REAL: 0:00:00.0 MEM: 1310.3MB
*** Finished refinePlace (0:03:07 mem=1310.3M) ***
*** maximum move = 111.60 um ***
*** Finished re-routing un-routed nets (1310.3M) ***

*** Finish Physical Update (cpu=0:00:01.0 real=0:00:01.0 mem=1310.3M) ***
End: GigaOpt DRV Optimization (small scale fixing)
GigaOpt: Cleaning up delay & timing

------------------------------------------------------------
     Summary (cpu=0.26min real=0.27min mem=1229.4M)                             
------------------------------------------------------------

Setup views included:
 VIEW_ss_125 

+--------------------+---------+
|     Setup mode     |   all   |
+--------------------+---------+
|           WNS (ns):|  4.995  |
|           TNS (ns):|  0.000  |
|    Violating Paths:|    0    |
|          All Paths:|  3213   |
+--------------------+---------+

+----------------+-------------------------------+------------------+
|                |              Real             |       Total      |
|    DRVs        +------------------+------------+------------------|
|                |  Nr nets(terms)  | Worst Vio  |  Nr nets(terms)  |
+----------------+------------------+------------+------------------+
|   max_cap      |    309 (309)     |   -0.043   |    310 (3132)    |
|   max_tran     |     86 (86)      |   -0.029   |     86 (86)      |
|   max_fanout   |      0 (0)       |     0      |      1 (1)       |
|   max_length   |      0 (0)       |     0      |      0 (0)       |
+----------------+------------------+------------+------------------+

Density: 32.287%
Routing Overflow: 0.01% H and 0.00% V
------------------------------------------------------------
**optDesign ... cpu = 0:00:20, real = 0:00:20, mem = 986.2M, totSessionCpu=0:03:08 **
Reported timing to dir ../reports/AES/preCTS_opt_timing
**optDesign ... cpu = 0:00:20, real = 0:00:20, mem = 987.2M, totSessionCpu=0:03:08 **

------------------------------------------------------------
     optDesign Final Summary                             
------------------------------------------------------------

Setup views included:
 VIEW_ss_125 

+--------------------+---------+---------+---------+
|     Setup mode     |   all   | reg2reg | default |
+--------------------+---------+---------+---------+
|           WNS (ns):|  4.995  |  5.216  |  4.995  |
|           TNS (ns):|  0.000  |  0.000  |  0.000  |
|    Violating Paths:|    0    |    0    |    0    |
|          All Paths:|  3213   |  2694   |  3212   |
+--------------------+---------+---------+---------+

+----------------+-------------------------------+------------------+
|                |              Real             |       Total      |
|    DRVs        +------------------+------------+------------------|
|                |  Nr nets(terms)  | Worst Vio  |  Nr nets(terms)  |
+----------------+------------------+------------+------------------+
|   max_cap      |    309 (309)     |   -0.043   |    310 (3132)    |
|   max_tran     |     86 (86)      |   -0.029   |     86 (86)      |
|   max_fanout   |      0 (0)       |     0      |      1 (1)       |
|   max_length   |      0 (0)       |     0      |      0 (0)       |
+----------------+------------------+------------+------------------+

Density: 32.287%
Routing Overflow: 0.01% H and 0.00% V
------------------------------------------------------------
**optDesign ... cpu = 0:00:21, real = 0:00:22, mem = 987.2M, totSessionCpu=0:03:09 **
*** Finished optDesign ***
<CMD> create_ccopt_clock_tree_spec -file AES.ctstch
Creating clock tree spec for modes (timing configs): syn_constraints
extract_clock_generator_skew_groups=true: create_ccopt_clock_tree_spec will generate skew groups with a name prefix of "_clock_gen" to balance clock generator connected flops with the clock generator they drive.
Reset timing graph...
Ignoring AAE DB Resetting ...
Reset timing graph done.
Ignoring AAE DB Resetting ...
Analyzing clock structure...
Analyzing clock structure done.
Reset timing graph...
Ignoring AAE DB Resetting ...
Reset timing graph done.
Wrote: AES.ctstch
<CMD> set_ccopt_property buffer_cells {CLK_I CLK_K CLK_M CLK_O CLK_Q}
<CMD> set_ccopt_property inverter_cells {CLKI_I CLKI_K CLKI_M CLKI_O CLKI_Q}
<CMD> ccopt_design -prefix CTS -outDir ../reports/AES/CTS
#% Begin ccopt_design (date=03/23 21:47:31, mem=971.7M)
Runtime...
(ccopt_design): CTS Engine: auto. Used Spec: CCOPT spec from create_ccopt_clock_tree_spec.
(ccopt_design): create_ccopt_clock_tree_spec
Creating clock tree spec for modes (timing configs): syn_constraints
extract_clock_generator_skew_groups=true: create_ccopt_clock_tree_spec will generate skew groups with a name prefix of "_clock_gen" to balance clock generator connected flops with the clock generator they drive.
Reset timing graph...
Ignoring AAE DB Resetting ...
Reset timing graph done.
Ignoring AAE DB Resetting ...
Analyzing clock structure...
Analyzing clock structure done.
Reset timing graph...
Ignoring AAE DB Resetting ...
Reset timing graph done.
Extracting original clock gating for clk...
  clock_tree clk contains 2822 sinks and 0 clock gates.
  Extraction for clk complete.
Extracting original clock gating for clk done.
The skew group clk/syn_constraints was created. It contains 2822 sinks and 1 sources.
Checking clock tree convergence...
Checking clock tree convergence done.
Preferred extra space for top nets is 0
Preferred extra space for trunk nets is 1
Preferred extra space for leaf nets is 1
Placement constraints of type 'region' or 'fence' will not be downgraded to 'guide' because the property change_fences_to_guides has been set to false.
Set place::cacheFPlanSiteMark to 1
Using CCOpt effort none.
CCOpt::Phase::Initialization...
Check Prerequisites...
Leaving CCOpt scope - CheckPlace...
Begin checking placement ... (start mem=1207.1M, init mem=1207.1M)
*info: Placed = 13205          (Fixed = 4589)
*info: Unplaced = 0           
Placement Density:32.29%(189579/587171)
Placement Density (including fixed std cells):35.20%(216012/613603)
Finished checkPlace (total: cpu=0:00:00.1, real=0:00:00.0; vio checks: cpu=0:00:00.1, real=0:00:00.0; mem=1207.1M)
Leaving CCOpt scope - CheckPlace done. (took cpu=0:00:00.1 real=0:00:00.1)
Validating CTS configuration...
Checking module port directions...
Leaving CCOpt scope...
Leaving CCOpt scope done. (took cpu=0:00:00.0 real=0:00:00.0)
Checking module port directions done. (took cpu=0:00:00.0 real=0:00:00.0)
Non-default CCOpt properties:
buffer_cells is set for at least one key
inverter_cells is set for at least one key
preferred_extra_space is set for at least one key
route_type is set for at least one key
source_output_max_trans is set for at least one key
target_insertion_delay is set for at least one key
target_max_trans_sdc is set for at least one key
Using cell based legalization.
Route type trimming info:
  No route type modifications were made.
**ERROR: (IMPCCOPT-1349):	Clock tree clk connects to 1 module(s) without definitions in the netlist.
Rebuilding timing graph...
Rebuilding timing graph done.
**WARN: (IMPCCOPT-1182):	The clock_gating_cells property has no usable full-cycle clock gates for power domain auto-default. Gating limited for clock tree clk. You may be able to solve this problem by specifying a list of lib_cells to use with the clock_gating_cells property.
Library trimming inverters in power domain auto-default and half-corner CORNER_ss_125:setup.late removed 0 of 5 cells
Original list had 5 cells:
CLKI_Q CLKI_O CLKI_M CLKI_K CLKI_I 
Library trimming was not able to trim any cells:
CLKI_Q CLKI_O CLKI_M CLKI_K CLKI_I 
Clock tree balancer configuration for clock_tree clk:
Non-default CCOpt properties:
  route_type (leaf): default_route_type_leaf (default: default)
  route_type (trunk): default_route_type_nonleaf (default: default)
  route_type (top): default_route_type_nonleaf (default: default)
Found 1 module instances of undefined cell key_expand
CTS will not run on this clock tree.
For power domain auto-default:
  Buffers:     CLK_Q CLK_O CLK_M CLK_K CLK_I 
  Inverters:   CLKI_Q CLKI_O CLKI_M CLKI_K CLKI_I 
  Clock gates: 
  Unblocked area available for placement of any clock cells in power_domain auto-default: 611748.480um^2
Top Routing info:
  Route-type name: default_route_type_nonleaf; Top/bottom preferred layer name: M4/M3; 
  Unshielded; Mask Constraint: 0; Source: route_type.
Trunk Routing info:
  Route-type name: default_route_type_nonleaf; Top/bottom preferred layer name: M4/M3; 
  Unshielded; Preferred extra space: 1; Mask Constraint: 0; Source: route_type.
Leaf Routing info:
  Route-type name: default_route_type_leaf; Top/bottom preferred layer name: M4/M3; 
  Unshielded; Preferred extra space: 1; Mask Constraint: 0; Source: route_type.
For timing_corner CORNER_ss_125:setup, late and power domain auto-default:
  Slew time target (leaf):    0.100ns
  Slew time target (trunk):   0.100ns
  Slew time target (top):     0.100ns (Note: no nets are considered top nets in this clock tree)
  Buffer unit delay: 0.083ns
  Buffer max distance: 320.000um
Fastest wire driving cells and distances:
  Buffer    : {lib_cell:CLK_Q, fastest_considered_half_corner=CORNER_ss_125:setup.late, optimalDrivingDistance=320.000um, saturatedSlew=0.023ns, speed=3607.666um per ns, cellArea=270.000um^2 per 1000um}
  Inverter  : {lib_cell:CLKI_Q, fastest_considered_half_corner=CORNER_ss_125:setup.late, optimalDrivingDistance=120.000um, saturatedSlew=0.014ns, speed=1212.734um per ns, cellArea=784.000um^2 per 1000um}


Logic Sizing Table:

----------------------------------------------------------
Cell    Instance count    Source    Eligible library cells
----------------------------------------------------------
  (empty table)
----------------------------------------------------------


Clock tree timing engine global stage delay update for CORNER_ss_125:setup.late...
Clock tree timing engine global stage delay update for CORNER_ss_125:setup.late done. (took cpu=0:00:00.0 real=0:00:00.0)
Clock tree balancer configuration for skew_group clk/syn_constraints:
  Sources:                     pin clk
  Total number of sinks:       2822
  Delay constrained sinks:     2822
  Non-leaf sinks:              0
  Ignore pins:                 0
 Timing corner CORNER_ss_125:setup.late:
  Skew target:                 0.000ns
  Insertion delay target:      1.000ns
**WARN: (IMPCCOPT-1361):	Routing configuration for top nets in clock tree clk: preferred layers M3-M4 are outside NanoRoute configured layer range. This is likely to cause routing correlation issues.
**WARN: (IMPCCOPT-1361):	Routing configuration for trunk nets in clock tree clk: preferred layers M3-M4 are outside NanoRoute configured layer range. This is likely to cause routing correlation issues.
**WARN: (IMPCCOPT-1361):	Routing configuration for leaf nets in clock tree clk: preferred layers M3-M4 are outside NanoRoute configured layer range. This is likely to cause routing correlation issues.
Primary reporting skew group is skew_group clk/syn_constraints with 2822 clock sinks.

Via Selection for Estimated Routes (rule default):

------------------------------------------------------------
Layer    Via Cell    Res.     Cap.     RC       Top of Stack
Range                (Ohm)    (fF)     (fs)     Only
------------------------------------------------------------
M1-M2    M1_M2_V1    6.000    0.030    0.177    false
M2-M3    M2_M3_V2    6.000    0.020    0.121    false
M3-M4    M3_M4_V3    6.000    0.019    0.114    false
M4-MQ    M4_MQ_VL    3.000    0.049    0.147    false
------------------------------------------------------------

No ideal or dont_touch nets found in the clock tree
Validating CTS configuration done. (took cpu=0:00:00.7 real=0:00:00.7)

CCOpt configuration status: cannot run ccopt_design.
Check the log for details of problem(s) found:

---------------------------------------------------
Design configuration problems
---------------------------------------------------
One or more clock trees have configuration problems
---------------------------------------------------

Clock tree configuration problems:

------------------------------------------------------------------------
Clock tree    Problem
------------------------------------------------------------------------
clk           Contains instances which have no definition in the netlist
------------------------------------------------------------------------


Check Prerequisites done. (took cpu=0:00:00.8 real=0:00:00.8)
CCOpt::Phase::Initialization done. (took cpu=0:00:00.8 real=0:00:00.8)
**ERROR: (IMPCCOPT-2196):	Cannot run ccopt_design because the command prerequisites were not met. Review the previous error messages for more details about the failure.
Set place::cacheFPlanSiteMark to 0

*** Summary of all messages that are not suppressed in this session:
Severity  ID               Count  Summary                                  
ERROR     IMPCCOPT-1349        1  Clock tree %s connects to %d module(s) w...
WARNING   IMPCCOPT-1361        3  Routing configuration for %s nets in clo...
ERROR     IMPCCOPT-2196        1  Cannot run ccopt_design because the comm...
WARNING   IMPCCOPT-1182        1  The clock_gating_cells property has no u...
*** Message Summary: 4 warning(s), 2 error(s)

#% End ccopt_design (date=03/23 21:47:32, total cpu=0:00:01.5, real=0:00:01.0, peak res=1006.4M, current mem=1006.4M)

<CMD> saveDesign saves/AES_cts
#% Begin save design ... (date=03/23 21:47:32, mem=1006.4M)
% Begin Save ccopt configuration ... (date=03/23 21:47:32, mem=1006.4M)
% End Save ccopt configuration ... (date=03/23 21:47:32, total cpu=0:00:00.1, real=0:00:00.0, peak res=1007.1M, current mem=1007.1M)
% Begin Save netlist data ... (date=03/23 21:47:32, mem=1007.1M)
Writing Binary DB to saves/AES_cts.dat/AES.v.bin in single-threaded mode...
% End Save netlist data ... (date=03/23 21:47:32, total cpu=0:00:00.0, real=0:00:00.0, peak res=1007.1M, current mem=1007.1M)
Saving congestion map file saves/AES_cts.dat/AES.route.congmap.gz ...
% Begin Save AAE data ... (date=03/23 21:47:33, mem=1007.1M)
Saving AAE Data ...
% End Save AAE data ... (date=03/23 21:47:33, total cpu=0:00:00.0, real=0:00:00.0, peak res=1007.1M, current mem=1007.1M)
% Begin Save clock tree data ... (date=03/23 21:47:33, mem=1007.1M)
% End Save clock tree data ... (date=03/23 21:47:33, total cpu=0:00:00.0, real=0:00:00.0, peak res=1007.1M, current mem=1007.1M)
Saving preference file saves/AES_cts.dat/gui.pref.tcl ...
Saving mode setting ...
Saving global file ...
% Begin Save floorplan data ... (date=03/23 21:47:33, mem=1007.2M)
Saving floorplan file ...
% End Save floorplan data ... (date=03/23 21:47:33, total cpu=0:00:00.0, real=0:00:00.0, peak res=1007.2M, current mem=1007.2M)
Saving Drc markers ...
... No Drc file written since there is no markers found.
% Begin Save placement data ... (date=03/23 21:47:33, mem=1007.2M)
** Saving stdCellPlacement_binary (version# 2) ...
% End Save placement data ... (date=03/23 21:47:33, total cpu=0:00:00.0, real=0:00:00.0, peak res=1007.2M, current mem=1007.2M)
% Begin Save routing data ... (date=03/23 21:47:33, mem=1007.2M)
Saving route file ...
*** Completed saveRoute (cpu=0:00:00.0 real=0:00:00.0 mem=1248.4M) ***
% End Save routing data ... (date=03/23 21:47:33, total cpu=0:00:00.1, real=0:00:00.0, peak res=1007.2M, current mem=1007.2M)
Saving property file saves/AES_cts.dat/AES.prop
*** Completed saveProperty (cpu=0:00:00.0 real=0:00:00.0 mem=1248.4M) ***
% Begin Save power constraints data ... (date=03/23 21:47:33, mem=1007.2M)
% End Save power constraints data ... (date=03/23 21:47:33, total cpu=0:00:00.0, real=0:00:01.0, peak res=1007.2M, current mem=1007.2M)
Saving rc congestion map saves/AES_cts.dat/AES.congmap.gz ...
RC_min RC_max
RC_min RC_max
RC_min RC_max
RC_min RC_max
RC_min RC_max
Generated self-contained design AES_cts.dat
#% End save design ... (date=03/23 21:47:34, total cpu=0:00:00.7, real=0:00:02.0, peak res=1007.2M, current mem=953.9M)
*** Message Summary: 0 warning(s), 0 error(s)

<CMD> update_constraint_mode \
    -name syn_constraints \
    -sdc_files {../constraints/program_counter_postcts.sdc}
**ERROR: (TCLCMD-989):	cannot open SDC file '../constraints/program_counter_postcts.sdc' for mode 'syn_constraints'

<CMD> optDesign -postCTS -hold -outDir ../reports/AES/postCTS_opt_timing
**INFO: setDesignMode -flowEffort standard -> setting 'setOptMode -allEndPoints true' for the duration of this command.
GigaOpt running with 1 threads.
**optDesign ... cpu = 0:00:00, real = 0:00:00, mem = 958.1M, totSessionCpu=0:03:13 **
*** optDesign -postCTS ***
DRC Margin: user margin 0.0
Hold Target Slack: user slack 0
Setup Target Slack: user slack 0;
**WARN: (IMPOPT-3195):	Analysis mode has changed.
Type 'man IMPOPT-3195' for more detail.
Start to check current routing status for nets...
All nets are already routed correctly.
End to check current routing status for nets (mem=1176.3M)
Compute RC Scale Done ...
GigaOpt Hold Optimizer is used
Starting initialization (fixHold) cpu=0:00:00.0 real=0:00:00.0 totSessionCpu=0:03:14 mem=1254.5M ***
**INFO: Starting Blocking QThread with 1 CPU
   ____________________________________________________________________
__/ message from Blocking QThread
*** QThread HoldInit [begin] : cpu/real = 0:00:00.0/0:00:00.0 (0.0), mem = 0.5M
#################################################################################
# Design Stage: PreRoute
# Design Name: AES
# Design Mode: 130nm
# Analysis Mode: MMMC OCV 
# Parasitics Mode: No SPEF/RCDB
# Signoff Settings: SI Off 
#################################################################################
AAE_INFO: 1 threads acquired from CTE.
Calculate late delays in OCV mode...
Calculate early delays in OCV mode...
Start delay calculation (fullDC) (1 T). (MEM=20.6562)
*** Calculating scaling factor for LIB_ff_-55 libraries using the default operating condition of each library.
Total number of fetched objects 11697
End delay calculation. (MEM=0 CPU=0:00:00.9 REAL=0:00:01.0)
End delay calculation (fullDC). (MEM=0 CPU=0:00:01.2 REAL=0:00:01.0)
*** Done Building Timing Graph (cpu=0:00:01.5 real=0:00:01.0 totSessionCpu=0:00:01.8 mem=0.0M)

Active hold views:
 VIEW_ff_-55
  Dominating endpoints: 0
  Dominating TNS: -0.000

Done building cte hold timing graph (fixHold) cpu=0:00:01.8 real=0:00:01.0 totSessionCpu=0:00:01.8 mem=0.0M ***
Done building hold timer [25023 node(s), 27470 edge(s), 1 view(s)] (fixHold) cpu=0:00:02.5 real=0:00:02.0 totSessionCpu=0:00:02.5 mem=0.0M ***
*** QThread HoldInit [finish] : cpu/real = 0:00:02.5/0:00:02.0 (1.2), mem = 0.0M

_______________________________________________________________________
#################################################################################
# Design Stage: PreRoute
# Design Name: AES
# Design Mode: 130nm
# Analysis Mode: MMMC OCV 
# Parasitics Mode: No SPEF/RCDB
# Signoff Settings: SI Off 
#################################################################################
AAE_INFO: 1 threads acquired from CTE.
Calculate early delays in OCV mode...
Calculate late delays in OCV mode...
Start delay calculation (fullDC) (1 T). (MEM=1274.66)
Total number of fetched objects 11697
End delay calculation. (MEM=1293.87 CPU=0:00:01.0 REAL=0:00:01.0)
End delay calculation (fullDC). (MEM=1293.87 CPU=0:00:01.2 REAL=0:00:02.0)
*** Done Building Timing Graph (cpu=0:00:01.5 real=0:00:02.0 totSessionCpu=0:03:19 mem=1293.9M)

Active setup views:
 VIEW_ss_125
  Dominating endpoints: 0
  Dominating TNS: -0.000

Done building cte setup timing graph (fixHold) cpu=0:00:05.2 real=0:00:06.0 totSessionCpu=0:03:19 mem=1293.9M ***
Restoring Auto Hold Views:  VIEW_ff_-55
Restoring Hold Target Slack: 0

*Info: minBufDelay = 48.6 ps, libStdDelay = 21.5 ps, minBufSize = 9600000 (5.0)
*Info: worst delay setup view: VIEW_ss_125

------------------------------------------------------------
             Initial Summary                             
------------------------------------------------------------

Setup views included:
 VIEW_ss_125
Hold  views included:
 VIEW_ff_-55

+--------------------+---------+---------+---------+
|     Setup mode     |   all   | reg2reg | default |
+--------------------+---------+---------+---------+
|           WNS (ns):|  5.005  |  5.225  |  5.005  |
|           TNS (ns):|  0.000  |  0.000  |  0.000  |
|    Violating Paths:|    0    |    0    |    0    |
|          All Paths:|  3213   |  2694   |  3212   |
+--------------------+---------+---------+---------+

+--------------------+---------+---------+---------+
|     Hold mode      |   all   | reg2reg | default |
+--------------------+---------+---------+---------+
|           WNS (ns):| -0.441  | -0.375  | -0.441  |
|           TNS (ns):|-953.181 |-915.523 |-111.155 |
|    Violating Paths:|  2694   |  2694   |   303   |
|          All Paths:|  2823   |  2694   |  2822   |
+--------------------+---------+---------+---------+

+----------------+-------------------------------+------------------+
|                |              Real             |       Total      |
|    DRVs        +------------------+------------+------------------|
|                |  Nr nets(terms)  | Worst Vio  |  Nr nets(terms)  |
+----------------+------------------+------------+------------------+
|   max_cap      |    309 (309)     |   -0.043   |    310 (3132)    |
|   max_tran     |     86 (86)      |   -0.029   |     86 (86)      |
|   max_fanout   |      0 (0)       |     0      |      1 (1)       |
|   max_length   |      0 (0)       |     0      |      0 (0)       |
+----------------+------------------+------------+------------------+

Density: 32.287%
Routing Overflow: 0.01% H and 0.00% V
------------------------------------------------------------
**optDesign ... cpu = 0:00:08, real = 0:00:08, mem = 1009.9M, totSessionCpu=0:03:21 **
*info: Run optDesign holdfix with 1 thread.
Info: 0 don't touch net , 2560 undriven nets excluded from IPO operation.
Info: 1 clock net  excluded from IPO operation.
Info: Done creating the CCOpt slew target map.

*** Starting Core Fixing (fixHold) cpu=0:00:07.3 real=0:00:08.0 totSessionCpu=0:03:21 mem=1257.5M density=32.287% ***

Phase I ......
Executing transform: ECO Safe Resize
+----+--------+---------+--------+-----------+----------------+----------+------------+---------+
|Iter|  WNS   |  TNS    |  #VP   |  #Buffer  |  #Resize(F/F)  | Density  |    Real    |   Mem   |
+----+--------+---------+--------+-----------+----------------+----------+------------+---------+
|   0|  -0.441|  -953.17|    2694|          0|       0(     0)|    32.29%|   0:00:00.0|  1267.5M|
|   1|  -0.441|  -953.17|    2694|          0|       0(     0)|    32.29%|   0:00:00.0|  1286.6M|
+----+--------+---------+--------+-----------+----------------+----------+------------+---------+
Executing transform: AddBuffer + LegalResize
+----+--------+---------+--------+-----------+----------------+----------+------------+---------+
|Iter|  WNS   |  TNS    |  #VP   |  #Buffer  |  #Resize(F/F)  | Density  |    Real    |   Mem   |
+----+--------+---------+--------+-----------+----------------+----------+------------+---------+
|   0|  -0.441|  -953.17|    2694|          0|       0(     0)|    32.29%|   0:00:00.0|  1286.6M|
|   1|  -0.441|  -858.24|    2694|       2560|       0(     0)|    36.65%|   0:00:14.0|  1338.4M|
|   2|  -0.441|  -768.52|    2694|       2435|       0(     0)|    40.80%|   0:00:12.0|  1348.0M|
|   3|  -0.440|  -721.84|    2694|       1281|       0(     0)|    42.99%|   0:00:12.0|  1349.5M|
|   4|  -0.440|  -680.31|    2694|       1167|       0(     0)|    44.97%|   0:00:11.0|  1351.0M|
|   5|  -0.440|  -638.66|    2694|       1197|       0(     0)|    47.02%|   0:00:12.0|  1356.3M|
|   6|  -0.439|  -597.50|    2694|       1202|       0(     0)|    49.09%|   0:00:16.0|  1359.6M|
|   7|  -0.409|  -557.10|    2693|       1194|       0(     0)|    51.15%|   0:00:18.0|  1366.8M|
|   8|  -0.387|  -513.92|    2693|       1271|       0(     0)|    53.38%|   0:00:14.0|  1372.6M|
|   9|  -0.382|  -472.61|    2540|       1273|       0(     0)|    55.65%|   0:00:18.0|  1373.8M|
|  10|  -0.382|  -443.46|    2173|       1106|      19(     0)|    57.67%|   0:00:13.0|  1373.8M|
|  11|  -0.351|  -420.10|    2071|        770|       0(     0)|    59.02%|   0:00:07.0|  1373.8M|
|  12|  -0.347|  -400.35|    1936|        677|       6(     0)|    60.22%|   0:00:05.0|  1373.8M|
|  13|  -0.347|  -384.56|    1806|        551|       4(     0)|    61.20%|   0:00:04.0|  1379.2M|
|  14|  -0.347|  -372.96|    1654|        418|      25(     9)|    61.96%|   0:00:05.0|  1384.1M|
|  15|  -0.347|  -365.78|    1540|        271|       2(     0)|    62.46%|   0:00:01.0|  1384.1M|
|  16|  -0.347|  -361.62|    1468|        156|       0(     0)|    62.74%|   0:00:01.0|  1384.1M|
|  17|  -0.347|  -359.40|    1437|         80|       1(     0)|    62.88%|   0:00:01.0|  1384.1M|
|  18|  -0.347|  -358.06|    1420|         48|       0(     0)|    62.97%|   0:00:00.0|  1384.1M|
|  19|  -0.347|  -357.42|    1402|         31|       0(     0)|    63.02%|   0:00:01.0|  1384.1M|
|  20|  -0.347|  -357.13|    1397|         11|       0(     0)|    63.05%|   0:00:00.0|  1384.1M|
|  21|  -0.347|  -357.02|    1391|          5|       1(     0)|    63.05%|   0:00:00.0|  1384.1M|
|  22|  -0.347|  -357.02|    1391|          0|       0(     0)|    63.05%|   0:00:00.0|  1384.1M|
+----+--------+---------+--------+-----------+----------------+----------+------------+---------+

*info:    Total 17704 cells added for Phase I
*info:    Total 58 instances resized for Phase I

Phase II ......
Executing transform: AddBuffer
+----+--------+---------+--------+-----------+----------------+----------+------------+---------+
|Iter|  WNS   |  TNS    |  #VP   |  #Buffer  |  #Resize(F/F)  | Density  |    Real    |   Mem   |
+----+--------+---------+--------+-----------+----------------+----------+------------+---------+
|   0|  -0.347|  -357.02|    1391|          0|       0(     0)|    63.05%|   0:00:00.0|  1394.1M|
|   1|  -0.347|  -354.55|    1391|         60|       0(     0)|    63.18%|     0:01:05|  1384.1M|
|   2|  -0.347|  -352.90|    1391|         60|       0(     0)|    63.32%|   0:00:01.0|  1384.1M|
|   3|  -0.347|  -350.70|    1391|         59|       0(     0)|    63.42%|   0:00:01.0|  1384.1M|
|   4|  -0.347|  -348.53|    1391|         60|       0(     0)|    63.52%|   0:00:00.0|  1384.1M|
|   5|  -0.347|  -346.34|    1391|         60|       0(     0)|    63.61%|   0:00:01.0|  1384.1M|
|   6|  -0.347|  -344.21|    1390|         60|       0(     0)|    63.72%|   0:00:00.0|  1384.1M|
|   7|  -0.347|  -342.32|    1388|         59|       0(     0)|    63.82%|   0:00:00.0|  1384.1M|
|   8|  -0.347|  -340.93|    1342|         57|       0(     0)|    63.93%|   0:00:01.0|  1385.6M|
|   9|  -0.347|  -340.66|    1336|         11|       0(     0)|    63.95%|   0:00:00.0|  1385.6M|
|  10|  -0.347|  -340.53|    1331|          5|       0(     0)|    63.96%|   0:00:01.0|  1385.6M|
|  11|  -0.347|  -340.53|    1331|          0|       0(     0)|    63.96%|   0:00:00.0|  1385.6M|
+----+--------+---------+--------+-----------+----------------+----------+------------+---------+

*info:    Total 491 cells added for Phase II

Phase IV ......
Executing transform: AddBuffer
+----+--------+---------+--------+-----------+----------------+----------+------------+---------+
|Iter|  WNS   |  TNS    |  #VP   |  #Buffer  |  #Resize(F/F)  | Density  |    Real    |   Mem   |
+----+--------+---------+--------+-----------+----------------+----------+------------+---------+
|   0|  -0.347|  -340.53|    1331|          0|       0(     0)|    63.96%|   0:00:00.0|  1395.6M|
|   1|  -0.347|  -299.98|    1316|       1124|       0(     0)|    65.81%|   0:00:05.0|  1389.5M|
|   2|  -0.347|  -288.37|    1311|        324|       0(     0)|    66.34%|   0:00:05.0|  1389.5M|
|   3|  -0.347|  -282.64|    1299|        164|       0(     0)|    66.61%|   0:00:02.0|  1390.3M|
|   4|  -0.347|  -279.75|    1290|         85|       0(     0)|    66.75%|   0:00:01.0|  1390.3M|
|   5|  -0.347|  -277.16|    1289|         73|       0(     0)|    66.88%|   0:00:01.0|  1390.3M|
|   6|  -0.347|  -275.44|    1286|         50|       0(     0)|    66.96%|   0:00:00.0|  1391.8M|
|   7|  -0.347|  -275.16|    1283|          9|       0(     0)|    66.98%|   0:00:01.0|  1391.8M|
|   8|  -0.347|  -274.97|    1282|          6|       0(     0)|    66.99%|   0:00:00.0|  1391.8M|
|   9|  -0.347|  -274.84|    1277|          5|       0(     0)|    67.00%|   0:00:00.0|  1391.8M|
|  10|  -0.347|  -274.84|    1277|          0|       0(     0)|    67.00%|   0:00:00.0|  1391.8M|
+----+--------+---------+--------+-----------+----------------+----------+------------+---------+

*info:    Total 1840 cells added for Phase IV


=======================================================================
                Reasons for remaining hold violations
=======================================================================
*info: Total 6983 net(s) have violated hold timing slacks.

Buffering failure reasons
------------------------------------------------
*info:  6982 net(s): Could not be fixed because of no legal loc.
*info:     1 net(s): Could not be fixed because of DRV degradation.

Resizing failure reasons
------------------------------------------------


*** Finished Core Fixing (fixHold) cpu=0:04:19 real=0:04:20 totSessionCpu=0:07:32 mem=1401.8M density=66.996% ***

*info:
*info: Added a total of 20035 cells to fix/reduce hold violation
*info:
*info: Summary: 
*info:          458 cells of type 'BUFFER_E' used
*info:          619 cells of type 'BUFFER_D' used
*info:        15165 cells of type 'BUFFER_C' used
*info:         2991 cells of type 'BUFFER_H' used
*info:           28 cells of type 'BUFFER_F' used
*info:          119 cells of type 'BUFFER_J' used
*info:          556 cells of type 'BUFFER_I' used
*info:           23 cells of type 'BUFFER_L' used
*info:           51 cells of type 'BUFFER_K' used
*info:            3 cells of type 'BUFFER_M' used
*info:           20 cells of type 'BUFFER_N' used
*info:            2 cells of type 'BUFFER_O' used
*info:
*info: Total 58 instances resized
*info:       in which 9 FF resizing
*info:

*** Starting refinePlace (0:07:33 mem=1417.8M) ***
Total net bbox length = 7.763e+05 (4.084e+05 3.679e+05) (ext = 6.184e+04)
**WARN: (IMPSP-5140):	Global net connect rules have not been created. Added  insts would have no supply connectivity, and would fail DRC.
Type 'man IMPSP-5140' for more detail.
**WARN: (IMPSP-315):	Found 33240 instances insts with no PG Term connections.
Type 'man IMPSP-315' for more detail.
Move report: Detail placement moves 21034 insts, mean move: 8.58 um, max move: 51.60 um
	Max move on inst (D_reg[122]): (548.40, 413.60) --> (585.60, 428.00)
	Runtime: CPU: 0:00:00.7 REAL: 0:00:01.0 MEM: 1417.8MB
Summary Report:
Instances move: 21034 (out of 28651 movable)
Instances flipped: 0
Mean displacement: 8.58 um
Max displacement: 51.60 um (Instance: D_reg[122]) (548.4, 413.6) -> (585.6, 428)
	Length: 15 sites, height: 1 rows, site name: CORE, cell type: DFF_E
Total net bbox length = 8.293e+05 (4.332e+05 3.960e+05) (ext = 6.269e+04)
Runtime: CPU: 0:00:00.7 REAL: 0:00:01.0 MEM: 1417.8MB
*** Finished refinePlace (0:07:33 mem=1417.8M) ***
*** maximum move = 51.60 um ***
*** Finished re-routing un-routed nets (1417.8M) ***

*** Finish Physical Update (cpu=0:00:01.3 real=0:00:01.0 mem=1417.8M) ***
*** Finish Post CTS Hold Fixing (cpu=0:04:20 real=0:04:21 totSessionCpu=0:07:34 mem=1417.8M density=66.996%) ***
**INFO: total 25670 insts, 0 nets marked don't touch
**INFO: total 25670 insts, 0 nets marked don't touch DB property
**INFO: total 25670 insts, 0 nets unmarked don't touch

*** Steiner Routed Nets: 88.126%; Threshold: 100; Threshold for Hold: 100
Re-routed 0 nets
GigaOpt_HOLD: Recover setup timing after hold fixing
GigaOpt: WNS changes after routing: 0.000 -> 0.000 (bump = 0.0)
GigaOpt: WNS bump threshold: 0.01075
GigaOpt: Skipping postEco optimization
GigaOpt: WNS changes after postEco optimization: 0.000 -> 0.000 (bump = 0.0)
GigaOpt: Skipping nonLegal postEco optimization
*** Steiner Routed Nets: 88.126%; Threshold: 100; Threshold for Hold: 100
Re-routed 0 nets
GigaOpt: WNS changes after postEco optimization: 0.000 -> 0.000 (bump = 0.0, threshold = 0.01075)
GigaOpt: Skipping post-eco TNS optimization

Active setup views:
 VIEW_ss_125
  Dominating endpoints: 0
  Dominating TNS: -0.000

[NR-eGR] honorMsvRouteConstraint: false
[NR-eGR] honorClockSpecNDR      : 0
[NR-eGR] minRouteLayer          : 2
[NR-eGR] maxRouteLayer          : 127
[NR-eGR] numTracksPerClockWire  : 0
[NR-eGR] M1 has no routable track
[NR-eGR] M2 has single uniform track structure
[NR-eGR] M3 has single uniform track structure
[NR-eGR] M4 has single uniform track structure
[NR-eGR] MQ has single uniform track structure
[NR-eGR] Read 4054 PG shapes in 0.000 seconds

[NR-eGR] numRoutingBlks=0 numInstBlks=0 numPGBlocks=4054 numBumpBlks=0 numBoundaryFakeBlks=0
[NR-eGR] Num Prerouted Nets = 0  Num Prerouted Wires = 0
[NR-eGR] Read numTotalNets=28785  numIgnoredNets=0
[NR-eGR] There are 1 clock nets ( 0 with NDR ).
[NR-eGR] ============ Routing rule table ============
[NR-eGR] Rule id: 0  Nets: 28785 
[NR-eGR] ========================================
[NR-eGR] 
[NR-eGR] Layer group 1: route 28785 net(s) in layer range [2, 5]
[NR-eGR] earlyGlobalRoute overflow of layer group 1: 0.12% H + 0.22% V. EstWL: 8.553216e+05um
[NR-eGR] 
[NR-eGR] Congestion Analysis By layer: (blocked Gcells are excluded) 
[NR-eGR]                        OverCon           OverCon            
[NR-eGR]                         #Gcell            #Gcell     %Gcell
[NR-eGR]       Layer                (1)               (4)    OverCon 
[NR-eGR] ---------------------------------------------------------------
[NR-eGR]      M1  (1)         0( 0.00%)         0( 0.00%)   ( 0.00%) 
[NR-eGR]      M2  (2)        27( 0.09%)         2( 0.01%)   ( 0.10%) 
[NR-eGR]      M3  (3)        66( 0.23%)         1( 0.00%)   ( 0.23%) 
[NR-eGR]      M4  (4)        20( 0.07%)         2( 0.01%)   ( 0.08%) 
[NR-eGR]      MQ  (5)         1( 0.00%)         0( 0.00%)   ( 0.00%) 
[NR-eGR] ---------------------------------------------------------------
[NR-eGR] Total              114( 0.10%)         5( 0.00%)   ( 0.10%) 
[NR-eGR] 
[NR-eGR] Overflow after earlyGlobalRoute (GR compatible) 0.07% H + 0.04% V
[NR-eGR] Overflow after earlyGlobalRoute 0.07% H + 0.06% V
[NR-eGR] End Peak syMemory usage = 1333.1 MB
[NR-eGR] Early Global Router Kernel+IO runtime : 0.26 seconds
[hotspot] +------------+---------------+---------------+
[hotspot] |            |   max hotspot | total hotspot |
[hotspot] +------------+---------------+---------------+
[hotspot] | normalized |          0.00 |          0.00 |
[hotspot] +------------+---------------+---------------+
Local HotSpot Analysis: normalized max congestion hotspot area = 0.00, normalized total congestion hotspot area = 0.00 (area is in unit of 4 std-cell row bins)
Reported timing to dir ../reports/AES/postCTS_opt_timing
**optDesign ... cpu = 0:04:21, real = 0:04:22, mem = 1020.8M, totSessionCpu=0:07:35 **
**INFO: Starting Blocking QThread with 1 CPU
   ____________________________________________________________________
__/ message from Blocking QThread
*** QThread HoldRpt [begin] : cpu/real = 0:00:00.0/0:00:00.0 (0.0), mem = 0.5M
#################################################################################
# Design Stage: PreRoute
# Design Name: AES
# Design Mode: 130nm
# Analysis Mode: MMMC OCV 
# Parasitics Mode: No SPEF/RCDB
# Signoff Settings: SI Off 
#################################################################################
AAE_INFO: 1 threads acquired from CTE.
Calculate late delays in OCV mode...
Calculate early delays in OCV mode...
Start delay calculation (fullDC) (1 T). (MEM=33.125)
*** Calculating scaling factor for LIB_ff_-55 libraries using the default operating condition of each library.
Total number of fetched objects 31732
End delay calculation. (MEM=0 CPU=0:00:02.1 REAL=0:00:02.0)
End delay calculation (fullDC). (MEM=0 CPU=0:00:02.6 REAL=0:00:03.0)
*** Done Building Timing Graph (cpu=0:00:03.1 real=0:00:03.0 totSessionCpu=0:00:05.7 mem=0.0M)
*** QThread HoldRpt [finish] : cpu/real = 0:00:03.9/0:00:03.0 (1.3), mem = 0.0M

_______________________________________________________________________
#################################################################################
# Design Stage: PreRoute
# Design Name: AES
# Design Mode: 130nm
# Analysis Mode: MMMC OCV 
# Parasitics Mode: No SPEF/RCDB
# Signoff Settings: SI Off 
#################################################################################
AAE_INFO: 1 threads acquired from CTE.
Calculate early delays in OCV mode...
Calculate late delays in OCV mode...
Start delay calculation (fullDC) (1 T). (MEM=1309.88)
Total number of fetched objects 31732
End delay calculation. (MEM=1357.84 CPU=0:00:02.2 REAL=0:00:02.0)
End delay calculation (fullDC). (MEM=1357.84 CPU=0:00:02.7 REAL=0:00:03.0)
*** Done Building Timing Graph (cpu=0:00:03.7 real=0:00:04.0 totSessionCpu=0:07:42 mem=1357.8M)

------------------------------------------------------------
     optDesign Final Summary                             
------------------------------------------------------------

Setup views included:
 VIEW_ss_125 
Hold  views included:
 VIEW_ff_-55

+--------------------+---------+---------+---------+
|     Setup mode     |   all   | reg2reg | default |
+--------------------+---------+---------+---------+
|           WNS (ns):|  4.126  |  4.126  |  4.648  |
|           TNS (ns):|  0.000  |  0.000  |  0.000  |
|    Violating Paths:|    0    |    0    |    0    |
|          All Paths:|  3213   |  2694   |  3212   |
+--------------------+---------+---------+---------+

+--------------------+---------+---------+---------+
|     Hold mode      |   all   | reg2reg | default |
+--------------------+---------+---------+---------+
|           WNS (ns):| -0.347  | -0.347  |  0.000  |
|           TNS (ns):|-274.179 |-274.179 |  0.000  |
|    Violating Paths:|  1277   |  1277   |    0    |
|          All Paths:|  2823   |  2694   |  2822   |
+--------------------+---------+---------+---------+

+----------------+-------------------------------+------------------+
|                |              Real             |       Total      |
|    DRVs        +------------------+------------+------------------|
|                |  Nr nets(terms)  | Worst Vio  |  Nr nets(terms)  |
+----------------+------------------+------------+------------------+
|   max_cap      |    362 (362)     |   -0.043   |    363 (3185)    |
|   max_tran     |     87 (87)      |   -0.029   |     87 (87)      |
|   max_fanout   |      0 (0)       |     0      |      1 (1)       |
|   max_length   |      0 (0)       |     0      |      0 (0)       |
+----------------+------------------+------------+------------------+

Density: 66.996%
Routing Overflow: 0.07% H and 0.06% V
------------------------------------------------------------
**optDesign ... cpu = 0:04:30, real = 0:04:32, mem = 1062.7M, totSessionCpu=0:07:43 **
**WARN: (IMPOPT-3195):	Analysis mode has changed.
Type 'man IMPOPT-3195' for more detail.
*** Finished optDesign ***
Info: Destroy the CCOpt slew target map.
<CMD> timeDesign -postCTS -numPaths 10 -prefix postCTS -outDIR ../reports/AES/postCTS
Start to check current routing status for nets...
All nets are already routed correctly.
End to check current routing status for nets (mem=1276.5M)

------------------------------------------------------------
          timeDesign Summary                             
------------------------------------------------------------

Setup views included:
 VIEW_ss_125 

+--------------------+---------+---------+---------+
|     Setup mode     |   all   | reg2reg | default |
+--------------------+---------+---------+---------+
|           WNS (ns):|  4.126  |  4.126  |  4.648  |
|           TNS (ns):|  0.000  |  0.000  |  0.000  |
|    Violating Paths:|    0    |    0    |    0    |
|          All Paths:|  3213   |  2694   |  3212   |
+--------------------+---------+---------+---------+

+----------------+-------------------------------+------------------+
|                |              Real             |       Total      |
|    DRVs        +------------------+------------+------------------|
|                |  Nr nets(terms)  | Worst Vio  |  Nr nets(terms)  |
+----------------+------------------+------------+------------------+
|   max_cap      |    362 (362)     |   -0.043   |    363 (3185)    |
|   max_tran     |     87 (87)      |   -0.029   |     87 (87)      |
|   max_fanout   |      0 (0)       |     0      |      1 (1)       |
|   max_length   |      0 (0)       |     0      |      0 (0)       |
+----------------+------------------+------------+------------------+

Density: 66.996%
Routing Overflow: 0.07% H and 0.06% V
------------------------------------------------------------
Reported timing to dir ../reports/AES/postCTS
Total CPU time: 1.64 sec
Total Real time: 3.0 sec
Total Memory Usage: 1272.492188 Mbytes
<CMD> timeDesign -postCTS -hold -numPaths 10 -prefix postCTS_hold -outDIR ../reports/AES/postCTS_hold
Start to check current routing status for nets...
All nets are already routed correctly.
End to check current routing status for nets (mem=1243.0M)
#################################################################################
# Design Stage: PreRoute
# Design Name: AES
# Design Mode: 130nm
# Analysis Mode: MMMC OCV 
# Parasitics Mode: No SPEF/RCDB
# Signoff Settings: SI Off 
#################################################################################
AAE_INFO: 1 threads acquired from CTE.
Calculate late delays in OCV mode...
Calculate early delays in OCV mode...
Start delay calculation (fullDC) (1 T). (MEM=1271.6)
*** Calculating scaling factor for LIB_ff_-55 libraries using the default operating condition of each library.
Total number of fetched objects 31732
End delay calculation. (MEM=1319.56 CPU=0:00:02.1 REAL=0:00:02.0)
End delay calculation (fullDC). (MEM=1319.56 CPU=0:00:02.9 REAL=0:00:03.0)
*** Done Building Timing Graph (cpu=0:00:03.3 real=0:00:03.0 totSessionCpu=0:07:49 mem=1319.6M)

------------------------------------------------------------
          timeDesign Summary                             
------------------------------------------------------------

Hold  views included:
 VIEW_ff_-55 

+--------------------+---------+---------+---------+
|     Hold mode      |   all   | reg2reg | default |
+--------------------+---------+---------+---------+
|           WNS (ns):| -0.347  | -0.347  |  0.000  |
|           TNS (ns):|-274.179 |-274.179 |  0.000  |
|    Violating Paths:|  1277   |  1277   |    0    |
|          All Paths:|  2823   |  2694   |  2822   |
+--------------------+---------+---------+---------+

Density: 66.996%
Routing Overflow: 0.07% H and 0.06% V
------------------------------------------------------------
Reported timing to dir ../reports/AES/postCTS_hold
Total CPU time: 4.4 sec
Total Real time: 4.0 sec
Total Memory Usage: 1238.492188 Mbytes
<CMD> saveDesign saves/AES_postcts
#% Begin save design ... (date=03/23 21:52:15, mem=975.6M)
% Begin Save ccopt configuration ... (date=03/23 21:52:15, mem=975.6M)
% End Save ccopt configuration ... (date=03/23 21:52:15, total cpu=0:00:00.1, real=0:00:01.0, peak res=976.3M, current mem=976.3M)
% Begin Save netlist data ... (date=03/23 21:52:16, mem=976.3M)
Writing Binary DB to saves/AES_postcts.dat/AES.v.bin in single-threaded mode...
% End Save netlist data ... (date=03/23 21:52:16, total cpu=0:00:00.1, real=0:00:00.0, peak res=979.1M, current mem=979.1M)
Saving congestion map file saves/AES_postcts.dat/AES.route.congmap.gz ...
% Begin Save AAE data ... (date=03/23 21:52:16, mem=979.9M)
Saving AAE Data ...
% End Save AAE data ... (date=03/23 21:52:16, total cpu=0:00:00.0, real=0:00:00.0, peak res=979.9M, current mem=979.9M)
% Begin Save clock tree data ... (date=03/23 21:52:16, mem=979.9M)
% End Save clock tree data ... (date=03/23 21:52:16, total cpu=0:00:00.0, real=0:00:00.0, peak res=979.9M, current mem=979.9M)
Saving preference file saves/AES_postcts.dat/gui.pref.tcl ...
Saving mode setting ...
Saving global file ...
% Begin Save floorplan data ... (date=03/23 21:52:16, mem=979.9M)
Saving floorplan file ...
% End Save floorplan data ... (date=03/23 21:52:16, total cpu=0:00:00.1, real=0:00:00.0, peak res=979.9M, current mem=979.9M)
Saving Drc markers ...
... No Drc file written since there is no markers found.
% Begin Save placement data ... (date=03/23 21:52:16, mem=979.9M)
** Saving stdCellPlacement_binary (version# 2) ...
% End Save placement data ... (date=03/23 21:52:17, total cpu=0:00:00.0, real=0:00:00.0, peak res=982.4M, current mem=982.4M)
% Begin Save routing data ... (date=03/23 21:52:17, mem=982.4M)
Saving route file ...
*** Completed saveRoute (cpu=0:00:00.1 real=0:00:00.0 mem=1244.5M) ***
% End Save routing data ... (date=03/23 21:52:17, total cpu=0:00:00.1, real=0:00:00.0, peak res=983.1M, current mem=983.1M)
Saving property file saves/AES_postcts.dat/AES.prop
*** Completed saveProperty (cpu=0:00:00.0 real=0:00:00.0 mem=1244.5M) ***
% Begin Save power constraints data ... (date=03/23 21:52:17, mem=983.1M)
% End Save power constraints data ... (date=03/23 21:52:17, total cpu=0:00:00.0, real=0:00:00.0, peak res=983.1M, current mem=983.1M)
Saving rc congestion map saves/AES_postcts.dat/AES.congmap.gz ...
RC_min RC_max
RC_min RC_max
RC_min RC_max
RC_min RC_max
RC_min RC_max
Generated self-contained design AES_postcts.dat
#% End save design ... (date=03/23 21:52:18, total cpu=0:00:00.9, real=0:00:03.0, peak res=983.1M, current mem=977.8M)
*** Message Summary: 0 warning(s), 0 error(s)

<CMD> routeDesign
#% Begin routeDesign (date=03/23 21:52:18, mem=977.8M)
#routeDesign: cpu time = 00:00:00, elapsed time = 00:00:00, memory = 977.80 (MB), peak = 1126.51 (MB)
#**INFO: setDesignMode -flowEffort standard
#**INFO: multi-cut via swapping will be performed after routing.
#**INFO: All auto set options tuned by routeDesign will be restored to their original settings on command completion.
Begin checking placement ... (start mem=1235.5M, init mem=1235.5M)
*info: Placed = 33240          (Fixed = 4589)
*info: Unplaced = 0           
Placement Density:67.00%(393381/587171)
Placement Density (including fixed std cells):68.42%(419814/613603)
Finished checkPlace (total: cpu=0:00:00.2, real=0:00:00.0; vio checks: cpu=0:00:00.1, real=0:00:00.0; mem=1235.5M)
**WARN: (IMPCK-8086):	The command changeUseClockNetStatus is obsolete and will be removed in the next release. This command still works in this release, but by the next release you must transition to the CCOpt-based CTS flow.

changeUseClockNetStatus Option :  -noFixedNetWires 
*** Changed status on (0) nets in Clock.
*** End changeUseClockNetStatus (cpu=0:00:00.0, real=0:00:00.0, mem=1235.5M) ***
#ROUTE-DESIGN-CMD: N5-process: 0 [db_process_node=]
#**INFO: auto set of droutePostRouteSwapVia to multiCut
% Begin globalDetailRoute (date=03/23 21:52:18, mem=977.9M)

globalDetailRoute

#setNanoRouteMode -droutePostRouteSwapVia "multiCut"
#setNanoRouteMode -routeConcurrentMinimizeViaCountEffort "high"
#setNanoRouteMode -routeReserveSpaceForMultiCut true
#setNanoRouteMode -routeWithSiDriven true
#setNanoRouteMode -routeWithTimingDriven true
#Start globalDetailRoute on Sun Mar 23 21:52:18 2025
#
#Generating timing data, please wait...
#31473 total nets, 0 already routed, 0 will ignore in trialRoute
#Reporting timing...
Total number of fetched objects 31732
End delay calculation. (MEM=1316.44 CPU=0:00:02.4 REAL=0:00:03.0)
#Normalized TNS: 1000.00 10.00 0.00 0.00 0.00 0.00
#Stage 1: cpu time = 00:00:05, elapsed time = 00:00:05, memory = 1052.82 (MB), peak = 1126.51 (MB)
#Library Standard Delay: 21.50ps
#Slack threshold: 43.00ps
#*** Analyzed 0 timing critical paths
#Stage 2: cpu time = 00:00:01, elapsed time = 00:00:01, memory = 1053.88 (MB), peak = 1126.51 (MB)
#Use bna from skp: 0
#Stage 3: cpu time = 00:00:02, elapsed time = 00:00:02, memory = 1058.12 (MB), peak = 1126.51 (MB)
**WARN: (TCLCMD-1403):	'The -tcl_list output format of report_timing will not be supported in future releases of the software.   Path collections generated by 'report_timing -collection'  can be used instead for programmatic access to timing report data. The  report_timing -tcl_list will continue to work in this release - but, you should update your scripts to use path collections so that they are compatible with future releases.'
#Stage 4: cpu time = 00:00:00, elapsed time = 00:00:00, memory = 1059.49 (MB), peak = 1126.51 (MB)
#Current view: VIEW_ss_125 
**WARN: (IMPEXT-3493):	The design extraction status has been reset by set_analysis_view/update_rc_corner or setExtractRCMode  command. The parasitic data can be regenerated either by extracting the design using the extractRC command or by loading the SPEF or RCDB file(s). To prevent resetting of the extraction status, avoid changing extraction modes.
#Generating timing data took: cpu time = 00:00:08, elapsed time = 00:00:08, memory = 975.09 (MB), peak = 1126.51 (MB)
#Done generating timing data.
#WARNING (NRIG-1303) Congestion map does not match the GCELL grid, clearing map.
#WARNING (NRDB-2005) SPECIAL_NET VDD has special wires but no definitions for instance pins or top level pins. This will cause routability problems later.
#WARNING (NRDB-2005) SPECIAL_NET GND has special wires but no definitions for instance pins or top level pins. This will cause routability problems later.
#NanoRoute Version 18.10-p002_1 NR180522-1057/18_10-UB
#Start routing data preparation on Sun Mar 23 21:52:27 2025
#
#WARNING (NRDB-2077) The below via enclosure for LAYER M1 is not specified for width 0.1600.
#WARNING (NRDB-2078) The above via enclosure for LAYER M2 is not specified for width 0.2000.
#WARNING (NRDB-2077) The below via enclosure for LAYER M1 is not specified for width 0.1600.
#WARNING (NRDB-2078) The above via enclosure for LAYER M2 is not specified for width 0.2000.
#WARNING (NRDB-2077) The below via enclosure for LAYER M2 is not specified for width 0.2000.
#WARNING (NRDB-2078) The above via enclosure for LAYER M3 is not specified for width 0.2000.
#WARNING (NRDB-2077) The below via enclosure for LAYER M2 is not specified for width 0.2000.
#WARNING (NRDB-2078) The above via enclosure for LAYER M3 is not specified for width 0.2000.
#WARNING (NRDB-2077) The below via enclosure for LAYER M3 is not specified for width 0.2000.
#WARNING (NRDB-2078) The above via enclosure for LAYER M4 is not specified for width 0.2000.
#WARNING (NRDB-2077) The below via enclosure for LAYER M3 is not specified for width 0.2000.
#WARNING (NRDB-2078) The above via enclosure for LAYER M4 is not specified for width 0.2000.
#WARNING (NRDB-2077) The below via enclosure for LAYER M4 is not specified for width 0.2000.
#WARNING (NRDB-2078) The above via enclosure for LAYER MQ is not specified for width 0.4000.
#WARNING (NRDB-2077) The below via enclosure for LAYER M4 is not specified for width 0.2000.
#WARNING (NRDB-2078) The above via enclosure for LAYER MQ is not specified for width 0.4000.
#WARNING (NRDB-2040) Rule LEF_DEFAULT doesn't specify any vias that satisfy all of the area rules for layer M2 M3 
#WARNING (NRDB-778) No multicut vias which meet all area rules for LAYER M1 are defined in RULE LEF_DEFAULT. When a LEF MINIMUMCUT rule is defined for a layer, you must define multicut vias for the layer in the LEF file. Edit your LEF file and read it in again.
#WARNING (NRDB-778) No multicut vias which meet all area rules for LAYER M2 are defined in RULE LEF_DEFAULT. When a LEF MINIMUMCUT rule is defined for a layer, you must define multicut vias for the layer in the LEF file. Edit your LEF file and read it in again.
#WARNING (NRDB-778) No multicut vias which meet all area rules for LAYER M3 are defined in RULE LEF_DEFAULT. When a LEF MINIMUMCUT rule is defined for a layer, you must define multicut vias for the layer in the LEF file. Edit your LEF file and read it in again.
#WARNING (NRDB-778) No multicut vias which meet all area rules for LAYER M4 are defined in RULE LEF_DEFAULT. When a LEF MINIMUMCUT rule is defined for a layer, you must define multicut vias for the layer in the LEF file. Edit your LEF file and read it in again.
#Minimum voltage of a net in the design = 0.000.
#Maximum voltage of a net in the design = 1.600.
#Voltage range [0.000 - 0.000] has 1 net.
#Voltage range [1.350 - 1.600] has 1 net.
#Voltage range [0.000 - 1.600] has 31474 nets.
# M1           H   Track-Pitch = 0.4000    Line-2-Via Pitch = 0.3600
# M2           V   Track-Pitch = 0.4000    Line-2-Via Pitch = 0.4000
# M3           H   Track-Pitch = 0.4000    Line-2-Via Pitch = 0.4000
# M4           V   Track-Pitch = 0.4000    Line-2-Via Pitch = 0.4000
# MQ           H   Track-Pitch = 0.8000    Line-2-Via Pitch = 0.8000
#Regenerating Ggrids automatically.
#Auto generating G-grids with size=15 tracks, using layer M3's pitch = 0.4000.
#Using automatically generated G-grids.
#Done routing data preparation.
#cpu time = 00:00:00, elapsed time = 00:00:00, memory = 1006.78 (MB), peak = 1126.51 (MB)
#
#Summary of active signal nets routing constraints set by OPT:
#	preferred routing layers      : 0
#	preferred routing layer effort: 0
#	preferred extra space         : 0
#	preferred multi-cut via       : 0
#	avoid detour                  : 0
#	expansion ratio               : 0
#	net priority                  : 0
#	s2s control                   : 0
#	avoid chaining                : 0
#	inst-based stacking via       : 0
#
#Summary of active signal nets routing constraints set by USER:
#	preferred routing layers      : 0
#	preferred routing layer effort     : 0
#	preferred extra space              : 0
#	preferred multi-cut via            : 0
#	avoid detour                       : 0
#	net weight                         : 0
#	avoid chaining                     : 0
#	cell-based stacking via (required) : 0
#	cell-based stacking via (optional) : 0
#
#Start timing driven prevention iteration
#
#--------------------------------------------------------
# Summary of active signal nets routing constraints
#  Avoid Detour             : 0
#  Max Expansion Ratio      : 0
#  Cell-based Stacking Via  : 0
#  Inst-based Stacking Via  : 0
#  Prefer Extra Space       : 0
#  Prefer Multi-cut Via     : 0
#  S2s Control              : 0
#  Preferred Layer Effort   : 0
#  Bottom Preferred Layer
#
#--------------------------------------------------------
#Done timing-driven prevention
#cpu time = 00:00:00, elapsed time = 00:00:00, memory = 1014.46 (MB), peak = 1126.51 (MB)
#Merging special wires...
**WARN: (IMPEXT-6140):	The RC table is not interpolated for wire width '206' on M1. As a result, an RC of wire width '160' is being used instead. This may cause some accuracy degradation.
**WARN: (IMPEXT-6140):	The RC table is not interpolated for wire width '280' on M2. As a result, an RC of wire width '200' is being used instead. This may cause some accuracy degradation.
**WARN: (IMPEXT-6140):	The RC table is not interpolated for wire width '280' on M3. As a result, an RC of wire width '200' is being used instead. This may cause some accuracy degradation.
**WARN: (IMPEXT-6140):	The RC table is not interpolated for wire width '280' on M4. As a result, an RC of wire width '200' is being used instead. This may cause some accuracy degradation.
**WARN: (IMPEXT-6140):	The RC table is not interpolated for wire width '510' on M5. As a result, an RC of wire width '400' is being used instead. This may cause some accuracy degradation.
#
#Finished routing data preparation on Sun Mar 23 21:52:27 2025
#
#Cpu time = 00:00:00
#Elapsed time = 00:00:00
#Increased memory = 1.18 (MB)
#Total memory = 1015.64 (MB)
#Peak memory = 1126.51 (MB)
#
#
#Start global routing on Sun Mar 23 21:52:27 2025
#
#Number of eco nets is 0
#
#Start global routing data preparation on Sun Mar 23 21:52:27 2025
#
#Start routing resource analysis on Sun Mar 23 21:52:27 2025
#
#Routing resource analysis is done on Sun Mar 23 21:52:28 2025
#
#  Resource Analysis:
#
#               Routing  #Avail      #Track     #Total     %Gcell
#  Layer      Direction   Track     Blocked      Gcell    Blocked
#  --------------------------------------------------------------
#  M1             H        2008           0       18358     2.03%
#  M2             V        2061           0       18358     0.28%
#  M3             H        2008           0       18358     0.00%
#  M4             V        1991          70       18358     0.00%
#  MQ             H         971          32       18358     1.48%
#  --------------------------------------------------------------
#  Total                   9039       1.31%       91790     0.76%
#
#
#
#
#Global routing data preparation is done on Sun Mar 23 21:52:28 2025
#
#cpu time = 00:00:00, elapsed time = 00:00:00, memory = 1018.18 (MB), peak = 1126.51 (MB)
#
#cpu time = 00:00:00, elapsed time = 00:00:00, memory = 1018.43 (MB), peak = 1126.51 (MB)
#
#start global routing iteration 1...
#cpu time = 00:00:01, elapsed time = 00:00:01, memory = 1029.37 (MB), peak = 1126.51 (MB)
#
#Skip 1/2 round for no nets in the round...
#Route nets in 2/2 round...
#start global routing iteration 2...
#Initial_route: 1.65480
#Reroute: 4.36960
#cpu time = 00:00:06, elapsed time = 00:00:06, memory = 1088.06 (MB), peak = 1126.51 (MB)
#
#start global routing iteration 3...
#cpu time = 00:00:03, elapsed time = 00:00:03, memory = 1095.03 (MB), peak = 1126.51 (MB)
#
#
#Total number of trivial nets (e.g. < 2 pins) = 2691 (skipped).
#Total number of routable nets = 28785.
#Total number of nets in the design = 31476.
#
#28785 routable nets have only global wires.
#
#Routed nets constraints summary:
#-----------------------------
#        Rules   Unconstrained  
#-----------------------------
#      Default           28785  
#-----------------------------
#        Total           28785  
#-----------------------------
#
#Routing constraints summary of the whole design:
#-----------------------------
#        Rules   Unconstrained  
#-----------------------------
#      Default           28785  
#-----------------------------
#        Total           28785  
#-----------------------------
#
#
#  Congestion Analysis: (blocked Gcells are excluded)
#
#                 OverCon          
#                  #Gcell    %Gcell
#     Layer           (1)   OverCon
#  --------------------------------
#  M1            0(0.00%)   (0.00%)
#  M2            0(0.00%)   (0.00%)
#  M3            0(0.00%)   (0.00%)
#  M4            0(0.00%)   (0.00%)
#  MQ            0(0.00%)   (0.00%)
#  --------------------------------
#     Total      0(0.00%)   (0.00%)
#
#  The worst congested Gcell overcon (routing demand over resource in number of tracks) = 1
#  Overflow after GR: 0.00% H + 0.00% V
#
[hotspot] +------------+---------------+---------------+
[hotspot] |            |   max hotspot | total hotspot |
[hotspot] +------------+---------------+---------------+
[hotspot] | normalized |          0.00 |          0.00 |
[hotspot] +------------+---------------+---------------+
Local HotSpot Analysis: normalized max congestion hotspot area = 0.00, normalized total congestion hotspot area = 0.00 (area is in unit of 4 std-cell row bins)
#Hotspot report including placement blocked areas
[hotspot] +------------+---------------+---------------+
[hotspot] |    layer   |  max hotspot  | total hotspot |
[hotspot] +------------+---------------+---------------+
[hotspot] |    M1(H)   |          0.00 |          0.00 |
[hotspot] |    M2(V)   |          0.00 |          0.00 |
[hotspot] |    M3(H)   |          0.00 |          0.00 |
[hotspot] |    M4(V)   |          0.00 |          0.00 |
[hotspot] |    MQ(H)   |          0.00 |          0.00 |
[hotspot] +------------+---------------+---------------+
[hotspot] |   worst    |          0.00 |          0.00 |
[hotspot] +------------+---------------+---------------+
[hotspot] | all layers |          0.00 |          0.00 |
[hotspot] +------------+---------------+---------------+
Local HotSpot Analysis (3d): normalized congestion max/total hotspot area = 0.00/0.00 (area is in unit of 4 std-cell row bins)
#Complete Global Routing.
#Total wire length = 799299 um.
#Total half perimeter of net bounding box = 911472 um.
#Total wire length on LAYER M1 = 17046 um.
#Total wire length on LAYER M2 = 240724 um.
#Total wire length on LAYER M3 = 322986 um.
#Total wire length on LAYER M4 = 140320 um.
#Total wire length on LAYER MQ = 78222 um.
#Total number of vias = 114846
#Up-Via Summary (total 114846):
#           
#-----------------------
# M1              64069
# M2              43543
# M3               5168
# M4               2066
#-----------------------
#                114846 
#
#Total number of involved regular nets 1357
#Maximum src to sink distance  2085.6
#Average of max src_to_sink distance  61.0
#Average of ave src_to_sink distance  43.1
#Max overcon = 0 track.
#Total overcon = 0.00%.
#Worst layer Gcell overcon rate = 0.00%.
#
#Global routing statistics:
#Cpu time = 00:00:11
#Elapsed time = 00:00:11
#Increased memory = 80.16 (MB)
#Total memory = 1095.88 (MB)
#Peak memory = 1126.51 (MB)
#
#Finished global routing on Sun Mar 23 21:52:38 2025
#
#
#cpu time = 00:00:00, elapsed time = 00:00:00, memory = 1047.73 (MB), peak = 1126.51 (MB)
#Start Track Assignment.
#Done with 26971 horizontal wires in 2 hboxes and 26951 vertical wires in 2 hboxes.
#Done with 6190 horizontal wires in 2 hboxes and 5132 vertical wires in 2 hboxes.
#Done with 2 horizontal wires in 2 hboxes and 2 vertical wires in 2 hboxes.
#
#Track assignment summary:
# layer   (wire length)   (overlap)     (long ovlp)	(with obs/pg/clk)  
#------------------------------------------------------------------------
# M1         17144.24 	 52.77%  	  0.00% 	 52.73%
# M2        245701.61 	  0.06%  	  0.00% 	  0.00%
# M3        325783.42 	  0.07%  	  0.00% 	  0.00%
# M4        140946.61 	  0.02%  	  0.00% 	  0.00%
# MQ         78459.60 	  0.00%  	  0.00% 	  0.00%
#------------------------------------------------------------------------
# All      808035.48  	  1.17% 	  0.00% 	  0.00%
#Complete Track Assignment.
#Total wire length = 845290 um.
#Total half perimeter of net bounding box = 911472 um.
#Total wire length on LAYER M1 = 39804 um.
#Total wire length on LAYER M2 = 243244 um.
#Total wire length on LAYER M3 = 342192 um.
#Total wire length on LAYER M4 = 141169 um.
#Total wire length on LAYER MQ = 78881 um.
#Total number of vias = 114846
#Up-Via Summary (total 114846):
#           
#-----------------------
# M1              64069
# M2              43543
# M3               5168
# M4               2066
#-----------------------
#                114846 
#
#cpu time = 00:00:05, elapsed time = 00:00:05, memory = 1065.06 (MB), peak = 1126.51 (MB)
#
#Start post global route fixing for timing critical nets ...
#
#* Updating design timing data...
#Extracting RC...
Un-suppress "**WARN ..." messages.
#Reporting timing...
Reading RCDB with compressed RC data.
AAE_INFO: 1 threads acquired from CTE.
Total number of fetched objects 31732
AAE_INFO-618: Total number of nets in the design is 31476,  100.0 percent of the nets selected for SI analysis
End delay calculation. (MEM=1458.88 CPU=0:00:03.4 REAL=0:00:04.0)
Glitch Analysis: View VIEW_ss_125 -- Total Number of Nets Skipped = 14. 
Glitch Analysis: View VIEW_ss_125 -- Total Number of Nets Analyzed = 31732. 
Total number of fetched objects 31732
AAE_INFO-618: Total number of nets in the design is 31476,  9.0 percent of the nets selected for SI analysis
End delay calculation. (MEM=1427.89 CPU=0:00:00.3 REAL=0:00:00.0)
#Normalized TNS: 1000.00 10.00 0.00 0.00 0.00 0.00
#Stage 1: cpu time = 00:00:07, elapsed time = 00:00:07, memory = 1181.51 (MB), peak = 1205.26 (MB)
#Library Standard Delay: 21.50ps
#Slack threshold: 0.00ps
#*** Analyzed 0 timing critical paths
#Stage 2: cpu time = 00:00:01, elapsed time = 00:00:01, memory = 1182.62 (MB), peak = 1205.26 (MB)
#Use bna from skp: 0
#Stage 3: cpu time = 00:00:00, elapsed time = 00:00:00, memory = 1182.62 (MB), peak = 1205.26 (MB)
**WARN: (TCLCMD-1403):	'The -tcl_list output format of report_timing will not be supported in future releases of the software.   Path collections generated by 'report_timing -collection'  can be used instead for programmatic access to timing report data. The  report_timing -tcl_list will continue to work in this release - but, you should update your scripts to use path collections so that they are compatible with future releases.'
Worst slack reported in the design = 3.283311 (late)
*** writeDesignTiming (0:00:01.1) ***
#Stage 4: cpu time = 00:00:01, elapsed time = 00:00:01, memory = 1182.74 (MB), peak = 1205.26 (MB)
Un-suppress "**WARN ..." messages.
Current (total cpu=0:08:40, real=0:22:47, peak res=1205.3M, current mem=1105.5M)
Ending "Constraint file reading stats" (total cpu=0:00:00.1, real=0:00:00.0, peak res=1113.9M, current mem=1113.9M)
Current (total cpu=0:08:40, real=0:22:47, peak res=1205.3M, current mem=1113.9M)
#Number of victim nets: 0
#Number of aggressor nets: 0
#Number of weak nets: 0
#Number of critical nets: 0
#	level 1 [   0.0, -1000.0]: 0 nets
#	level 2 [   0.0, -1000.0]: 0 nets
#	level 3 [   0.0, -1000.0]: 0 nets
#Total number of nets: 28785
-cppr none
-SIAware false
AAE DB initialization (MEM=1340.93 CPU=0:00:00.1 REAL=0:00:00.0) 
-combine_mmmc early_late_corner
#Total number of significant detoured timing critical nets is 0
#Total number of selected detoured timing critical nets is 0
#
#--------------------------------------------------------
# Summary of active signal nets routing constraints
#  Avoid Detour             : 0
#  Max Expansion Ratio      : 0
#  Cell-based Stacking Via  : 0
#  Inst-based Stacking Via  : 0
#  Prefer Extra Space       : 0
#  Prefer Multi-cut Via     : 0
#  S2s Control              : 0
#  Preferred Layer Effort   : 0
#  Bottom Preferred Layer
#
#--------------------------------------------------------
#cpu time = 00:00:00, elapsed time = 00:00:00, memory = 1110.50 (MB), peak = 1205.26 (MB)
#* Importing design timing data...
#Number of victim nets: 0
#Number of aggressor nets: 0
#Number of weak nets: 0
#Number of critical nets: 0
#	level 1 [   0.0, -1000.0]: 0 nets
#	level 2 [   0.0, -1000.0]: 0 nets
#	level 3 [   0.0, -1000.0]: 0 nets
#Total number of nets: 28785
#
#timing driven effort level: 3
#Start Track Assignment With Timing Driven.
#Done with 477 horizontal wires in 2 hboxes and 468 vertical wires in 2 hboxes.
#Done with 38 horizontal wires in 2 hboxes and 96 vertical wires in 2 hboxes.
#Done with 2 horizontal wires in 2 hboxes and 2 vertical wires in 2 hboxes.
#
#Track assignment summary:
# layer   (wire length)   (overlap)     (long ovlp)	(with obs/pg/clk)  
#------------------------------------------------------------------------
# M1         17147.04 	 52.78%  	  0.00% 	 52.75%
# M2        245683.41 	  0.03%  	  0.00% 	  0.00%
# M3        325787.82 	  0.06%  	  0.00% 	  0.00%
# M4        140943.81 	  0.01%  	  0.00% 	  0.00%
# MQ         78460.40 	  0.00%  	  0.00% 	  0.00%
#------------------------------------------------------------------------
# All      808022.48  	  1.16% 	  0.00% 	  0.00%
#Complete Track Assignment With Timing Driven.
#Total wire length = 845489 um.
#Total half perimeter of net bounding box = 911472 um.
#Total wire length on LAYER M1 = 40396 um.
#Total wire length on LAYER M2 = 243428 um.
#Total wire length on LAYER M3 = 341615 um.
#Total wire length on LAYER M4 = 141170 um.
#Total wire length on LAYER MQ = 78880 um.
#Total number of vias = 114846
#Up-Via Summary (total 114846):
#           
#-----------------------
# M1              64069
# M2              43543
# M3               5168
# M4               2066
#-----------------------
#                114846 
#
#cpu time = 00:00:03, elapsed time = 00:00:03, memory = 1132.86 (MB), peak = 1205.26 (MB)
#
#Routing data preparation, pin analysis, global routing and track assignment statistics:
#Cpu time = 00:00:44
#Elapsed time = 00:00:47
#Increased memory = 94.75 (MB)
#Total memory = 1094.43 (MB)
#Peak memory = 1205.26 (MB)
#Start reading timing information from file .timing_file_142802.tif.gz ...
#Read in timing information for 388 ports, 28651 instances from timing file .timing_file_142802.tif.gz.
#
#Start Detail Routing..
#start initial detail routing ...
#   number of violations = 10
#
#    By Layer and Type :
#	         MetSpc    Short   Totals
#	M1            0        1        1
#	M2            0        2        2
#	M3            0        0        0
#	M4            6        1        7
#	Totals        6        4       10
#cpu time = 00:00:47, elapsed time = 00:00:47, memory = 1142.86 (MB), peak = 1205.26 (MB)
#start 1st optimization iteration ...
#   number of violations = 0
#    number of process antenna violations = 91
#cpu time = 00:00:00, elapsed time = 00:00:00, memory = 1148.33 (MB), peak = 1205.26 (MB)
#Complete Detail Routing.
#Total wire length = 836810 um.
#Total half perimeter of net bounding box = 911472 um.
#Total wire length on LAYER M1 = 138675 um.
#Total wire length on LAYER M2 = 262996 um.
#Total wire length on LAYER M3 = 229693 um.
#Total wire length on LAYER M4 = 131153 um.
#Total wire length on LAYER MQ = 74293 um.
#Total number of vias = 94219
#Up-Via Summary (total 94219):
#           
#-----------------------
# M1              63804
# M2              23177
# M3               5245
# M4               1993
#-----------------------
#                 94219 
#
#Total number of DRC violations = 0
#Cpu time = 00:00:48
#Elapsed time = 00:00:49
#Increased memory = 0.66 (MB)
#Total memory = 1095.08 (MB)
#Peak memory = 1205.26 (MB)
#
#start routing for process antenna violation fix ...
**WARN: (IMPEXT-6140):	The RC table is not interpolated for wire width '206' on M1. As a result, an RC of wire width '160' is being used instead. This may cause some accuracy degradation.
**WARN: (IMPEXT-6140):	The RC table is not interpolated for wire width '280' on M2. As a result, an RC of wire width '200' is being used instead. This may cause some accuracy degradation.
**WARN: (IMPEXT-6140):	The RC table is not interpolated for wire width '280' on M3. As a result, an RC of wire width '200' is being used instead. This may cause some accuracy degradation.
**WARN: (IMPEXT-6140):	The RC table is not interpolated for wire width '280' on M4. As a result, an RC of wire width '200' is being used instead. This may cause some accuracy degradation.
**WARN: (IMPEXT-6140):	The RC table is not interpolated for wire width '510' on M5. As a result, an RC of wire width '400' is being used instead. This may cause some accuracy degradation.
#cpu time = 00:00:00, elapsed time = 00:00:00, memory = 1096.26 (MB), peak = 1205.26 (MB)
#
#Total wire length = 836810 um.
#Total half perimeter of net bounding box = 911472 um.
#Total wire length on LAYER M1 = 138675 um.
#Total wire length on LAYER M2 = 262996 um.
#Total wire length on LAYER M3 = 229693 um.
#Total wire length on LAYER M4 = 131153 um.
#Total wire length on LAYER MQ = 74293 um.
#Total number of vias = 94219
#Up-Via Summary (total 94219):
#           
#-----------------------
# M1              63804
# M2              23177
# M3               5245
# M4               1993
#-----------------------
#                 94219 
#
#Total number of DRC violations = 0
#Total number of net violated process antenna rule = 42
#
#
#start delete and reroute for process antenna violation fix ...
**WARN: (IMPEXT-6140):	The RC table is not interpolated for wire width '206' on M1. As a result, an RC of wire width '160' is being used instead. This may cause some accuracy degradation.
**WARN: (IMPEXT-6140):	The RC table is not interpolated for wire width '280' on M2. As a result, an RC of wire width '200' is being used instead. This may cause some accuracy degradation.
**WARN: (IMPEXT-6140):	The RC table is not interpolated for wire width '280' on M3. As a result, an RC of wire width '200' is being used instead. This may cause some accuracy degradation.
**WARN: (IMPEXT-6140):	The RC table is not interpolated for wire width '280' on M4. As a result, an RC of wire width '200' is being used instead. This may cause some accuracy degradation.
**WARN: (IMPEXT-6140):	The RC table is not interpolated for wire width '510' on M5. As a result, an RC of wire width '400' is being used instead. This may cause some accuracy degradation.
**WARN: (IMPEXT-6140):	The RC table is not interpolated for wire width '206' on M1. As a result, an RC of wire width '160' is being used instead. This may cause some accuracy degradation.
**WARN: (IMPEXT-6140):	The RC table is not interpolated for wire width '280' on M2. As a result, an RC of wire width '200' is being used instead. This may cause some accuracy degradation.
**WARN: (IMPEXT-6140):	The RC table is not interpolated for wire width '280' on M3. As a result, an RC of wire width '200' is being used instead. This may cause some accuracy degradation.
**WARN: (IMPEXT-6140):	The RC table is not interpolated for wire width '280' on M4. As a result, an RC of wire width '200' is being used instead. This may cause some accuracy degradation.
**WARN: (IMPEXT-6140):	The RC table is not interpolated for wire width '510' on M5. As a result, an RC of wire width '400' is being used instead. This may cause some accuracy degradation.
#cpu time = 00:00:05, elapsed time = 00:00:05, memory = 1097.93 (MB), peak = 1205.26 (MB)
#Total wire length = 837098 um.
#Total half perimeter of net bounding box = 911472 um.
#Total wire length on LAYER M1 = 139866 um.
#Total wire length on LAYER M2 = 263217 um.
#Total wire length on LAYER M3 = 233641 um.
#Total wire length on LAYER M4 = 131202 um.
#Total wire length on LAYER MQ = 69171 um.
#Total number of vias = 94301
#Up-Via Summary (total 94301):
#           
#-----------------------
# M1              63886
# M2              23219
# M3               5289
# M4               1907
#-----------------------
#                 94301 
#
#Total number of DRC violations = 0
#Total number of net violated process antenna rule = 0
#
#
#Total wire length = 837098 um.
#Total half perimeter of net bounding box = 911472 um.
#Total wire length on LAYER M1 = 139866 um.
#Total wire length on LAYER M2 = 263217 um.
#Total wire length on LAYER M3 = 233641 um.
#Total wire length on LAYER M4 = 131202 um.
#Total wire length on LAYER MQ = 69171 um.
#Total number of vias = 94301
#Up-Via Summary (total 94301):
#           
#-----------------------
# M1              63886
# M2              23219
# M3               5289
# M4               1907
#-----------------------
#                 94301 
#
#Total number of DRC violations = 0
#Total number of net violated process antenna rule = 0
#
#
#Start Post Route via swapping...
#76.76% of area are rerouted by ECO routing.
#   number of violations = 0
#cpu time = 00:00:03, elapsed time = 00:00:03, memory = 1098.38 (MB), peak = 1205.26 (MB)
#CELL_VIEW AES,init has no DRC violation.
#Total number of DRC violations = 0
#Total number of net violated process antenna rule = 0
#No via is swapped.
#Post Route via swapping is done.
#Total wire length = 837098 um.
#Total half perimeter of net bounding box = 911472 um.
#Total wire length on LAYER M1 = 139866 um.
#Total wire length on LAYER M2 = 263217 um.
#Total wire length on LAYER M3 = 233641 um.
#Total wire length on LAYER M4 = 131202 um.
#Total wire length on LAYER MQ = 69171 um.
#Total number of vias = 94301
#Up-Via Summary (total 94301):
#           
#-----------------------
# M1              63886
# M2              23219
# M3               5289
# M4               1907
#-----------------------
#                 94301 
#
#
#Start Post Route wire spreading..
#
#Start DRC checking..
#   number of violations = 0
#cpu time = 00:00:05, elapsed time = 00:00:05, memory = 1118.58 (MB), peak = 1205.26 (MB)
#CELL_VIEW AES,init has no DRC violation.
#Total number of DRC violations = 0
#Total number of net violated process antenna rule = 0
#
#Start data preparation for wire spreading...
#
#Data preparation is done on Sun Mar 23 21:54:16 2025
#
#
#Start Post Route Wire Spread.
#Done with 6187 horizontal wires in 3 hboxes and 8126 vertical wires in 3 hboxes.
#Complete Post Route Wire Spread.
#
#Total wire length = 847255 um.
#Total half perimeter of net bounding box = 911472 um.
#Total wire length on LAYER M1 = 139959 um.
#Total wire length on LAYER M2 = 267395 um.
#Total wire length on LAYER M3 = 237903 um.
#Total wire length on LAYER M4 = 132146 um.
#Total wire length on LAYER MQ = 69851 um.
#Total number of vias = 94301
#Up-Via Summary (total 94301):
#           
#-----------------------
# M1              63886
# M2              23219
# M3               5289
# M4               1907
#-----------------------
#                 94301 
#
#
#Start DRC checking..
#   number of violations = 0
#cpu time = 00:00:05, elapsed time = 00:00:05, memory = 1158.45 (MB), peak = 1205.26 (MB)
#CELL_VIEW AES,init has no DRC violation.
#Total number of DRC violations = 0
#Total number of net violated process antenna rule = 0
#   number of violations = 0
#cpu time = 00:00:08, elapsed time = 00:00:08, memory = 1107.55 (MB), peak = 1205.26 (MB)
#CELL_VIEW AES,init has 0 DRC violations
#Total number of DRC violations = 0
#Total number of process antenna violations = 3
#Post Route wire spread is done.
#Total wire length = 847255 um.
#Total half perimeter of net bounding box = 911472 um.
#Total wire length on LAYER M1 = 139959 um.
#Total wire length on LAYER M2 = 267395 um.
#Total wire length on LAYER M3 = 237903 um.
#Total wire length on LAYER M4 = 132146 um.
#Total wire length on LAYER MQ = 69851 um.
#Total number of vias = 94301
#Up-Via Summary (total 94301):
#           
#-----------------------
# M1              63886
# M2              23219
# M3               5289
# M4               1907
#-----------------------
#                 94301 
#
#detailRoute Statistics:
#Cpu time = 00:01:11
#Elapsed time = 00:01:11
#Increased memory = 11.96 (MB)
#Total memory = 1106.39 (MB)
#Peak memory = 1205.26 (MB)
#
#globalDetailRoute statistics:
#Cpu time = 00:02:04
#Elapsed time = 00:02:07
#Increased memory = 95.38 (MB)
#Total memory = 1073.29 (MB)
#Peak memory = 1205.26 (MB)
#Number of warnings = 24
#Total number of warnings = 27
#Number of fails = 0
#Total number of fails = 0
#Complete globalDetailRoute on Sun Mar 23 21:54:25 2025
#
% End globalDetailRoute (date=03/23 21:54:25, total cpu=0:02:05, real=0:02:07, peak res=1205.3M, current mem=1067.8M)
#routeDesign: cpu time = 00:02:05, elapsed time = 00:02:08, memory = 1067.58 (MB), peak = 1205.26 (MB)

*** Summary of all messages that are not suppressed in this session:
Severity  ID               Count  Summary                                  
WARNING   IMPEXT-3493          1  The design extraction status has been re...
WARNING   IMPEXT-6140         20  The RC table is not interpolated for wir...
WARNING   IMPCK-8086           1  The command %s is obsolete and will be r...
WARNING   TCLCMD-1403          2  '%s'                                     
*** Message Summary: 24 warning(s), 0 error(s)

#% End routeDesign (date=03/23 21:54:25, total cpu=0:02:05, real=0:02:07, peak res=1205.3M, current mem=1067.6M)
<CMD> setExtractRCMode -engine postRoute -effortLevel medium
<CMD> timeDesign -postCTS -numPaths 10 -prefix postRoute -outDIR ../reports/AES/postRoute
Start to check current routing status for nets...
All nets are already routed correctly.
End to check current routing status for nets (mem=1329.7M)
Extraction called for design 'AES' of instances=33240 and nets=31476 using extraction engine 'preRoute' .
PreRoute RC Extraction called for design AES.
RC Extraction called in multi-corner(2) mode.
RCMode: PreRoute
      RC Corner Indexes            0       1   
Capacitance Scaling Factor   : 1.00000 1.00000 
Resistance Scaling Factor    : 1.00000 1.00000 
Clock Cap. Scaling Factor    : 1.00000 1.00000 
Clock Res. Scaling Factor    : 1.00000 1.00000 
Shrink Factor                : 1.00000
PreRoute extraction is honoring NDR/Shielding/ExtraSpace for clock nets.
Using capacitance table file ...
Updating RC grid for preRoute extraction ...
Initializing multi-corner capacitance tables ... 
Initializing multi-corner resistance tables ...
Creating RPSQ from WeeR and WRes ...
Creating RPSQ from WeeR and WRes ...
PreRoute RC Extraction DONE (CPU Time: 0:00:00.2  Real Time: 0:00:00.0  MEM: 1329.711M)
AAE DB initialization (MEM=1365.35 CPU=0:00:00.1 REAL=0:00:00.0) 
#################################################################################
# Design Stage: PostRoute
# Design Name: AES
# Design Mode: 130nm
# Analysis Mode: MMMC OCV 
# Parasitics Mode: No SPEF/RCDB
# Signoff Settings: SI Off 
#################################################################################
AAE_INFO: 1 threads acquired from CTE.
Calculate early delays in OCV mode...
Calculate late delays in OCV mode...
Start delay calculation (fullDC) (1 T). (MEM=1393.94)
Total number of fetched objects 31732
Total number of fetched objects 31732
End delay calculation. (MEM=1453.44 CPU=0:00:02.5 REAL=0:00:02.0)
End delay calculation (fullDC). (MEM=1441.9 CPU=0:00:03.4 REAL=0:00:03.0)
*** Done Building Timing Graph (cpu=0:00:03.9 real=0:00:04.0 totSessionCpu=0:10:00 mem=1441.9M)

------------------------------------------------------------
          timeDesign Summary                             
------------------------------------------------------------

Setup views included:
 VIEW_ss_125 

+--------------------+---------+---------+---------+
|     Setup mode     |   all   | reg2reg | default |
+--------------------+---------+---------+---------+
|           WNS (ns):|  2.815  |  2.815  |  3.513  |
|           TNS (ns):|  0.000  |  0.000  |  0.000  |
|    Violating Paths:|    0    |    0    |    0    |
|          All Paths:|  3213   |  2694   |  3212   |
+--------------------+---------+---------+---------+

+----------------+-------------------------------+------------------+
|                |              Real             |       Total      |
|    DRVs        +------------------+------------+------------------|
|                |  Nr nets(terms)  | Worst Vio  |  Nr nets(terms)  |
+----------------+------------------+------------+------------------+
|   max_cap      |   7274 (7274)    |   -0.094   |   7275 (10097)   |
|   max_tran     |   2854 (2861)    |   -5.359   |   2854 (2861)    |
|   max_fanout   |      0 (0)       |     0      |      1 (1)       |
|   max_length   |      0 (0)       |     0      |      0 (0)       |
+----------------+------------------+------------+------------------+

Density: 66.996%
Routing Overflow: 0.07% H and 0.06% V
------------------------------------------------------------
Reported timing to dir ../reports/AES/postRoute
Total CPU time: 6.43 sec
Total Real time: 8.0 sec
Total Memory Usage: 1394.195312 Mbytes
<CMD> timeDesign -postCTS -hold -numPaths 10 -prefix postRoute_hold -outDIR ../reports/AES/postRoute_hold
Start to check current routing status for nets...
All nets are already routed correctly.
End to check current routing status for nets (mem=1362.9M)
#################################################################################
# Design Stage: PostRoute
# Design Name: AES
# Design Mode: 130nm
# Analysis Mode: MMMC OCV 
# Parasitics Mode: No SPEF/RCDB
# Signoff Settings: SI Off 
#################################################################################
AAE_INFO: 1 threads acquired from CTE.
Calculate late delays in OCV mode...
Calculate early delays in OCV mode...
Start delay calculation (fullDC) (1 T). (MEM=1395.81)
*** Calculating scaling factor for LIB_ff_-55 libraries using the default operating condition of each library.
Total number of fetched objects 31732
Total number of fetched objects 31732
End delay calculation. (MEM=1443.77 CPU=0:00:02.3 REAL=0:00:03.0)
End delay calculation (fullDC). (MEM=1443.77 CPU=0:00:03.1 REAL=0:00:03.0)
*** Done Building Timing Graph (cpu=0:00:03.5 real=0:00:03.0 totSessionCpu=0:10:06 mem=1443.8M)

------------------------------------------------------------
          timeDesign Summary                             
------------------------------------------------------------

Hold  views included:
 VIEW_ff_-55 

+--------------------+---------+---------+---------+
|     Hold mode      |   all   | reg2reg | default |
+--------------------+---------+---------+---------+
|           WNS (ns):| -0.347  | -0.347  |  0.013  |
|           TNS (ns):|-269.923 |-269.923 |  0.000  |
|    Violating Paths:|  1268   |  1268   |    0    |
|          All Paths:|  2823   |  2694   |  2822   |
+--------------------+---------+---------+---------+

Density: 66.996%
Routing Overflow: 0.07% H and 0.06% V
------------------------------------------------------------
Reported timing to dir ../reports/AES/postRoute_hold
Total CPU time: 4.58 sec
Total Real time: 4.0 sec
Total Memory Usage: 1364.703125 Mbytes
<CMD> optDesign -postRoute -outDir ../reports/AES/postRouteOpt
**INFO: setDesignMode -flowEffort standard -> setting 'setOptMode -allEndPoints true' for the duration of this command.
Disable merging buffers from different footprints for postRoute code for non-MSV designs
Switching SI Aware to true by default in postroute mode   
GigaOpt running with 1 threads.
**optDesign ... cpu = 0:00:00, real = 0:00:00, mem = 1089.0M, totSessionCpu=0:10:07 **
Existing Dirty Nets : 0
New Signature Flow (optDesignCheckOptions) ....
#Created 363 library cell signatures
#Created 31476 NETS and 0 SPECIALNETS signatures
#Created 33240 instance signatures
#Build design signature : cpu time = 00:00:00, elapsed time = 00:00:00, memory = 1089.78 (MB), peak = 1205.26 (MB)
#Save design signature : cpu time = 00:00:00, elapsed time = 00:00:00, memory = 1089.84 (MB), peak = 1205.26 (MB)
Begin checking placement ... (start mem=1371.7M, init mem=1371.7M)
*info: Placed = 33240          (Fixed = 4589)
*info: Unplaced = 0           
Placement Density:67.00%(393381/587171)
Placement Density (including fixed std cells):68.42%(419814/613603)
Finished checkPlace (total: cpu=0:00:00.2, real=0:00:00.0; vio checks: cpu=0:00:00.1, real=0:00:00.0; mem=1371.7M)
**WARN: (IMPEXT-3493):	The design extraction status has been reset by set_analysis_view/update_rc_corner or setExtractRCMode  command. The parasitic data can be regenerated either by extracting the design using the extractRC command or by loading the SPEF or RCDB file(s). To prevent resetting of the extraction status, avoid changing extraction modes.
Type 'man IMPEXT-3493' for more detail.
 Initial DC engine is -> aae
 
 AAE-Opt:: Current number of nets in RC Memory -> 100 K
 
 
 AAE-Opt:: New number of nets in RC Memory -> 100 K
 
Reset EOS DB
Ignoring AAE DB Resetting ...
 Set Options for AAE Based Opt flow 
*** optDesign -postRoute ***
DRC Margin: user margin 0.0; extra margin 0
Setup Target Slack: user slack 0
Hold Target Slack: user slack 0
Multi-VT timing optimization disabled based on library information.
** INFO : this run is activating 'postRoute' automaton
#WARNING (NRDB-2005) SPECIAL_NET VDD has special wires but no definitions for instance pins or top level pins. This will cause routability problems later.
#WARNING (NRDB-2005) SPECIAL_NET GND has special wires but no definitions for instance pins or top level pins. This will cause routability problems later.
#Start routing data preparation on Sun Mar 23 21:54:40 2025
#
#Minimum voltage of a net in the design = 0.000.
#Maximum voltage of a net in the design = 1.600.
#Voltage range [0.000 - 0.000] has 1 net.
#Voltage range [1.350 - 1.600] has 1 net.
#Voltage range [0.000 - 1.600] has 31474 nets.
# M1           H   Track-Pitch = 0.4000    Line-2-Via Pitch = 0.3600
# M2           V   Track-Pitch = 0.4000    Line-2-Via Pitch = 0.4000
# M3           H   Track-Pitch = 0.4000    Line-2-Via Pitch = 0.4000
# M4           V   Track-Pitch = 0.4000    Line-2-Via Pitch = 0.4000
# MQ           H   Track-Pitch = 0.8000    Line-2-Via Pitch = 0.8000
#Regenerating Ggrids automatically.
#Auto generating G-grids with size=15 tracks, using layer M3's pitch = 0.4000.
#Using automatically generated G-grids.
#Done routing data preparation.
#cpu time = 00:00:00, elapsed time = 00:00:00, memory = 1098.07 (MB), peak = 1205.26 (MB)
#Extract in post route mode
#
#Start tQuantus RC extraction...
#Start building rc corner(s)...
#Number of RC Corner = 2
#Corner RC_min /apps/design_kits/ibm_kits/IBM_DIG_FLOW/cmos8hp/cadence/v.20110204/tch/cmos8hp_7AM_41_FuncCmax.tch 25.000000 (real) 
#Corner RC_max /apps/design_kits/ibm_kits/IBM_DIG_FLOW/cmos8hp/cadence/v.20110204/tch/cmos8hp_7AM_41_FuncCmax.tch 25.000000 (real) 
#Layer LY does not exist in nanoroute.
#Layer AM does not exist in nanoroute.
#M1 -> M1 (1)
#M2 -> M2 (2)
#M3 -> M3 (3)
#M4 -> M4 (4)
#MQ -> MQ (5)
#Layer LY does not exist in nanoroute.
#Layer AM does not exist in nanoroute.
#SADV_On
# Corner(s) : 
#RC_min [25.00] 
#RC_max [25.00]
# Corner id: 0
# Layout Scale: 1.000000
# Has Metal Fill model: yes
# Temperature was set
# Temperature : 25.000000
# Ref. Temp   : 25.000000
# Corner id: 1
# Layout Scale: 1.000000
# Has Metal Fill model: yes
# Temperature was set
# Temperature : 25.000000
# Ref. Temp   : 25.000000
#SADV_Off
#total pattern=84 [7, 224]
#Reading previously stored rc_model file ( rc_model.bin ) ...
#found CAPMODEL /apps/design_kits/ibm_kits/IBM_DIG_FLOW/cmos8hp/cadence/v.20110204/tch/cmos8hp_7AM_41_FuncCmax.tch
#found RESMODEL /apps/design_kits/ibm_kits/IBM_DIG_FLOW/cmos8hp/cadence/v.20110204/tch/cmos8hp_7AM_41_FuncCmax.tch 25.000000 
#number model r/c [1,1] [7,224] read
#0 rcmodel(s) requires rebuild
#Build RC corners: cpu time = 00:00:01, elapsed time = 00:00:01, memory = 1119.78 (MB), peak = 1205.26 (MB)
#Start building rc corner(s)...
#Number of RC Corner = 2
#Corner RC_min /apps/design_kits/ibm_kits/IBM_DIG_FLOW/cmos8hp/cadence/v.20110204/tch/cmos8hp_7AM_41_FuncCmax.tch 25.000000 (real) 
#Corner RC_max /apps/design_kits/ibm_kits/IBM_DIG_FLOW/cmos8hp/cadence/v.20110204/tch/cmos8hp_7AM_41_FuncCmax.tch 25.000000 (real) 
#Layer LY does not exist in nanoroute.
#Layer AM does not exist in nanoroute.
#M1 -> M1 (1)
#M2 -> M2 (2)
#M3 -> M3 (3)
#M4 -> M4 (4)
#MQ -> MQ (5)
#Layer LY does not exist in nanoroute.
#Layer AM does not exist in nanoroute.
#SADV_On
# Corner(s) : 
#RC_min [25.00] 
#RC_max [25.00]
# Corner id: 0
# Layout Scale: 1.000000
# Has Metal Fill model: yes
# Temperature was set
# Temperature : 25.000000
# Ref. Temp   : 25.000000
# Corner id: 1
# Layout Scale: 1.000000
# Has Metal Fill model: yes
# Temperature was set
# Temperature : 25.000000
# Ref. Temp   : 25.000000
#SADV_Off
#total pattern=84 [7, 224]
#Reading previously stored rc_model file ( rc_model.bin ) ...
#found CAPMODEL /apps/design_kits/ibm_kits/IBM_DIG_FLOW/cmos8hp/cadence/v.20110204/tch/cmos8hp_7AM_41_FuncCmax.tch
#found RESMODEL /apps/design_kits/ibm_kits/IBM_DIG_FLOW/cmos8hp/cadence/v.20110204/tch/cmos8hp_7AM_41_FuncCmax.tch 25.000000 
#number model r/c [1,1] [7,224] read
#0 rcmodel(s) requires rebuild
#Build RC corners: cpu time = 00:00:01, elapsed time = 00:00:01, memory = 1129.55 (MB), peak = 1205.26 (MB)
#Length limit = 200 pitches
#opt mode = 2
#Start routing data preparation on Sun Mar 23 21:54:45 2025
#
#Minimum voltage of a net in the design = 0.000.
#Maximum voltage of a net in the design = 1.600.
#Voltage range [0.000 - 1.600] has 31474 nets.
#Voltage range [0.000 - 0.000] has 1 net.
#Voltage range [1.350 - 1.600] has 1 net.
#Regenerating Ggrids automatically.
#Auto generating G-grids with size=15 tracks, using layer M3's pitch = 0.4000.
#Using automatically generated G-grids.
#Done routing data preparation.
#cpu time = 00:00:00, elapsed time = 00:00:00, memory = 1123.47 (MB), peak = 1205.26 (MB)
#Start routing data preparation on Sun Mar 23 21:54:45 2025
#
#Minimum voltage of a net in the design = 0.000.
#Maximum voltage of a net in the design = 1.600.
#Voltage range [0.000 - 1.600] has 31474 nets.
#Voltage range [0.000 - 0.000] has 1 net.
#Voltage range [1.350 - 1.600] has 1 net.
#Regenerating Ggrids automatically.
#Auto generating G-grids with size=15 tracks, using layer M3's pitch = 0.4000.
#Using automatically generated G-grids.
#Done routing data preparation.
#cpu time = 00:00:00, elapsed time = 00:00:00, memory = 1123.47 (MB), peak = 1205.26 (MB)
#Start generate extraction boxes.
#
#Extract using 30 x 30 Hboxes
#6x6 initial hboxes
#Use area based hbox pruning.
#0/0 hboxes pruned.
#Complete generating extraction boxes.
#Extract 23 hboxes with single thread on machine with  Xeon 2.00GHz 28160KB Cache 80CPU...
#Process 0 special clock nets for rc extraction
#0 temporary NDR added
#Total 28785 nets were built. 483 nodes added to break long wires. 0 net(s) have incomplete routes.
#Run Statistics for Extraction:
#   Cpu time = 00:00:08, elapsed time = 00:00:08 .
#   Increased memory =    84.11 (MB), total memory =  1207.59 (MB), peak memory =  1207.82 (MB)
#Simplify RC tree: cpu time = 00:00:00, elapsed time = 00:00:00, memory = 1182.95 (MB), peak = 1207.83 (MB)
#RC Statistics: 91269 Res, 54561 Ground Cap, 23544 XCap (Edge to Edge)
#RC V/H edge ratio: 0.47, Avg V/H Edge Length: 5408.61 (48642), Avg L-Edge Length: 10911.75 (27103)
#Start writing rcdb into /tmp/innovus_temp_142802_shell_G32127843_wVIndc/nr142802_uHPRSh.rcdb.d
#Finish writing rcdb with 121000 nodes, 92215 edges, and 53010 xcaps
#cpu time = 00:00:01, elapsed time = 00:00:01, memory = 1200.23 (MB), peak = 1207.83 (MB)
Restoring parasitic data from file '/tmp/innovus_temp_142802_shell_G32127843_wVIndc/nr142802_uHPRSh.rcdb.d' ...
Reading RCDB with compressed RC data.
Reading RCDB with compressed RC data.
Begin read_parasitics... (cpu: 0:00:00.0 real: 0:00:00.0 mem: 1466.492M)
Following multi-corner parasitics specified:
	/tmp/innovus_temp_142802_shell_G32127843_wVIndc/nr142802_uHPRSh.rcdb.d (rcdb)
Reading RCDB with compressed RC data.
		Cell AES has rcdb /tmp/innovus_temp_142802_shell_G32127843_wVIndc/nr142802_uHPRSh.rcdb.d specified
Cell AES, hinst 
Reading RCDB with compressed RC data.
Done read_parasitics... (cpu: 0:00:00.3 real: 0:00:01.0 mem: 1438.492M)
#
#Restore RCDB.
#
#Complete tQuantus RC extraction.
#Cpu time = 00:00:14
#Elapsed time = 00:00:15
#Increased memory = 82.29 (MB)
#Total memory = 1180.39 (MB)
#Peak memory = 1207.86 (MB)
#
#483 inserted nodes are removed
Reading RCDB with compressed RC data.
Starting SI iteration 1 using Infinite Timing Windows
#################################################################################
# Design Stage: PostRoute
# Design Name: AES
# Design Mode: 130nm
# Analysis Mode: MMMC OCV 
# Parasitics Mode: SPEF/RCDB
# Signoff Settings: SI On 
#################################################################################
AAE_INFO: 1 threads acquired from CTE.
Calculate early delays in OCV mode...
Calculate late delays in OCV mode...
Start delay calculation (fullDC) (1 T). (MEM=1425.03)
*** Calculating scaling factor for LIB_ss_125 libraries using the default operating condition of each library.
Total number of fetched objects 31732
AAE_INFO-618: Total number of nets in the design is 31476,  100.0 percent of the nets selected for SI analysis
Total number of fetched objects 31732
AAE_INFO-618: Total number of nets in the design is 31476,  100.0 percent of the nets selected for SI analysis
End delay calculation. (MEM=1472.98 CPU=0:00:07.8 REAL=0:00:07.0)
End delay calculation (fullDC). (MEM=1472.98 CPU=0:00:08.2 REAL=0:00:08.0)
Loading CTE timing window with TwFlowType 0...(CPU = 0:00:00.0, REAL = 0:00:00.0, MEM = 1473.0M)
Add other clocks and setupCteToAAEClockMapping during iter 1
Loading CTE timing window is completed (CPU = 0:00:00.1, REAL = 0:00:00.0, MEM = 1473.0M)

Executing IPO callback for view pruning ..
Starting SI iteration 2
AAE_INFO: 1 threads acquired from CTE.
Calculate early delays in OCV mode...
Calculate late delays in OCV mode...
Start delay calculation (fullDC) (1 T). (MEM=1426.95)
Glitch Analysis: View VIEW_ss_125 -- Total Number of Nets Skipped = 0. 
Glitch Analysis: View VIEW_ss_125 -- Total Number of Nets Analyzed = 0. 
Total number of fetched objects 31732
AAE_INFO-618: Total number of nets in the design is 31476,  9.0 percent of the nets selected for SI analysis
End delay calculation. (MEM=1433.1 CPU=0:00:00.3 REAL=0:00:01.0)
End delay calculation (fullDC). (MEM=1433.1 CPU=0:00:00.4 REAL=0:00:01.0)
*** Done Building Timing Graph (cpu=0:00:10.4 real=0:00:10.0 totSessionCpu=0:10:35 mem=1433.1M)

------------------------------------------------------------
     Initial SI Timing Summary                             
------------------------------------------------------------

Setup views included:
 VIEW_ss_125 

+--------------------+---------+---------+---------+
|     Setup mode     |   all   | reg2reg | default |
+--------------------+---------+---------+---------+
|           WNS (ns):|  3.985  |  3.985  |  4.474  |
|           TNS (ns):|  0.000  |  0.000  |  0.000  |
|    Violating Paths:|    0    |    0    |    0    |
|          All Paths:|  3213   |  2694   |  3212   |
+--------------------+---------+---------+---------+

+----------------+-------------------------------+------------------+
|                |              Real             |       Total      |
|    DRVs        +------------------+------------+------------------|
|                |  Nr nets(terms)  | Worst Vio  |  Nr nets(terms)  |
+----------------+------------------+------------+------------------+
|   max_cap      |   2964 (2964)    |   -0.028   |   2965 (5787)    |
|   max_tran     |    297 (297)     |   -0.040   |    297 (297)     |
|   max_fanout   |      0 (0)       |     0      |      1 (1)       |
|   max_length   |      0 (0)       |     0      |      0 (0)       |
+----------------+------------------+------------+------------------+

Density: 66.996%
Total number of glitch violations: 0
------------------------------------------------------------
**optDesign ... cpu = 0:00:28, real = 0:00:30, mem = 1142.6M, totSessionCpu=0:10:36 **
Setting latch borrow mode to budget during optimization.
Info: Done creating the CCOpt slew target map.
Glitch fixing enabled
Running CCOpt-PRO on entire clock network
Net route status summary:
  Clock:         1 (unrouted=0, trialRouted=0, noStatus=0, routed=1, fixed=0, [crossesIlmBoundary=0, tooFewTerms=0, (crossesIlmBoundary AND tooFewTerms=0)])
  Non-clock: 31475 (unrouted=2691, trialRouted=0, noStatus=0, routed=28784, fixed=0, [crossesIlmBoundary=0, tooFewTerms=2691, (crossesIlmBoundary AND tooFewTerms=0)])
Clock tree cells fixed by user: 0 out of 0
PRO...
Relaxing cts_adjacent_rows_legal and cts_cell_density for the duration of PRO. To stop this set pro_respect_cell_density_and_adjacent_row_legal to true.
Initializing clock structures...
  Creating own balancer
  Permitting the movement of (non-FIXED) datapath insts as required for sized/new clock tree insts
  Initializing legalizer
  Using cell based legalization.
  Removing CTS place status from clock tree and sinks.
  Reconstructing clock tree datastructures...
    Validating CTS configuration...
    Checking module port directions...
    Leaving CCOpt scope...
    Leaving CCOpt scope done. (took cpu=0:00:00.0 real=0:00:00.0)
    Checking module port directions done. (took cpu=0:00:00.0 real=0:00:00.0)
    Non-default CCOpt properties:
    adjacent_rows_legal: 1 (default: false)
    allow_non_fterm_identical_swaps: 0 (default: true)
    buffer_cells is set for at least one key
    cell_density is set for at least one key
    force_design_routing_status: 1 (default: auto)
    inverter_cells is set for at least one key
    preferred_extra_space is set for at least one key
    primary_delay_corner: CORNER_ss_125 (default: )
    route_type is set for at least one key
    source_output_max_trans is set for at least one key
    target_insertion_delay is set for at least one key
    target_max_trans_sdc is set for at least one key
    Route type trimming info:
      No route type modifications were made.
**ERROR: (IMPCCOPT-1349):	Clock tree clk connects to 1 module(s) without definitions in the netlist.
**WARN: (IMPCCOPT-1182):	The clock_gating_cells property has no usable full-cycle clock gates for power domain auto-default. Gating limited for clock tree clk. You may be able to solve this problem by specifying a list of lib_cells to use with the clock_gating_cells property.
    Library trimming inverters in power domain auto-default and half-corner CORNER_ss_125:setup.late removed 0 of 5 cells
    Original list had 5 cells:
    CLKI_Q CLKI_O CLKI_M CLKI_K CLKI_I 
    Library trimming was not able to trim any cells:
    CLKI_Q CLKI_O CLKI_M CLKI_K CLKI_I 
    Clock tree balancer configuration for clock_tree clk:
    Non-default CCOpt properties:
      cell_density: 1 (default: 0.75)
      route_type (leaf): default_route_type_leaf (default: default)
      route_type (trunk): default_route_type_nonleaf (default: default)
      route_type (top): default_route_type_nonleaf (default: default)
    Found 1 module instances of undefined cell key_expand
    CTS will not run on this clock tree.
    For power domain auto-default:
      Buffers:     CLK_Q CLK_O CLK_M CLK_K CLK_I 
      Inverters:   CLKI_Q CLKI_O CLKI_M CLKI_K CLKI_I 
      Clock gates: 
      Unblocked area available for placement of any clock cells in power_domain auto-default: 611748.480um^2
    Top Routing info:
      Route-type name: default_route_type_nonleaf; Top/bottom preferred layer name: M4/M3; 
      Unshielded; Mask Constraint: 0; Source: route_type.
    Trunk Routing info:
      Route-type name: default_route_type_nonleaf; Top/bottom preferred layer name: M4/M3; 
      Unshielded; Preferred extra space: 1; Mask Constraint: 0; Source: route_type.
    Leaf Routing info:
      Route-type name: default_route_type_leaf; Top/bottom preferred layer name: M4/M3; 
      Unshielded; Preferred extra space: 1; Mask Constraint: 0; Source: route_type.
    For timing_corner CORNER_ss_125:setup, late and power domain auto-default:
      Slew time target (leaf):    0.100ns
      Slew time target (trunk):   0.100ns
      Slew time target (top):     0.100ns (Note: no nets are considered top nets in this clock tree)
      Buffer unit delay: 0.083ns
      Buffer max distance: 320.000um
    Fastest wire driving cells and distances:
      Buffer    : {lib_cell:CLK_Q, fastest_considered_half_corner=CORNER_ss_125:setup.late, optimalDrivingDistance=320.000um, saturatedSlew=0.023ns, speed=3607.666um per ns, cellArea=270.000um^2 per 1000um}
      Inverter  : {lib_cell:CLKI_Q, fastest_considered_half_corner=CORNER_ss_125:setup.late, optimalDrivingDistance=120.000um, saturatedSlew=0.014ns, speed=1212.734um per ns, cellArea=784.000um^2 per 1000um}
    
    
    Logic Sizing Table:
    
    ----------------------------------------------------------
    Cell    Instance count    Source    Eligible library cells
    ----------------------------------------------------------
      (empty table)
    ----------------------------------------------------------
    
    
    Clock tree timing engine global stage delay update for CORNER_ss_125:setup.late...
    Clock tree timing engine global stage delay update for CORNER_ss_125:setup.late done. (took cpu=0:00:00.0 real=0:00:00.0)
    Clock tree balancer configuration for skew_group clk/syn_constraints:
      Sources:                     pin clk
      Total number of sinks:       2822
      Delay constrained sinks:     2822
      Non-leaf sinks:              0
      Ignore pins:                 0
     Timing corner CORNER_ss_125:setup.late:
      Skew target:                 0.000ns
      Insertion delay target:      1.000ns
**WARN: (IMPCCOPT-1361):	Routing configuration for top nets in clock tree clk: preferred layers M3-M4 are outside NanoRoute configured layer range. This is likely to cause routing correlation issues.
**WARN: (IMPCCOPT-1361):	Routing configuration for trunk nets in clock tree clk: preferred layers M3-M4 are outside NanoRoute configured layer range. This is likely to cause routing correlation issues.
**WARN: (IMPCCOPT-1361):	Routing configuration for leaf nets in clock tree clk: preferred layers M3-M4 are outside NanoRoute configured layer range. This is likely to cause routing correlation issues.
    Primary reporting skew group is skew_group clk/syn_constraints with 2822 clock sinks.
    
    Via Selection for Estimated Routes (rule default):
    
    ------------------------------------------------------------
    Layer    Via Cell    Res.     Cap.     RC       Top of Stack
    Range                (Ohm)    (fF)     (fs)     Only
    ------------------------------------------------------------
    M1-M2    M1_M2_V1    6.000    0.030    0.177    false
    M2-M3    M2_M3_V2    6.000    0.020    0.121    false
    M3-M4    M3_M4_V3    6.000    0.019    0.114    false
    M4-MQ    M4_MQ_VL    3.000    0.049    0.147    false
    ------------------------------------------------------------
    
    No ideal or dont_touch nets found in the clock tree
    Validating CTS configuration done. (took cpu=0:00:02.1 real=0:00:02.1)
    
    CCOpt configuration status: cannot run ccopt_design.
    Check the log for details of problem(s) found:
    
    ---------------------------------------------------
    Design configuration problems
    ---------------------------------------------------
    One or more clock trees have configuration problems
    ---------------------------------------------------
    
    Clock tree configuration problems:
    
    ------------------------------------------------------------------------
    Clock tree    Problem
    ------------------------------------------------------------------------
    clk           Contains instances which have no definition in the netlist
    ------------------------------------------------------------------------
    
    
    Failed to PreBalance
**ERROR: (IMPCCOPT-2191):	CCOpt-PRO cannot initialize.
  Reconstructing clock tree datastructures done.
Initializing clock structures done.
**ERROR: (IMPCCOPT-2191):	CCOpt-PRO cannot initialize.
Restoring CTS place status for unmodified clock tree cells and sinks.
DoPostRouteOptimization failed
PRO done. (took cpu=0:00:02.2 real=0:00:02.3)
ERROR: 'ccopt_pro failed, refer to earlier error messages.' while running ccopt_pro
**INFO: Start fixing DRV (Mem = 1402.48M) ...
Begin: GigaOpt DRV Optimization
Glitch fixing enabled
Info: 0 don't touch net , 2560 undriven nets excluded from IPO operation.
Info: 1 clock net  excluded from IPO operation.
**WARN: (IMPOPT-7077):	Some of the LEF equivalent cells have different ANTENNAGATEAREA/ANTENNADIFFAREA/PINS etc... attributes. They will not be swapped for fixed instances and for lefsafe operations like optLeakagePower in postroute mode. To find out what cells are LEF equivalent use the findLefEquivalentCells command.
DRV pessimism of 5.00% is used for tran, 5.00% for cap, 5.00% for fanout, on top of margin 0.00%
**INFO: Disabling fanout fix in postRoute stage.
+---------------------------------------------------------------------------------------------------------------------------------------------------------------------+
|        max-tran       |        max-cap        |  max-fanout |  max-length |    glitch   |       setup       |        |        |        |       |          |         |
+---------------------------------------------------------------------------------------------------------------------------------------------------------------------+
| nets | terms|  wViol  | nets | terms|  wViol  | nets | terms| nets | terms| nets | terms|   WNS   |   TNS   |  #Buf  |  #Inv  | #Resize|Density|   Real   |   Mem   |
+---------------------------------------------------------------------------------------------------------------------------------------------------------------------+
|   490|   490|    -0.04|  3859|  3859|    -0.03|     0|     0|     0|     0|     0|     0|     3.99|     0.00|       0|       0|       0|  67.00|          |         |
|   209|   209|    -0.04|  1187|  1187|    -0.03|     0|     0|     0|     0|     0|     0|     4.05|     0.00|     130|       2|    3176|  67.79| 0:00:27.0|  1530.6M|
|   205|   205|    -0.04|   825|   825|    -0.03|     0|     0|     0|     0|     0|     0|     4.05|     0.00|      25|       0|     420|  67.96| 0:00:09.0|  1530.6M|
|   205|   205|    -0.04|   768|   768|    -0.03|     0|     0|     0|     0|     0|     0|     4.05|     0.00|       1|       0|      60|  67.97| 0:00:07.0|  1530.6M|
|   205|   205|    -0.04|   767|   767|    -0.03|     0|     0|     0|     0|     0|     0|     4.05|     0.00|       0|       0|       4|  67.97| 0:00:06.0|  1530.6M|
|   205|   205|    -0.04|   764|   764|    -0.03|     0|     0|     0|     0|     0|     0|     4.05|     0.00|       0|       0|       3|  67.97| 0:00:07.0|  1530.6M|
|   141|   141|    -0.04|   458|   458|    -0.03|     0|     0|     0|     0|     0|     0|     4.05|     0.00|       0|       0|       0|  67.97| 0:00:06.0|  1533.6M|
+---------------------------------------------------------------------------------------------------------------------------------------------------------------------+
**** Begin NDR-Layer Usage Statistics ****
0 Ndr or Layer constraints added by optimization 
**** End NDR-Layer Usage Statistics ****


=======================================================================
                Reasons for remaining drv violations
=======================================================================
*info: Total 798 net(s) have violations which can't be fixed by DRV optimization.

MultiBuffering failure reasons
------------------------------------------------
*info:    56 net(s): Could not be fixed because the solution degraded timing.
*info:     2 net(s): Could not be fixed because the location check has rejected the overall buffering solution.
*info:   118 net(s): Could not be fixed because of exceeding max local density.


*** Finish DRV Fixing (cpu=0:01:03 real=0:01:04 mem=1533.6M) ***

*** Starting refinePlace (0:11:45 mem=1514.6M) ***
**WARN: (IMPSP-5140):	Global net connect rules have not been created. Added  insts would have no supply connectivity, and would fail DRC.
Type 'man IMPSP-5140' for more detail.
**WARN: (IMPSP-315):	Found 33398 instances insts with no PG Term connections.
Type 'man IMPSP-315' for more detail.
Move report: Detail placement moves 12981 insts, mean move: 4.67 um, max move: 247.60 um
	Max move on inst (key3_reg[110]): (480.00, 183.20) --> (708.40, 164.00)
	Runtime: CPU: 0:00:00.7 REAL: 0:00:01.0 MEM: 1514.6MB
Summary Report:
Instances move: 12981 (out of 28809 movable)
Instances flipped: 0
Mean displacement: 4.67 um
Max displacement: 247.60 um (Instance: key3_reg[110]) (480, 183.2) -> (708.4, 164)
	Length: 15 sites, height: 1 rows, site name: CORE, cell type: DFF_E
Runtime: CPU: 0:00:00.8 REAL: 0:00:01.0 MEM: 1514.6MB
*** Finished refinePlace (0:11:46 mem=1514.6M) ***
Density distribution unevenness ratio = 25.190%
End: GigaOpt DRV Optimization
**optDesign ... cpu = 0:01:39, real = 0:01:41, mem = 1228.2M, totSessionCpu=0:11:46 **
*info:
**INFO: Completed fixing DRV (CPU Time = 0:01:08, Mem = 1465.80M).

------------------------------------------------------------
     SI Timing Summary (cpu=1.13min real=1.13min mem=1465.8M)                             
------------------------------------------------------------

Setup views included:
 VIEW_ss_125 

+--------------------+---------+---------+---------+
|     Setup mode     |   all   | reg2reg | default |
+--------------------+---------+---------+---------+
|           WNS (ns):|  4.054  |  4.054  |  4.491  |
|           TNS (ns):|  0.000  |  0.000  |  0.000  |
|    Violating Paths:|    0    |    0    |    0    |
|          All Paths:|  3213   |  2694   |  3212   |
+--------------------+---------+---------+---------+

+----------------+-------------------------------+------------------+
|                |              Real             |       Total      |
|    DRVs        +------------------+------------+------------------|
|                |  Nr nets(terms)  | Worst Vio  |  Nr nets(terms)  |
+----------------+------------------+------------+------------------+
|   max_cap      |    457 (457)     |   -0.026   |    458 (3280)    |
|   max_tran     |    141 (141)     |   -0.038   |    141 (141)     |
|   max_fanout   |      0 (0)       |     0      |      1 (1)       |
|   max_length   |      0 (0)       |     0      |      0 (0)       |
+----------------+------------------+------------+------------------+

Density: 67.973%
Total number of glitch violations: 0
------------------------------------------------------------
**optDesign ... cpu = 0:01:40, real = 0:01:41, mem = 1228.2M, totSessionCpu=0:11:47 **
*** Timing Is met
*** Check timing (0:00:00.0)
*** Setup timing is met (target slack 0ns)
Running postRoute recovery in preEcoRoute mode
**optDesign ... cpu = 0:01:40, real = 0:01:42, mem = 1218.0M, totSessionCpu=0:11:48 **
Checking DRV degradation...
**INFO: Skipping DRV recovery as drv did not degrade beyond margin
*** Finish postRoute recovery in preEcoRoute mode (cpu=0:00:01, real=0:00:01, mem=1452.23M, totSessionCpu=0:11:48).
**optDesign ... cpu = 0:01:41, real = 0:01:43, mem = 1218.5M, totSessionCpu=0:11:48 **

Default Rule : ""
Non Default Rules :
Worst Slack : 4.054 ns
Total 0 nets layer assigned (0.1).
GigaOpt: setting up router preferences
GigaOpt: 0 nets assigned router directives

Start Assign Priority Nets ...
TargetSlk(0.200ns) MaxAssign(3%) minLen(50um)
Existing Priority Nets 0 (0.0%)
Assigned Priority Nets 0 (0.0%)
Default Rule : ""
Non Default Rules :
Worst Slack : 4.054 ns
Total 0 nets layer assigned (0.2).
GigaOpt: setting up router preferences
GigaOpt: 0 nets assigned router directives

Start Assign Priority Nets ...
TargetSlk(0.200ns) MaxAssign(3%) minLen(50um)
Existing Priority Nets 0 (0.0%)
Assigned Priority Nets 0 (0.0%)

------------------------------------------------------------
        Pre-ecoRoute Summary                             
------------------------------------------------------------

Setup views included:
 VIEW_ss_125 

+--------------------+---------+---------+---------+
|     Setup mode     |   all   | reg2reg | default |
+--------------------+---------+---------+---------+
|           WNS (ns):|  4.054  |  4.054  |  4.491  |
|           TNS (ns):|  0.000  |  0.000  |  0.000  |
|    Violating Paths:|    0    |    0    |    0    |
|          All Paths:|  3213   |  2694   |  3212   |
+--------------------+---------+---------+---------+

+----------------+-------------------------------+------------------+
|                |              Real             |       Total      |
|    DRVs        +------------------+------------+------------------|
|                |  Nr nets(terms)  | Worst Vio  |  Nr nets(terms)  |
+----------------+------------------+------------+------------------+
|   max_cap      |    483 (483)     |   -0.026   |    484 (3306)    |
|   max_tran     |    141 (141)     |   -0.038   |    141 (141)     |
|   max_fanout   |      0 (0)       |     0      |      1 (1)       |
|   max_length   |      0 (0)       |     0      |      0 (0)       |
+----------------+------------------+------------+------------------+

Density: 67.973%
Total number of glitch violations: 0
------------------------------------------------------------
**optDesign ... cpu = 0:01:43, real = 0:01:44, mem = 1179.6M, totSessionCpu=0:11:50 **
-routeWithEco false                       # bool, default=false
-routeWithEco true                        # bool, default=false, user setting
-routeSelectedNetOnly false               # bool, default=false
-routeWithTimingDriven false              # bool, default=false
-routeWithSiDriven false                  # bool, default=false
Existing Dirty Nets : 302
New Signature Flow (saveAndSetNanoRouteOptions) ....
Reset Dirty Nets : 302

globalDetailRoute

#setNanoRouteMode -routeWithEco true
#Start globalDetailRoute on Sun Mar 23 21:56:22 2025
#
#WARNING (NRDB-2005) SPECIAL_NET VDD has special wires but no definitions for instance pins or top level pins. This will cause routability problems later.
#WARNING (NRDB-2005) SPECIAL_NET GND has special wires but no definitions for instance pins or top level pins. This will cause routability problems later.
#NanoRoute Version 18.10-p002_1 NR180522-1057/18_10-UB
#Loading the last recorded routing design signature
#Created 158 NETS and 0 SPECIALNETS new signatures
#Summary of the placement changes since last routing:
#  Number of instances added (including moved) = 9656
#  Number of instances deleted (including moved) = 9498
#  Number of instances resized = 1543
#  Number of instances with same cell size swap = 1697
#  Number of instances with different orientation = 64
#  Number of instances with pin swaps = 1548
#  Total number of placement changes (moved instances are counted twice) = 20761
#Start routing data preparation on Sun Mar 23 21:56:24 2025
#
#Minimum voltage of a net in the design = 0.000.
#Maximum voltage of a net in the design = 1.600.
#Voltage range [0.000 - 0.000] has 1 net.
#Voltage range [1.350 - 1.600] has 1 net.
#Voltage range [0.000 - 1.600] has 31632 nets.
# M1           H   Track-Pitch = 0.4000    Line-2-Via Pitch = 0.3600
# M2           V   Track-Pitch = 0.4000    Line-2-Via Pitch = 0.4000
# M3           H   Track-Pitch = 0.4000    Line-2-Via Pitch = 0.4000
# M4           V   Track-Pitch = 0.4000    Line-2-Via Pitch = 0.4000
# MQ           H   Track-Pitch = 0.8000    Line-2-Via Pitch = 0.8000
#Regenerating Ggrids automatically.
#Auto generating G-grids with size=15 tracks, using layer M3's pitch = 0.4000.
#Using automatically generated G-grids.
#Done routing data preparation.
#cpu time = 00:00:01, elapsed time = 00:00:01, memory = 1160.36 (MB), peak = 1263.18 (MB)
#Merging special wires...
#WARNING (NRDB-1005) Cannot establish connection to PIN CLK at ( 380.7400 783.4100 ) on M1 for NET clk. The NET is considered partially routed. Visually verify wiring at the specified location as the wire/via origin may not touch the PIN. This NET will be rerouted with same or different wiring.
#WARNING (NRDB-1005) Cannot establish connection to PIN CLK at ( 372.3400 783.4100 ) on M1 for NET clk. The NET is considered partially routed. Visually verify wiring at the specified location as the wire/via origin may not touch the PIN. This NET will be rerouted with same or different wiring.
#WARNING (NRDB-1005) Cannot establish connection to PIN CLK at ( 347.9400 783.4100 ) on M1 for NET clk. The NET is considered partially routed. Visually verify wiring at the specified location as the wire/via origin may not touch the PIN. This NET will be rerouted with same or different wiring.
#WARNING (NRDB-1005) Cannot establish connection to PIN CLK at ( 320.4500 783.4100 ) on M1 for NET clk. The NET is considered partially routed. Visually verify wiring at the specified location as the wire/via origin may not touch the PIN. This NET will be rerouted with same or different wiring.
#WARNING (NRDB-1005) Cannot establish connection to PIN CLK at ( 422.7400 782.9800 ) on M1 for NET clk. The NET is considered partially routed. Visually verify wiring at the specified location as the wire/via origin may not touch the PIN. This NET will be rerouted with same or different wiring.
#WARNING (NRDB-1005) Cannot establish connection to PIN CLK at ( 340.4500 782.9800 ) on M1 for NET clk. The NET is considered partially routed. Visually verify wiring at the specified location as the wire/via origin may not touch the PIN. This NET will be rerouted with same or different wiring.
#WARNING (NRDB-1005) Cannot establish connection to PIN CLK at ( 429.2500 773.8100 ) on M1 for NET clk. The NET is considered partially routed. Visually verify wiring at the specified location as the wire/via origin may not touch the PIN. This NET will be rerouted with same or different wiring.
#WARNING (NRDB-1005) Cannot establish connection to PIN CLK at ( 408.7400 773.8100 ) on M1 for NET clk. The NET is considered partially routed. Visually verify wiring at the specified location as the wire/via origin may not touch the PIN. This NET will be rerouted with same or different wiring.
#WARNING (NRDB-1005) Cannot establish connection to PIN CLK at ( 369.9400 773.8100 ) on M1 for NET clk. The NET is considered partially routed. Visually verify wiring at the specified location as the wire/via origin may not touch the PIN. This NET will be rerouted with same or different wiring.
#WARNING (NRDB-1005) Cannot establish connection to PIN CLK at ( 315.1400 773.8100 ) on M1 for NET clk. The NET is considered partially routed. Visually verify wiring at the specified location as the wire/via origin may not touch the PIN. This NET will be rerouted with same or different wiring.
#WARNING (NRDB-1005) Cannot establish connection to PIN CLK at ( 291.1400 773.8100 ) on M1 for NET clk. The NET is considered partially routed. Visually verify wiring at the specified location as the wire/via origin may not touch the PIN. This NET will be rerouted with same or different wiring.
#WARNING (NRDB-1005) Cannot establish connection to PIN CLK at ( 252.4500 773.8100 ) on M1 for NET clk. The NET is considered partially routed. Visually verify wiring at the specified location as the wire/via origin may not touch the PIN. This NET will be rerouted with same or different wiring.
#WARNING (NRDB-1005) Cannot establish connection to PIN CLK at ( 423.5400 773.3800 ) on M1 for NET clk. The NET is considered partially routed. Visually verify wiring at the specified location as the wire/via origin may not touch the PIN. This NET will be rerouted with same or different wiring.
#WARNING (NRDB-1005) Cannot establish connection to PIN CLK at ( 390.3400 773.3800 ) on M1 for NET clk. The NET is considered partially routed. Visually verify wiring at the specified location as the wire/via origin may not touch the PIN. This NET will be rerouted with same or different wiring.
#WARNING (NRDB-1005) Cannot establish connection to PIN CLK at ( 364.4500 773.3800 ) on M1 for NET clk. The NET is considered partially routed. Visually verify wiring at the specified location as the wire/via origin may not touch the PIN. This NET will be rerouted with same or different wiring.
#WARNING (NRDB-1005) Cannot establish connection to PIN CLK at ( 338.0500 773.3800 ) on M1 for NET clk. The NET is considered partially routed. Visually verify wiring at the specified location as the wire/via origin may not touch the PIN. This NET will be rerouted with same or different wiring.
#WARNING (NRDB-1005) Cannot establish connection to PIN CLK at ( 297.9400 773.3800 ) on M1 for NET clk. The NET is considered partially routed. Visually verify wiring at the specified location as the wire/via origin may not touch the PIN. This NET will be rerouted with same or different wiring.
#WARNING (NRDB-1005) Cannot establish connection to PIN CLK at ( 416.4500 764.2100 ) on M1 for NET clk. The NET is considered partially routed. Visually verify wiring at the specified location as the wire/via origin may not touch the PIN. This NET will be rerouted with same or different wiring.
#WARNING (NRDB-1005) Cannot establish connection to PIN CLK at ( 340.7400 764.2100 ) on M1 for NET clk. The NET is considered partially routed. Visually verify wiring at the specified location as the wire/via origin may not touch the PIN. This NET will be rerouted with same or different wiring.
#WARNING (NRDB-1005) Cannot establish connection to PIN CLK at ( 319.1400 764.2100 ) on M1 for NET clk. The NET is considered partially routed. Visually verify wiring at the specified location as the wire/via origin may not touch the PIN. This NET will be rerouted with same or different wiring.
#WARNING (EMS-27) Message (NRDB-1005) has exceeded the current message display limit of 20.
#To increase the message display limit, refer to the product command reference manual.
#WARNING (NRDB-874) There is 1 dangling wire/via in the fully routed NET FE_OFN4623_n. NanoRoute will correct the dangling wires/vias that are not of FIXED status.
#WARNING (NRDB-874) There is 1 dangling wire/via in the fully routed NET key_in[63]. NanoRoute will correct the dangling wires/vias that are not of FIXED status.
#WARNING (NRDB-874) There is 1 dangling wire/via in the fully routed NET plaintext_in[24]. NanoRoute will correct the dangling wires/vias that are not of FIXED status.
#WARNING (NRDB-874) There is 1 dangling wire/via in the fully routed NET FE_OFN4745_ciphertext_out_67. NanoRoute will correct the dangling wires/vias that are not of FIXED status.
#WARNING (NRDB-874) There is 1 dangling wire/via in the fully routed NET FE_PHN13883_J_66. NanoRoute will correct the dangling wires/vias that are not of FIXED status.
#WARNING (NRDB-874) There is 1 dangling wire/via in the fully routed NET plaintext_in_q[50]. NanoRoute will correct the dangling wires/vias that are not of FIXED status.
#WARNING (NRDB-874) There is 1 dangling wire/via in the fully routed NET FE_PHN15248_n2330. NanoRoute will correct the dangling wires/vias that are not of FIXED status.
#WARNING (NRDB-874) There is 1 dangling wire/via in the fully routed NET key4[85]. NanoRoute will correct the dangling wires/vias that are not of FIXED status.
#WARNING (NRDB-874) There is 1 dangling wire/via in the fully routed NET ciphertext_out[47]. NanoRoute will correct the dangling wires/vias that are not of FIXED status.
#WARNING (NRDB-874) There is 1 dangling wire/via in the fully routed NET key9[15]. NanoRoute will correct the dangling wires/vias that are not of FIXED status.
#WARNING (NRDB-874) There is 1 dangling wire/via in the fully routed NET FE_PHN8870_key9_93. NanoRoute will correct the dangling wires/vias that are not of FIXED status.
#WARNING (NRDB-874) There is 1 dangling wire/via in the fully routed NET key6[103]. NanoRoute will correct the dangling wires/vias that are not of FIXED status.
#WARNING (NRDB-874) There is 1 dangling wire/via in the fully routed NET key9[104]. NanoRoute will correct the dangling wires/vias that are not of FIXED status.
#WARNING (NRDB-874) There is 1 dangling wire/via in the fully routed NET G[120]. NanoRoute will correct the dangling wires/vias that are not of FIXED status.
#WARNING (NRDB-874) There is 1 dangling wire/via in the fully routed NET B[67]. NanoRoute will correct the dangling wires/vias that are not of FIXED status.
#WARNING (NRDB-874) There is 1 dangling wire/via in the fully routed NET FE_OFN3924_ciphertext_out_85. NanoRoute will correct the dangling wires/vias that are not of FIXED status.
#WARNING (NRDB-874) There is 1 dangling wire/via in the fully routed NET FE_PHN9310_D_77. NanoRoute will correct the dangling wires/vias that are not of FIXED status.
#WARNING (NRDB-874) There is 1 dangling wire/via in the fully routed NET FE_PHN16219_plaintext_in_105. NanoRoute will correct the dangling wires/vias that are not of FIXED status.
#WARNING (NRDB-874) There is 1 dangling wire/via in the fully routed NET FE_PHN12744_J_90. NanoRoute will correct the dangling wires/vias that are not of FIXED status.
#WARNING (NRDB-874) There is 1 dangling wire/via in the fully routed NET FE_PHN7276_B_14. NanoRoute will correct the dangling wires/vias that are not of FIXED status.
#WARNING (EMS-27) Message (NRDB-874) has exceeded the current message display limit of 20.
#To increase the message display limit, refer to the product command reference manual.
#
#Connectivity extraction summary:
#17998 routed nets are extracted.
#    16719 (52.85%) extracted nets are partially routed.
#10945 routed net(s) are imported.
#2691 nets are fixed|skipped|trivial (not extracted).
#Total number of nets = 31634.
#
#Found 0 nets for post-route si or timing fixing.
#
#Finished routing data preparation on Sun Mar 23 21:56:25 2025
#
#Cpu time = 00:00:02
#Elapsed time = 00:00:01
#Increased memory = 4.16 (MB)
#Total memory = 1161.38 (MB)
#Peak memory = 1263.18 (MB)
#
#
#Start global routing on Sun Mar 23 21:56:25 2025
#
#Number of eco nets is 16719
#
#Start global routing data preparation on Sun Mar 23 21:56:25 2025
#
#Start routing resource analysis on Sun Mar 23 21:56:25 2025
#
#Routing resource analysis is done on Sun Mar 23 21:56:26 2025
#
#  Resource Analysis:
#
#               Routing  #Avail      #Track     #Total     %Gcell
#  Layer      Direction   Track     Blocked      Gcell    Blocked
#  --------------------------------------------------------------
#  M1             H        2008           0       18358     2.01%
#  M2             V        2061           0       18358     0.28%
#  M3             H        2008           0       18358     0.00%
#  M4             V        1991          70       18358     0.00%
#  MQ             H         971          32       18358     1.48%
#  --------------------------------------------------------------
#  Total                   9039       1.31%       91790     0.75%
#
#
#
#
#Global routing data preparation is done on Sun Mar 23 21:56:26 2025
#
#cpu time = 00:00:01, elapsed time = 00:00:01, memory = 1163.49 (MB), peak = 1263.18 (MB)
#
#cpu time = 00:00:01, elapsed time = 00:00:01, memory = 1163.49 (MB), peak = 1263.18 (MB)
#
#start global routing iteration 1...
#cpu time = 00:00:01, elapsed time = 00:00:01, memory = 1175.69 (MB), peak = 1263.18 (MB)
#
#start global routing iteration 2...
#Initial_route: 0.36506
#Reroute: 0.00313
#cpu time = 00:00:01, elapsed time = 00:00:01, memory = 1256.57 (MB), peak = 1263.18 (MB)
#
#start global routing iteration 3...
#cpu time = 00:00:00, elapsed time = 00:00:00, memory = 1256.68 (MB), peak = 1263.18 (MB)
#
#
#Total number of trivial nets (e.g. < 2 pins) = 2691 (skipped).
#Total number of routable nets = 28943.
#Total number of nets in the design = 31634.
#
#16719 routable nets have only global wires.
#12224 routable nets have only detail routed wires.
#
#Routed nets constraints summary:
#-----------------------------
#        Rules   Unconstrained  
#-----------------------------
#      Default           16719  
#-----------------------------
#        Total           16719  
#-----------------------------
#
#Routing constraints summary of the whole design:
#-----------------------------
#        Rules   Unconstrained  
#-----------------------------
#      Default           28943  
#-----------------------------
#        Total           28943  
#-----------------------------
#
#
#  Congestion Analysis: (blocked Gcells are excluded)
#
#                 OverCon          
#                  #Gcell    %Gcell
#     Layer           (1)   OverCon
#  --------------------------------
#  M1           88(0.48%)   (0.48%)
#  M2            1(0.01%)   (0.01%)
#  M3            0(0.00%)   (0.00%)
#  M4            0(0.00%)   (0.00%)
#  MQ            0(0.00%)   (0.00%)
#  --------------------------------
#     Total     89(0.10%)   (0.10%)
#
#  The worst congested Gcell overcon (routing demand over resource in number of tracks) = 1
#  Overflow after GR: 0.10% H + 0.00% V
#
#Complete Global Routing.
#Total wire length = 887875 um.
#Total half perimeter of net bounding box = 942619 um.
#Total wire length on LAYER M1 = 127462 um.
#Total wire length on LAYER M2 = 292096 um.
#Total wire length on LAYER M3 = 266298 um.
#Total wire length on LAYER M4 = 132275 um.
#Total wire length on LAYER MQ = 69744 um.
#Total number of vias = 102882
#Up-Via Summary (total 102882):
#           
#-----------------------
# M1              65577
# M2              30024
# M3               5371
# M4               1910
#-----------------------
#                102882 
#
#Max overcon = 1 tracks.
#Total overcon = 0.10%.
#Worst layer Gcell overcon rate = 0.00%.
#
#Global routing statistics:
#Cpu time = 00:00:03
#Elapsed time = 00:00:03
#Increased memory = 95.15 (MB)
#Total memory = 1256.68 (MB)
#Peak memory = 1263.18 (MB)
#
#Finished global routing on Sun Mar 23 21:56:29 2025
#
#
#cpu time = 00:00:00, elapsed time = 00:00:00, memory = 1200.16 (MB), peak = 1263.18 (MB)
#Start Track Assignment.
#Done with 6358 horizontal wires in 2 hboxes and 6630 vertical wires in 2 hboxes.
#Done with 780 horizontal wires in 2 hboxes and 849 vertical wires in 2 hboxes.
#Complete Track Assignment.
#Total wire length = 935849 um.
#Total half perimeter of net bounding box = 942619 um.
#Total wire length on LAYER M1 = 143046 um.
#Total wire length on LAYER M2 = 310479 um.
#Total wire length on LAYER M3 = 280086 um.
#Total wire length on LAYER M4 = 132469 um.
#Total wire length on LAYER MQ = 69770 um.
#Total number of vias = 102882
#Up-Via Summary (total 102882):
#           
#-----------------------
# M1              65577
# M2              30024
# M3               5371
# M4               1910
#-----------------------
#                102882 
#
#cpu time = 00:00:03, elapsed time = 00:00:03, memory = 1246.78 (MB), peak = 1263.18 (MB)
#
#Routing data preparation, pin analysis, global routing and track assignment statistics:
#Cpu time = 00:00:08
#Elapsed time = 00:00:08
#Increased memory = 89.61 (MB)
#Total memory = 1246.78 (MB)
#Peak memory = 1263.18 (MB)
#
#Start Detail Routing..
#start initial detail routing ...
# ECO: 2.6% of the total area was rechecked for DRC, and 71.9% required routing.
#   number of violations = 16
#
#    By Layer and Type :
#	         MetSpc    Short   CutSpc      Mar   Totals
#	M1            0        0        0        0        0
#	M2            0       12        1        1       14
#	M3            0        1        0        0        1
#	M4            1        0        0        0        1
#	Totals        1       13        1        1       16
#11263 out of 33398 instances (33.7%) need to be verified(marked ipoed), dirty area = 30.4%.
#0.0% of the total area is being checked for drcs
#0.0% of the total area was checked
#   number of violations = 16
#
#    By Layer and Type :
#	         MetSpc    Short   CutSpc      Mar   Totals
#	M1            0        0        0        0        0
#	M2            0       12        1        1       14
#	M3            0        1        0        0        1
#	M4            1        0        0        0        1
#	Totals        1       13        1        1       16
#cpu time = 00:00:30, elapsed time = 00:00:30, memory = 1279.99 (MB), peak = 1284.38 (MB)
#start 1st optimization iteration ...
#   number of violations = 3
#
#    By Layer and Type :
#	          Short   Totals
#	M1            1        1
#	M2            1        1
#	M3            1        1
#	Totals        3        3
#    number of process antenna violations = 15
#cpu time = 00:00:00, elapsed time = 00:00:00, memory = 1283.95 (MB), peak = 1284.38 (MB)
#start 2nd optimization iteration ...
#   number of violations = 0
#    number of process antenna violations = 15
#cpu time = 00:00:00, elapsed time = 00:00:00, memory = 1283.95 (MB), peak = 1284.38 (MB)
#Complete Detail Routing.
#Total wire length = 875467 um.
#Total half perimeter of net bounding box = 942619 um.
#Total wire length on LAYER M1 = 129481 um.
#Total wire length on LAYER M2 = 276901 um.
#Total wire length on LAYER M3 = 262656 um.
#Total wire length on LAYER M4 = 136092 um.
#Total wire length on LAYER MQ = 70337 um.
#Total number of vias = 106142
#Up-Via Summary (total 106142):
#           
#-----------------------
# M1              67115
# M2              30936
# M3               6171
# M4               1920
#-----------------------
#                106142 
#
#Total number of DRC violations = 0
#Cpu time = 00:00:32
#Elapsed time = 00:00:32
#Increased memory = -48.01 (MB)
#Total memory = 1198.77 (MB)
#Peak memory = 1284.38 (MB)
#
#start routing for process antenna violation fix ...
#cpu time = 00:00:00, elapsed time = 00:00:00, memory = 1199.95 (MB), peak = 1284.38 (MB)
#
#Total wire length = 875467 um.
#Total half perimeter of net bounding box = 942619 um.
#Total wire length on LAYER M1 = 129481 um.
#Total wire length on LAYER M2 = 276901 um.
#Total wire length on LAYER M3 = 262656 um.
#Total wire length on LAYER M4 = 136092 um.
#Total wire length on LAYER MQ = 70337 um.
#Total number of vias = 106142
#Up-Via Summary (total 106142):
#           
#-----------------------
# M1              67115
# M2              30936
# M3               6171
# M4               1920
#-----------------------
#                106142 
#
#Total number of DRC violations = 0
#Total number of net violated process antenna rule = 5
#
#
#Total wire length = 875467 um.
#Total half perimeter of net bounding box = 942619 um.
#Total wire length on LAYER M1 = 129481 um.
#Total wire length on LAYER M2 = 276901 um.
#Total wire length on LAYER M3 = 262656 um.
#Total wire length on LAYER M4 = 136092 um.
#Total wire length on LAYER MQ = 70337 um.
#Total number of vias = 106142
#Up-Via Summary (total 106142):
#           
#-----------------------
# M1              67115
# M2              30936
# M3               6171
# M4               1920
#-----------------------
#                106142 
#
#Total number of DRC violations = 0
#Total number of process antenna violations = 5
#
#
#Start Post Route wire spreading..
#
#Start data preparation for wire spreading...
#
#Data preparation is done on Sun Mar 23 21:57:05 2025
#
#
#Start Post Route Wire Spread.
#Done with 6994 horizontal wires in 3 hboxes and 8039 vertical wires in 3 hboxes.
#Complete Post Route Wire Spread.
#
#Total wire length = 884311 um.
#Total half perimeter of net bounding box = 942619 um.
#Total wire length on LAYER M1 = 129514 um.
#Total wire length on LAYER M2 = 280829 um.
#Total wire length on LAYER M3 = 266824 um.
#Total wire length on LAYER M4 = 136579 um.
#Total wire length on LAYER MQ = 70565 um.
#Total number of vias = 106142
#Up-Via Summary (total 106142):
#           
#-----------------------
# M1              67115
# M2              30936
# M3               6171
# M4               1920
#-----------------------
#                106142 
#
#   number of violations = 0
#cpu time = 00:00:04, elapsed time = 00:00:04, memory = 1240.30 (MB), peak = 1284.38 (MB)
#CELL_VIEW AES,init has 0 DRC violations
#Total number of DRC violations = 0
#Total number of process antenna violations = 5
#Post Route wire spread is done.
#Total wire length = 884311 um.
#Total half perimeter of net bounding box = 942619 um.
#Total wire length on LAYER M1 = 129514 um.
#Total wire length on LAYER M2 = 280829 um.
#Total wire length on LAYER M3 = 266824 um.
#Total wire length on LAYER M4 = 136579 um.
#Total wire length on LAYER MQ = 70565 um.
#Total number of vias = 106142
#Up-Via Summary (total 106142):
#           
#-----------------------
# M1              67115
# M2              30936
# M3               6171
# M4               1920
#-----------------------
#                106142 
#
#detailRoute Statistics:
#Cpu time = 00:00:37
#Elapsed time = 00:00:37
#Increased memory = -45.40 (MB)
#Total memory = 1201.38 (MB)
#Peak memory = 1284.38 (MB)
#Updating routing design signature
#Created 363 library cell signatures
#Created 31634 NETS and 0 SPECIALNETS signatures
#Created 33398 instance signatures
#Build design signature : cpu time = 00:00:00, elapsed time = 00:00:00, memory = 1202.07 (MB), peak = 1284.38 (MB)
#Save design signature : cpu time = 00:00:00, elapsed time = 00:00:00, memory = 1202.07 (MB), peak = 1284.38 (MB)
#
#globalDetailRoute statistics:
#Cpu time = 00:00:47
#Elapsed time = 00:00:47
#Increased memory = -21.93 (MB)
#Total memory = 1157.62 (MB)
#Peak memory = 1284.38 (MB)
#Number of warnings = 44
#Total number of warnings = 73
#Number of fails = 0
#Total number of fails = 0
#Complete globalDetailRoute on Sun Mar 23 21:57:10 2025
#
**optDesign ... cpu = 0:02:30, real = 0:02:32, mem = 1136.5M, totSessionCpu=0:12:37 **
-routeWithEco false                       # bool, default=false
-routeSelectedNetOnly false               # bool, default=false
-routeWithTimingDriven false              # bool, default=false
-routeWithSiDriven false                  # bool, default=false
New Signature Flow (restoreNanoRouteOptions) ....
#WARNING (NRDB-2005) SPECIAL_NET VDD has special wires but no definitions for instance pins or top level pins. This will cause routability problems later.
#WARNING (NRDB-2005) SPECIAL_NET GND has special wires but no definitions for instance pins or top level pins. This will cause routability problems later.
#Start routing data preparation on Sun Mar 23 21:57:11 2025
#
#Minimum voltage of a net in the design = 0.000.
#Maximum voltage of a net in the design = 1.600.
#Voltage range [0.000 - 0.000] has 1 net.
#Voltage range [1.350 - 1.600] has 1 net.
#Voltage range [0.000 - 1.600] has 31632 nets.
# M1           H   Track-Pitch = 0.4000    Line-2-Via Pitch = 0.3600
# M2           V   Track-Pitch = 0.4000    Line-2-Via Pitch = 0.4000
# M3           H   Track-Pitch = 0.4000    Line-2-Via Pitch = 0.4000
# M4           V   Track-Pitch = 0.4000    Line-2-Via Pitch = 0.4000
# MQ           H   Track-Pitch = 0.8000    Line-2-Via Pitch = 0.8000
#Regenerating Ggrids automatically.
#Auto generating G-grids with size=15 tracks, using layer M3's pitch = 0.4000.
#Using automatically generated G-grids.
#Done routing data preparation.
#cpu time = 00:00:00, elapsed time = 00:00:00, memory = 1141.83 (MB), peak = 1284.38 (MB)
#Extract in post route mode
#
#Start tQuantus RC extraction...
#Start building rc corner(s)...
#Number of RC Corner = 2
#Corner RC_min /apps/design_kits/ibm_kits/IBM_DIG_FLOW/cmos8hp/cadence/v.20110204/tch/cmos8hp_7AM_41_FuncCmax.tch 25.000000 (real) 
#Corner RC_max /apps/design_kits/ibm_kits/IBM_DIG_FLOW/cmos8hp/cadence/v.20110204/tch/cmos8hp_7AM_41_FuncCmax.tch 25.000000 (real) 
#Layer LY does not exist in nanoroute.
#Layer AM does not exist in nanoroute.
#M1 -> M1 (1)
#M2 -> M2 (2)
#M3 -> M3 (3)
#M4 -> M4 (4)
#MQ -> MQ (5)
#Layer LY does not exist in nanoroute.
#Layer AM does not exist in nanoroute.
#SADV_On
# Corner(s) : 
#RC_min [25.00] 
#RC_max [25.00]
# Corner id: 0
# Layout Scale: 1.000000
# Has Metal Fill model: yes
# Temperature was set
# Temperature : 25.000000
# Ref. Temp   : 25.000000
# Corner id: 1
# Layout Scale: 1.000000
# Has Metal Fill model: yes
# Temperature was set
# Temperature : 25.000000
# Ref. Temp   : 25.000000
#SADV_Off
#total pattern=84 [7, 224]
#Reading previously stored rc_model file ( rc_model.bin ) ...
#found CAPMODEL /apps/design_kits/ibm_kits/IBM_DIG_FLOW/cmos8hp/cadence/v.20110204/tch/cmos8hp_7AM_41_FuncCmax.tch
#found RESMODEL /apps/design_kits/ibm_kits/IBM_DIG_FLOW/cmos8hp/cadence/v.20110204/tch/cmos8hp_7AM_41_FuncCmax.tch 25.000000 
#number model r/c [1,1] [7,224] read
#0 rcmodel(s) requires rebuild
#Build RC corners: cpu time = 00:00:01, elapsed time = 00:00:01, memory = 1156.90 (MB), peak = 1284.38 (MB)
#Start building rc corner(s)...
#Number of RC Corner = 2
#Corner RC_min /apps/design_kits/ibm_kits/IBM_DIG_FLOW/cmos8hp/cadence/v.20110204/tch/cmos8hp_7AM_41_FuncCmax.tch 25.000000 (real) 
#Corner RC_max /apps/design_kits/ibm_kits/IBM_DIG_FLOW/cmos8hp/cadence/v.20110204/tch/cmos8hp_7AM_41_FuncCmax.tch 25.000000 (real) 
#Layer LY does not exist in nanoroute.
#Layer AM does not exist in nanoroute.
#M1 -> M1 (1)
#M2 -> M2 (2)
#M3 -> M3 (3)
#M4 -> M4 (4)
#MQ -> MQ (5)
#Layer LY does not exist in nanoroute.
#Layer AM does not exist in nanoroute.
#SADV_On
# Corner(s) : 
#RC_min [25.00] 
#RC_max [25.00]
# Corner id: 0
# Layout Scale: 1.000000
# Has Metal Fill model: yes
# Temperature was set
# Temperature : 25.000000
# Ref. Temp   : 25.000000
# Corner id: 1
# Layout Scale: 1.000000
# Has Metal Fill model: yes
# Temperature was set
# Temperature : 25.000000
# Ref. Temp   : 25.000000
#SADV_Off
#total pattern=84 [7, 224]
#Reading previously stored rc_model file ( rc_model.bin ) ...
#found CAPMODEL /apps/design_kits/ibm_kits/IBM_DIG_FLOW/cmos8hp/cadence/v.20110204/tch/cmos8hp_7AM_41_FuncCmax.tch
#found RESMODEL /apps/design_kits/ibm_kits/IBM_DIG_FLOW/cmos8hp/cadence/v.20110204/tch/cmos8hp_7AM_41_FuncCmax.tch 25.000000 
#number model r/c [1,1] [7,224] read
#0 rcmodel(s) requires rebuild
#Build RC corners: cpu time = 00:00:01, elapsed time = 00:00:01, memory = 1166.57 (MB), peak = 1284.38 (MB)
#Length limit = 200 pitches
#opt mode = 2
#Start routing data preparation on Sun Mar 23 21:57:16 2025
#
#Minimum voltage of a net in the design = 0.000.
#Maximum voltage of a net in the design = 1.600.
#Voltage range [0.000 - 1.600] has 31632 nets.
#Voltage range [0.000 - 0.000] has 1 net.
#Voltage range [1.350 - 1.600] has 1 net.
#Regenerating Ggrids automatically.
#Auto generating G-grids with size=15 tracks, using layer M3's pitch = 0.4000.
#Using automatically generated G-grids.
#Done routing data preparation.
#cpu time = 00:00:00, elapsed time = 00:00:00, memory = 1161.00 (MB), peak = 1284.38 (MB)
#Start routing data preparation on Sun Mar 23 21:57:16 2025
#
#Minimum voltage of a net in the design = 0.000.
#Maximum voltage of a net in the design = 1.600.
#Voltage range [0.000 - 1.600] has 31632 nets.
#Voltage range [0.000 - 0.000] has 1 net.
#Voltage range [1.350 - 1.600] has 1 net.
#Regenerating Ggrids automatically.
#Auto generating G-grids with size=15 tracks, using layer M3's pitch = 0.4000.
#Using automatically generated G-grids.
#Done routing data preparation.
#cpu time = 00:00:00, elapsed time = 00:00:00, memory = 1161.00 (MB), peak = 1284.38 (MB)
#Start generate extraction boxes.
#
#Extract using 30 x 30 Hboxes
#6x6 initial hboxes
#Use area based hbox pruning.
#0/0 hboxes pruned.
#Complete generating extraction boxes.
#Extract 23 hboxes with single thread on machine with  Xeon 2.00GHz 28160KB Cache 80CPU...
#Process 0 special clock nets for rc extraction
#0 temporary NDR added
#Total 28943 nets were built. 484 nodes added to break long wires. 0 net(s) have incomplete routes.
#Run Statistics for Extraction:
#   Cpu time = 00:00:09, elapsed time = 00:00:09 .
#   Increased memory =    87.89 (MB), total memory =  1248.89 (MB), peak memory =  1284.38 (MB)
#Simplify RC tree: cpu time = 00:00:00, elapsed time = 00:00:00, memory = 1227.46 (MB), peak = 1284.38 (MB)
#RC Statistics: 92662 Res, 55834 Ground Cap, 30839 XCap (Edge to Edge)
#RC V/H edge ratio: 0.44, Avg V/H Edge Length: 5253.71 (49526), Avg L-Edge Length: 11575.73 (29150)
#Start writing rcdb into /tmp/innovus_temp_142802_shell_G32127843_wVIndc/nr142802_I7yY5x.rcdb.d
#Finish writing rcdb with 122589 nodes, 93646 edges, and 68748 xcaps
#cpu time = 00:00:01, elapsed time = 00:00:01, memory = 1244.82 (MB), peak = 1284.38 (MB)
Restoring parasitic data from file '/tmp/innovus_temp_142802_shell_G32127843_wVIndc/nr142802_I7yY5x.rcdb.d' ...
Reading RCDB with compressed RC data.
Reading RCDB with compressed RC data.
Begin read_parasitics... (cpu: 0:00:00.0 real: 0:00:00.0 mem: 1477.719M)
Following multi-corner parasitics specified:
	/tmp/innovus_temp_142802_shell_G32127843_wVIndc/nr142802_I7yY5x.rcdb.d (rcdb)
Reading RCDB with compressed RC data.
		Cell AES has rcdb /tmp/innovus_temp_142802_shell_G32127843_wVIndc/nr142802_I7yY5x.rcdb.d specified
Cell AES, hinst 
Reading RCDB with compressed RC data.
Done read_parasitics... (cpu: 0:00:00.3 real: 0:00:00.0 mem: 1447.719M)
#
#Restore RCDB.
#
#Complete tQuantus RC extraction.
#Cpu time = 00:00:15
#Elapsed time = 00:00:17
#Increased memory = 79.01 (MB)
#Total memory = 1220.84 (MB)
#Peak memory = 1284.38 (MB)
#
#484 inserted nodes are removed
**optDesign ... cpu = 0:02:48, real = 0:02:51, mem = 1163.5M, totSessionCpu=0:12:56 **
Starting SI iteration 1 using Infinite Timing Windows
Begin IPO call back ...
End IPO call back ...
#################################################################################
# Design Stage: PostRoute
# Design Name: AES
# Design Mode: 130nm
# Analysis Mode: MMMC OCV 
# Parasitics Mode: SPEF/RCDB
# Signoff Settings: SI On 
#################################################################################
AAE_INFO: 1 threads acquired from CTE.
Calculate early delays in OCV mode...
Calculate late delays in OCV mode...
Start delay calculation (fullDC) (1 T). (MEM=1460.54)
Initializing multi-corner capacitance tables ... 
Initializing multi-corner resistance tables ...
Creating RPSQ from WeeR and WRes ...
Creating RPSQ from WeeR and WRes ...
Reading RCDB with compressed RC data.
AAE_INFO: 1 threads acquired from CTE.
Total number of fetched objects 31890
AAE_INFO-618: Total number of nets in the design is 31634,  100.0 percent of the nets selected for SI analysis
Total number of fetched objects 31890
AAE_INFO-618: Total number of nets in the design is 31634,  100.0 percent of the nets selected for SI analysis
End delay calculation. (MEM=1498.95 CPU=0:00:08.5 REAL=0:00:08.0)
End delay calculation (fullDC). (MEM=1498.95 CPU=0:00:09.1 REAL=0:00:09.0)
Loading CTE timing window with TwFlowType 0...(CPU = 0:00:00.0, REAL = 0:00:00.0, MEM = 1499.0M)
Add other clocks and setupCteToAAEClockMapping during iter 1
Loading CTE timing window is completed (CPU = 0:00:00.1, REAL = 0:00:00.0, MEM = 1499.0M)
Starting SI iteration 2
AAE_INFO: 1 threads acquired from CTE.
Calculate early delays in OCV mode...
Calculate late delays in OCV mode...
Start delay calculation (fullDC) (1 T). (MEM=1468.84)
Glitch Analysis: View VIEW_ss_125 -- Total Number of Nets Skipped = 0. 
Glitch Analysis: View VIEW_ss_125 -- Total Number of Nets Analyzed = 0. 
Total number of fetched objects 31890
AAE_INFO-618: Total number of nets in the design is 31634,  8.9 percent of the nets selected for SI analysis
End delay calculation. (MEM=1475 CPU=0:00:00.3 REAL=0:00:00.0)
End delay calculation (fullDC). (MEM=1475 CPU=0:00:00.4 REAL=0:00:00.0)
*** Done Building Timing Graph (cpu=0:00:12.1 real=0:00:12.0 totSessionCpu=0:13:08 mem=1475.0M)

------------------------------------------------------------
       Post-ecoRoute Summary                             
------------------------------------------------------------

Setup views included:
 VIEW_ss_125 

+--------------------+---------+---------+---------+
|     Setup mode     |   all   | reg2reg | default |
+--------------------+---------+---------+---------+
|           WNS (ns):|  0.775  |  0.775  |  1.249  |
|           TNS (ns):|  0.000  |  0.000  |  0.000  |
|    Violating Paths:|    0    |    0    |    0    |
|          All Paths:|  3213   |  2694   |  3212   |
+--------------------+---------+---------+---------+

+----------------+-------------------------------+------------------+
|                |              Real             |       Total      |
|    DRVs        +------------------+------------+------------------|
|                |  Nr nets(terms)  | Worst Vio  |  Nr nets(terms)  |
+----------------+------------------+------------+------------------+
|   max_cap      |   1718 (1718)    |   -0.040   |   1719 (4541)    |
|   max_tran     |    235 (237)     |  -12.960   |    235 (237)     |
|   max_fanout   |      0 (0)       |     0      |      1 (1)       |
|   max_length   |      0 (0)       |     0      |      0 (0)       |
+----------------+------------------+------------+------------------+

Density: 67.973%
Total number of glitch violations: 0
------------------------------------------------------------
**optDesign ... cpu = 0:03:01, real = 0:03:04, mem = 1214.6M, totSessionCpu=0:13:08 **
**optDesign ... cpu = 0:03:01, real = 0:03:04, mem = 1214.6M, totSessionCpu=0:13:08 **
Executing marking Critical Nets1
Running postRoute recovery in postEcoRoute mode
**optDesign ... cpu = 0:03:01, real = 0:03:04, mem = 1214.6M, totSessionCpu=0:13:08 **
Checking setup slack degradation ...
Checking DRV degradation...
**INFO: Triggering Lef-safe DRV recovery as drv degraded beyond margin
Begin: GigaOpt DRV Optimization
Glitch fixing enabled
Info: 0 don't touch net , 2560 undriven nets excluded from IPO operation.
Info: 1 clock net  excluded from IPO operation.
DRV pessimism of 0.00% is used for tran, 0.00% for cap, 0.00% for fanout, on top of margin 0.00%
**INFO: Disabling fanout fix in postRoute stage.
+---------------------------------------------------------------------------------------------------------------------------------------------------------------------+
|        max-tran       |        max-cap        |  max-fanout |  max-length |    glitch   |       setup       |        |        |        |       |          |         |
+---------------------------------------------------------------------------------------------------------------------------------------------------------------------+
| nets | terms|  wViol  | nets | terms|  wViol  | nets | terms| nets | terms| nets | terms|   WNS   |   TNS   |  #Buf  |  #Inv  | #Resize|Density|   Real   |   Mem   |
+---------------------------------------------------------------------------------------------------------------------------------------------------------------------+
|   235|   237|   -12.96|  1718|  1718|    -0.04|     0|     0|     0|     0|     0|     0|     0.78|     0.00|       0|       0|       0|  67.97|          |         |
|   235|   237|   -12.96|  1718|  1718|    -0.04|     0|     0|     0|     0|     0|     0|     0.78|     0.00|       0|       0|       0|  67.97| 0:00:00.0|  1566.7M|
+---------------------------------------------------------------------------------------------------------------------------------------------------------------------+
**** Begin NDR-Layer Usage Statistics ****
0 Ndr or Layer constraints added by optimization 
**** End NDR-Layer Usage Statistics ****


=======================================================================
                Reasons for remaining drv violations
=======================================================================
*info: Total 1718 net(s) have violations which can't be fixed by DRV optimization.


*** Finish DRV Fixing (cpu=0:00:00.7 real=0:00:01.0 mem=1566.7M) ***

drv optimizer changes nothing and skips refinePlace
End: GigaOpt DRV Optimization
**optDesign ... cpu = 0:03:03, real = 0:03:06, mem = 1251.1M, totSessionCpu=0:13:11 **
Checking setup slack degradation ...
Checking DRV degradation...
**INFO: Triggering DRV recovery as drv degraded beyond margin
New Signature Flow (doPostRouteRecovery) ....
#Created 363 library cell signatures
#Created 31634 NETS and 0 SPECIALNETS signatures
#Created 33398 instance signatures
#Build design signature : cpu time = 00:00:00, elapsed time = 00:00:00, memory = 1252.54 (MB), peak = 1284.38 (MB)
#Save design signature : cpu time = 00:00:00, elapsed time = 00:00:00, memory = 1252.54 (MB), peak = 1284.38 (MB)
Begin: GigaOpt DRV Optimization
Glitch fixing enabled
Info: 0 don't touch net , 2560 undriven nets excluded from IPO operation.
Info: 1 clock net  excluded from IPO operation.
DRV pessimism of 0.00% is used for tran, 0.00% for cap, 0.00% for fanout, on top of margin 0.00%
**INFO: Disabling fanout fix in postRoute stage.
+---------------------------------------------------------------------------------------------------------------------------------------------------------------------+
|        max-tran       |        max-cap        |  max-fanout |  max-length |    glitch   |       setup       |        |        |        |       |          |         |
+---------------------------------------------------------------------------------------------------------------------------------------------------------------------+
| nets | terms|  wViol  | nets | terms|  wViol  | nets | terms| nets | terms| nets | terms|   WNS   |   TNS   |  #Buf  |  #Inv  | #Resize|Density|   Real   |   Mem   |
+---------------------------------------------------------------------------------------------------------------------------------------------------------------------+
|   235|   237|   -12.96|  1718|  1718|    -0.04|     0|     0|     0|     0|     0|     0|     0.78|     0.00|       0|       0|       0|  67.97|          |         |
|   174|   174|    -0.05|   780|   780|    -0.04|     0|     0|     0|     0|     0|     0|     4.08|     0.00|      76|      45|     991|  68.26| 0:00:14.0|  1565.6M|
|   171|   171|    -0.05|   737|   737|    -0.04|     0|     0|     0|     0|     0|     0|     4.08|     0.00|       8|       8|      50|  68.29| 0:00:05.0|  1565.6M|
|   171|   171|    -0.05|   732|   732|    -0.04|     0|     0|     0|     0|     0|     0|     4.08|     0.00|       0|       0|       5|  68.29| 0:00:05.0|  1565.6M|
|   171|   171|    -0.05|   732|   732|    -0.04|     0|     0|     0|     0|     0|     0|     4.08|     0.00|       0|       0|       0|  68.29| 0:00:05.0|  1565.6M|
+---------------------------------------------------------------------------------------------------------------------------------------------------------------------+
**** Begin NDR-Layer Usage Statistics ****
0 Ndr or Layer constraints added by optimization 
**** End NDR-Layer Usage Statistics ****


=======================================================================
                Reasons for remaining drv violations
=======================================================================
*info: Total 733 net(s) have violations which can't be fixed by DRV optimization.

MultiBuffering failure reasons
------------------------------------------------
*info:   161 net(s): Could not be fixed because the solution degraded timing.
*info:    11 net(s): Could not be fixed because the location check has rejected the overall buffering solution.
*info:     1 net(s): Could not be fixed because of no legal loc.
*info:    29 net(s): Could not be fixed because there is no usable buffer or delay cell for buffering.


*** Finish DRV Fixing (cpu=0:00:30.7 real=0:00:30.0 mem=1565.6M) ***

*** Starting refinePlace (0:13:43 mem=1536.9M) ***
**WARN: (IMPSP-5140):	Global net connect rules have not been created. Added  insts would have no supply connectivity, and would fail DRC.
Type 'man IMPSP-5140' for more detail.
**WARN: (IMPSP-315):	Found 33535 instances insts with no PG Term connections.
Type 'man IMPSP-315' for more detail.
Move report: Detail placement moves 0 insts, mean move: 0.00 um, max move: 0.00 um
	Runtime: CPU: 0:00:00.4 REAL: 0:00:00.0 MEM: 1536.9MB
Summary Report:
Instances move: 0 (out of 28946 movable)
Instances flipped: 0
Mean displacement: 0.00 um
Max displacement: 0.00 um 
Runtime: CPU: 0:00:00.5 REAL: 0:00:00.0 MEM: 1536.9MB
*** Finished refinePlace (0:13:44 mem=1536.9M) ***
Density distribution unevenness ratio = 25.050%
End: GigaOpt DRV Optimization
**optDesign ... cpu = 0:03:37, real = 0:03:39, mem = 1258.8M, totSessionCpu=0:13:44 **
Checking setup slack degradation ...

------------------------------------------------------------
     Pre-ecoRoute Summary (Recovery)                             
------------------------------------------------------------

Setup views included:
 VIEW_ss_125 

+--------------------+---------+---------+---------+
|     Setup mode     |   all   | reg2reg | default |
+--------------------+---------+---------+---------+
|           WNS (ns):|  4.082  |  4.082  |  4.468  |
|           TNS (ns):|  0.000  |  0.000  |  0.000  |
|    Violating Paths:|    0    |    0    |    0    |
|          All Paths:|  3213   |  2694   |  3212   |
+--------------------+---------+---------+---------+

+----------------+-------------------------------+------------------+
|                |              Real             |       Total      |
|    DRVs        +------------------+------------+------------------|
|                |  Nr nets(terms)  | Worst Vio  |  Nr nets(terms)  |
+----------------+------------------+------------+------------------+
|   max_cap      |    774 (774)     |   -0.043   |    775 (3597)    |
|   max_tran     |    171 (171)     |   -0.051   |    171 (171)     |
|   max_fanout   |      0 (0)       |     0      |      1 (1)       |
|   max_length   |      0 (0)       |     0      |      0 (0)       |
+----------------+------------------+------------+------------------+

Density: 68.294%
Total number of glitch violations: 0
------------------------------------------------------------
**optDesign ... cpu = 0:03:38, real = 0:03:41, mem = 1258.8M, totSessionCpu=0:13:45 **
-routeWithEco false                       # bool, default=false
-routeWithEco true                        # bool, default=false, user setting
-routeSelectedNetOnly false               # bool, default=false
-routeWithTimingDriven false              # bool, default=false
-routeWithSiDriven false                  # bool, default=false
Existing Dirty Nets : 242
New Signature Flow (saveAndSetNanoRouteOptions) ....
Reset Dirty Nets : 242

globalDetailRoute

#setNanoRouteMode -droutePostRouteSpreadWire "auto"
#setNanoRouteMode -routeWithEco true
#Start globalDetailRoute on Sun Mar 23 21:58:19 2025
#
#WARNING (NRDB-2005) SPECIAL_NET VDD has special wires but no definitions for instance pins or top level pins. This will cause routability problems later.
#WARNING (NRDB-2005) SPECIAL_NET GND has special wires but no definitions for instance pins or top level pins. This will cause routability problems later.
#NanoRoute Version 18.10-p002_1 NR180522-1057/18_10-UB
#Loading the last recorded routing design signature
#Created 137 NETS and 0 SPECIALNETS new signatures
#Summary of the placement changes since last routing:
#  Number of instances added (including moved) = 200
#  Number of instances deleted (including moved) = 63
#  Number of instances resized = 26
#  Number of instances with same cell size swap = 915
#  Total number of placement changes (moved instances are counted twice) = 289
#Start routing data preparation on Sun Mar 23 21:58:20 2025
#
#Minimum voltage of a net in the design = 0.000.
#Maximum voltage of a net in the design = 1.600.
#Voltage range [0.000 - 0.000] has 1 net.
#Voltage range [1.350 - 1.600] has 1 net.
#Voltage range [0.000 - 1.600] has 31769 nets.
# M1           H   Track-Pitch = 0.4000    Line-2-Via Pitch = 0.3600
# M2           V   Track-Pitch = 0.4000    Line-2-Via Pitch = 0.4000
# M3           H   Track-Pitch = 0.4000    Line-2-Via Pitch = 0.4000
# M4           V   Track-Pitch = 0.4000    Line-2-Via Pitch = 0.4000
# MQ           H   Track-Pitch = 0.8000    Line-2-Via Pitch = 0.8000
#Regenerating Ggrids automatically.
#Auto generating G-grids with size=15 tracks, using layer M3's pitch = 0.4000.
#Using automatically generated G-grids.
#Done routing data preparation.
#cpu time = 00:00:01, elapsed time = 00:00:01, memory = 1241.50 (MB), peak = 1290.43 (MB)
#Merging special wires...
#WARNING (NRDB-1005) Cannot establish connection to PIN A at ( 257.0000 656.0300 ) on M1 for NET FE_OFN799_n20. The NET is considered partially routed. Visually verify wiring at the specified location as the wire/via origin may not touch the PIN. This NET will be rerouted with same or different wiring.
#WARNING (NRDB-1005) Cannot establish connection to PIN A at ( 366.2000 684.8300 ) on M1 for NET FE_OFN662_rst_n. The NET is considered partially routed. Visually verify wiring at the specified location as the wire/via origin may not touch the PIN. This NET will be rerouted with same or different wiring.
#WARNING (NRDB-1005) Cannot establish connection to PIN Z at ( 221.3300 713.4000 ) on M1 for NET FE_OFN4951_n. The NET is considered partially routed. Visually verify wiring at the specified location as the wire/via origin may not touch the PIN. This NET will be rerouted with same or different wiring.
#WARNING (NRDB-1005) Cannot establish connection to PIN A at ( 381.0000 756.7600 ) on M1 for NET FE_OFN1017_n3692. The NET is considered partially routed. Visually verify wiring at the specified location as the wire/via origin may not touch the PIN. This NET will be rerouted with same or different wiring.
#WARNING (NRDB-1005) Cannot establish connection to PIN Z at ( 389.0000 737.8000 ) on M1 for NET FE_OFN797_n20. The NET is considered partially routed. Visually verify wiring at the specified location as the wire/via origin may not touch the PIN. This NET will be rerouted with same or different wiring.
#WARNING (NRDB-1005) Cannot establish connection to PIN Z at ( 250.2000 655.8000 ) on M1 for NET FE_OFN4731_n. The NET is considered partially routed. Visually verify wiring at the specified location as the wire/via origin may not touch the PIN. This NET will be rerouted with same or different wiring.
#WARNING (NRDB-1005) Cannot establish connection to PIN A at ( 175.7300 728.0000 ) on M1 for NET FE_OFN701_rst_n. The NET is considered partially routed. Visually verify wiring at the specified location as the wire/via origin may not touch the PIN. This NET will be rerouted with same or different wiring.
#WARNING (NRDB-1005) Cannot establish connection to PIN Z at ( 359.0000 670.6000 ) on M1 for NET FE_PDN5205_FE_OFN662_rst_n. The NET is considered partially routed. Visually verify wiring at the specified location as the wire/via origin may not touch the PIN. This NET will be rerouted with same or different wiring.
#WARNING (NRDB-1005) Cannot establish connection to PIN A2 at ( 391.0000 732.8000 ) on M1 for NET FE_PDN5207_FE_OFN1017_n3692. The NET is considered partially routed. Visually verify wiring at the specified location as the wire/via origin may not touch the PIN. This NET will be rerouted with same or different wiring.
#WARNING (NRDB-1005) Cannot establish connection to PIN Z at ( 395.0000 742.2000 ) on M1 for NET FE_PDN5207_FE_OFN1017_n3692. The NET is considered partially routed. Visually verify wiring at the specified location as the wire/via origin may not touch the PIN. This NET will be rerouted with same or different wiring.
#WARNING (NRDB-1005) Cannot establish connection to PIN A at ( 296.6000 489.2000 ) on M1 for NET FE_OFN775_key_in_q_63. The NET is considered partially routed. Visually verify wiring at the specified location as the wire/via origin may not touch the PIN. This NET will be rerouted with same or different wiring.
#WARNING (NRDB-1005) Cannot establish connection to PIN Z at ( 499.4500 694.2000 ) on M1 for NET FE_PDN21971_FE_PHN16246_plaintext_in_q_122. The NET is considered partially routed. Visually verify wiring at the specified location as the wire/via origin may not touch the PIN. This NET will be rerouted with same or different wiring.
#WARNING (NRDB-1005) Cannot establish connection to PIN Z at ( 415.8500 598.2000 ) on M1 for NET FE_PDN21930_FE_PHN16553_n2726. The NET is considered partially routed. Visually verify wiring at the specified location as the wire/via origin may not touch the PIN. This NET will be rerouted with same or different wiring.
#WARNING (NRDB-1005) Cannot establish connection to PIN Z at ( 175.7300 728.2000 ) on M1 for NET FE_OFN4973_n. The NET is considered partially routed. Visually verify wiring at the specified location as the wire/via origin may not touch the PIN. This NET will be rerouted with same or different wiring.
#WARNING (NRDB-1005) Cannot establish connection to PIN Z at ( 309.6200 713.4000 ) on M1 for NET FE_PDN21891_plaintext_in_q_55. The NET is considered partially routed. Visually verify wiring at the specified location as the wire/via origin may not touch the PIN. This NET will be rerouted with same or different wiring.
#WARNING (NRDB-1005) Cannot establish connection to PIN Z at ( 277.6200 761.4000 ) on M1 for NET FE_PDN21899_FE_OFN749_plaintext_in_q_95. The NET is considered partially routed. Visually verify wiring at the specified location as the wire/via origin may not touch the PIN. This NET will be rerouted with same or different wiring.
#WARNING (NRDB-1005) Cannot establish connection to PIN A at ( 325.4000 737.4000 ) on M1 for NET FE_OFN4831_n. The NET is considered partially routed. Visually verify wiring at the specified location as the wire/via origin may not touch the PIN. This NET will be rerouted with same or different wiring.
#WARNING (NRDB-1005) Cannot establish connection to PIN Z at ( 404.6000 771.0000 ) on M1 for NET FE_PDN5177_key_in_q_81. The NET is considered partially routed. Visually verify wiring at the specified location as the wire/via origin may not touch the PIN. This NET will be rerouted with same or different wiring.
#WARNING (NRDB-1005) Cannot establish connection to PIN A at ( 338.2000 752.0300 ) on M1 for NET FE_PDN5160_key_in_q_97. The NET is considered partially routed. Visually verify wiring at the specified location as the wire/via origin may not touch the PIN. This NET will be rerouted with same or different wiring.
#WARNING (NRDB-1005) Cannot establish connection to PIN A at ( 359.0000 690.6000 ) on M1 for NET FE_PDN5160_key_in_q_97. The NET is considered partially routed. Visually verify wiring at the specified location as the wire/via origin may not touch the PIN. This NET will be rerouted with same or different wiring.
#WARNING (EMS-27) Message (NRDB-1005) has exceeded the current message display limit of 20.
#To increase the message display limit, refer to the product command reference manual.
#
#Connectivity extraction summary:
#435 routed nets are extracted.
#    365 (1.15%) extracted nets are partially routed.
#28638 routed net(s) are imported.
#7 (0.02%) nets are without wires.
#2691 nets are fixed|skipped|trivial (not extracted).
#Total number of nets = 31771.
#
#Found 0 nets for post-route si or timing fixing.
#
#Finished routing data preparation on Sun Mar 23 21:58:21 2025
#
#Cpu time = 00:00:01
#Elapsed time = 00:00:01
#Increased memory = 3.30 (MB)
#Total memory = 1241.50 (MB)
#Peak memory = 1290.43 (MB)
#
#
#Start global routing on Sun Mar 23 21:58:21 2025
#
#Number of eco nets is 365
#
#Start global routing data preparation on Sun Mar 23 21:58:21 2025
#
#Start routing resource analysis on Sun Mar 23 21:58:21 2025
#
#Routing resource analysis is done on Sun Mar 23 21:58:22 2025
#
#  Resource Analysis:
#
#               Routing  #Avail      #Track     #Total     %Gcell
#  Layer      Direction   Track     Blocked      Gcell    Blocked
#  --------------------------------------------------------------
#  M1             H        2008           0       18358     2.02%
#  M2             V        2061           0       18358     0.28%
#  M3             H        2008           0       18358     0.00%
#  M4             V        1991          70       18358     0.00%
#  MQ             H         971          32       18358     1.48%
#  --------------------------------------------------------------
#  Total                   9039       1.31%       91790     0.76%
#
#
#
#
#Global routing data preparation is done on Sun Mar 23 21:58:22 2025
#
#cpu time = 00:00:01, elapsed time = 00:00:01, memory = 1242.69 (MB), peak = 1290.43 (MB)
#
#cpu time = 00:00:01, elapsed time = 00:00:01, memory = 1242.69 (MB), peak = 1290.43 (MB)
#
#start global routing iteration 1...
#Initial_route: 0.01146
#Reroute: 0.00187
#cpu time = 00:00:00, elapsed time = 00:00:00, memory = 1246.11 (MB), peak = 1290.43 (MB)
#
#start global routing iteration 2...
#cpu time = 00:00:00, elapsed time = 00:00:00, memory = 1246.11 (MB), peak = 1290.43 (MB)
#
#
#Total number of trivial nets (e.g. < 2 pins) = 2691 (skipped).
#Total number of routable nets = 29080.
#Total number of nets in the design = 31771.
#
#372 routable nets have only global wires.
#28708 routable nets have only detail routed wires.
#
#Routed nets constraints summary:
#-----------------------------
#        Rules   Unconstrained  
#-----------------------------
#      Default             372  
#-----------------------------
#        Total             372  
#-----------------------------
#
#Routing constraints summary of the whole design:
#-----------------------------
#        Rules   Unconstrained  
#-----------------------------
#      Default           29080  
#-----------------------------
#        Total           29080  
#-----------------------------
#
#
#  Congestion Analysis: (blocked Gcells are excluded)
#
#                 OverCon       OverCon          
#                  #Gcell        #Gcell    %Gcell
#     Layer           (1)           (2)   OverCon
#  ----------------------------------------------
#  M1            4(0.02%)      0(0.00%)   (0.02%)
#  M2           17(0.09%)      4(0.02%)   (0.11%)
#  M3            2(0.01%)      0(0.00%)   (0.01%)
#  M4            0(0.00%)      0(0.00%)   (0.00%)
#  MQ            0(0.00%)      0(0.00%)   (0.00%)
#  ----------------------------------------------
#     Total     23(0.03%)      4(0.00%)   (0.03%)
#
#  The worst congested Gcell overcon (routing demand over resource in number of tracks) = 2
#  Overflow after GR: 0.01% H + 0.02% V
#
#Complete Global Routing.
#Total wire length = 890477 um.
#Total half perimeter of net bounding box = 948579 um.
#Total wire length on LAYER M1 = 130180 um.
#Total wire length on LAYER M2 = 283624 um.
#Total wire length on LAYER M3 = 269140 um.
#Total wire length on LAYER M4 = 136967 um.
#Total wire length on LAYER MQ = 70567 um.
#Total number of vias = 106852
#Up-Via Summary (total 106852):
#           
#-----------------------
# M1              67454
# M2              31249
# M3               6225
# M4               1924
#-----------------------
#                106852 
#
#Max overcon = 2 tracks.
#Total overcon = 0.03%.
#Worst layer Gcell overcon rate = 0.01%.
#
#Global routing statistics:
#Cpu time = 00:00:01
#Elapsed time = 00:00:01
#Increased memory = 4.86 (MB)
#Total memory = 1246.37 (MB)
#Peak memory = 1290.43 (MB)
#
#Finished global routing on Sun Mar 23 21:58:22 2025
#
#
#cpu time = 00:00:00, elapsed time = 00:00:00, memory = 1241.66 (MB), peak = 1290.43 (MB)
#Start Track Assignment.
#Done with 277 horizontal wires in 2 hboxes and 306 vertical wires in 2 hboxes.
#Done with 35 horizontal wires in 2 hboxes and 40 vertical wires in 2 hboxes.
#Complete Track Assignment.
#Total wire length = 891891 um.
#Total half perimeter of net bounding box = 948579 um.
#Total wire length on LAYER M1 = 130521 um.
#Total wire length on LAYER M2 = 283950 um.
#Total wire length on LAYER M3 = 269765 um.
#Total wire length on LAYER M4 = 137075 um.
#Total wire length on LAYER MQ = 70580 um.
#Total number of vias = 106852
#Up-Via Summary (total 106852):
#           
#-----------------------
# M1              67454
# M2              31249
# M3               6225
# M4               1924
#-----------------------
#                106852 
#
#cpu time = 00:00:02, elapsed time = 00:00:02, memory = 1297.04 (MB), peak = 1297.19 (MB)
#
#Routing data preparation, pin analysis, global routing and track assignment statistics:
#Cpu time = 00:00:04
#Elapsed time = 00:00:04
#Increased memory = 58.99 (MB)
#Total memory = 1297.19 (MB)
#Peak memory = 1297.19 (MB)
#
#Start Detail Routing..
#start initial detail routing ...
# ECO: 8.5% of the total area was rechecked for DRC, and 31.8% required routing.
#   number of violations = 12
#
#    By Layer and Type :
#	         MetSpc    Short   CutSpc   Totals
#	M1            2        5        0        7
#	M2            0        3        1        4
#	M3            0        1        0        1
#	Totals        2        9        1       12
#226 out of 33535 instances (0.7%) need to be verified(marked ipoed), dirty area = 0.5%.
#0.0% of the total area is being checked for drcs
#0.0% of the total area was checked
#   number of violations = 12
#
#    By Layer and Type :
#	         MetSpc    Short   CutSpc   Totals
#	M1            2        5        0        7
#	M2            0        3        1        4
#	M3            0        1        0        1
#	Totals        2        9        1       12
#cpu time = 00:00:07, elapsed time = 00:00:07, memory = 1329.88 (MB), peak = 1330.11 (MB)
#start 1st optimization iteration ...
#   number of violations = 1
#
#    By Layer and Type :
#	          Short   Totals
#	M1            1        1
#	Totals        1        1
#    number of process antenna violations = 26
#cpu time = 00:00:00, elapsed time = 00:00:00, memory = 1334.73 (MB), peak = 1334.75 (MB)
#start 2nd optimization iteration ...
#   number of violations = 0
#    number of process antenna violations = 26
#cpu time = 00:00:00, elapsed time = 00:00:00, memory = 1335.25 (MB), peak = 1335.43 (MB)
#Complete Detail Routing.
#Total wire length = 889895 um.
#Total half perimeter of net bounding box = 948579 um.
#Total wire length on LAYER M1 = 130446 um.
#Total wire length on LAYER M2 = 283308 um.
#Total wire length on LAYER M3 = 268644 um.
#Total wire length on LAYER M4 = 136932 um.
#Total wire length on LAYER MQ = 70565 um.
#Total number of vias = 106857
#Up-Via Summary (total 106857):
#           
#-----------------------
# M1              67473
# M2              31250
# M3               6212
# M4               1922
#-----------------------
#                106857 
#
#Total number of DRC violations = 0
#Cpu time = 00:00:09
#Elapsed time = 00:00:09
#Increased memory = -48.44 (MB)
#Total memory = 1248.75 (MB)
#Peak memory = 1335.43 (MB)
#
#start routing for process antenna violation fix ...
#cpu time = 00:00:00, elapsed time = 00:00:00, memory = 1252.23 (MB), peak = 1335.43 (MB)
#
#Total wire length = 889895 um.
#Total half perimeter of net bounding box = 948579 um.
#Total wire length on LAYER M1 = 130446 um.
#Total wire length on LAYER M2 = 283308 um.
#Total wire length on LAYER M3 = 268644 um.
#Total wire length on LAYER M4 = 136932 um.
#Total wire length on LAYER MQ = 70565 um.
#Total number of vias = 106857
#Up-Via Summary (total 106857):
#           
#-----------------------
# M1              67473
# M2              31250
# M3               6212
# M4               1922
#-----------------------
#                106857 
#
#Total number of DRC violations = 0
#Total number of net violated process antenna rule = 5
#
#
#Total wire length = 889895 um.
#Total half perimeter of net bounding box = 948579 um.
#Total wire length on LAYER M1 = 130446 um.
#Total wire length on LAYER M2 = 283308 um.
#Total wire length on LAYER M3 = 268644 um.
#Total wire length on LAYER M4 = 136932 um.
#Total wire length on LAYER MQ = 70565 um.
#Total number of vias = 106857
#Up-Via Summary (total 106857):
#           
#-----------------------
# M1              67473
# M2              31250
# M3               6212
# M4               1922
#-----------------------
#                106857 
#
#Total number of DRC violations = 0
#Total number of process antenna violations = 5
#
#detailRoute Statistics:
#Cpu time = 00:00:10
#Elapsed time = 00:00:10
#Increased memory = -44.36 (MB)
#Total memory = 1252.83 (MB)
#Peak memory = 1335.43 (MB)
#Updating routing design signature
#Created 363 library cell signatures
#Created 31771 NETS and 0 SPECIALNETS signatures
#Created 33535 instance signatures
#Build design signature : cpu time = 00:00:00, elapsed time = 00:00:00, memory = 1253.11 (MB), peak = 1335.43 (MB)
#Save design signature : cpu time = 00:00:00, elapsed time = 00:00:00, memory = 1253.11 (MB), peak = 1335.43 (MB)
#
#globalDetailRoute statistics:
#Cpu time = 00:00:17
#Elapsed time = 00:00:17
#Increased memory = -43.20 (MB)
#Total memory = 1215.60 (MB)
#Peak memory = 1335.43 (MB)
#Number of warnings = 23
#Total number of warnings = 98
#Number of fails = 0
#Total number of fails = 0
#Complete globalDetailRoute on Sun Mar 23 21:58:35 2025
#
**optDesign ... cpu = 0:03:54, real = 0:03:57, mem = 1190.7M, totSessionCpu=0:14:02 **
-routeWithEco false                       # bool, default=false
-routeSelectedNetOnly false               # bool, default=false
-routeWithTimingDriven false              # bool, default=false
-routeWithSiDriven false                  # bool, default=false
New Signature Flow (restoreNanoRouteOptions) ....
#WARNING (NRDB-2005) SPECIAL_NET VDD has special wires but no definitions for instance pins or top level pins. This will cause routability problems later.
#WARNING (NRDB-2005) SPECIAL_NET GND has special wires but no definitions for instance pins or top level pins. This will cause routability problems later.
#Start routing data preparation on Sun Mar 23 21:58:37 2025
#
#Minimum voltage of a net in the design = 0.000.
#Maximum voltage of a net in the design = 1.600.
#Voltage range [0.000 - 0.000] has 1 net.
#Voltage range [1.350 - 1.600] has 1 net.
#Voltage range [0.000 - 1.600] has 31769 nets.
# M1           H   Track-Pitch = 0.4000    Line-2-Via Pitch = 0.3600
# M2           V   Track-Pitch = 0.4000    Line-2-Via Pitch = 0.4000
# M3           H   Track-Pitch = 0.4000    Line-2-Via Pitch = 0.4000
# M4           V   Track-Pitch = 0.4000    Line-2-Via Pitch = 0.4000
# MQ           H   Track-Pitch = 0.8000    Line-2-Via Pitch = 0.8000
#Regenerating Ggrids automatically.
#Auto generating G-grids with size=15 tracks, using layer M3's pitch = 0.4000.
#Using automatically generated G-grids.
#Done routing data preparation.
#cpu time = 00:00:01, elapsed time = 00:00:01, memory = 1198.66 (MB), peak = 1335.43 (MB)
#Extract in post route mode
#
#Start tQuantus RC extraction...
#Start building rc corner(s)...
#Number of RC Corner = 2
#Corner RC_min /apps/design_kits/ibm_kits/IBM_DIG_FLOW/cmos8hp/cadence/v.20110204/tch/cmos8hp_7AM_41_FuncCmax.tch 25.000000 (real) 
#Corner RC_max /apps/design_kits/ibm_kits/IBM_DIG_FLOW/cmos8hp/cadence/v.20110204/tch/cmos8hp_7AM_41_FuncCmax.tch 25.000000 (real) 
#Layer LY does not exist in nanoroute.
#Layer AM does not exist in nanoroute.
#M1 -> M1 (1)
#M2 -> M2 (2)
#M3 -> M3 (3)
#M4 -> M4 (4)
#MQ -> MQ (5)
#Layer LY does not exist in nanoroute.
#Layer AM does not exist in nanoroute.
#SADV_On
# Corner(s) : 
#RC_min [25.00] 
#RC_max [25.00]
# Corner id: 0
# Layout Scale: 1.000000
# Has Metal Fill model: yes
# Temperature was set
# Temperature : 25.000000
# Ref. Temp   : 25.000000
# Corner id: 1
# Layout Scale: 1.000000
# Has Metal Fill model: yes
# Temperature was set
# Temperature : 25.000000
# Ref. Temp   : 25.000000
#SADV_Off
#total pattern=84 [7, 224]
#Reading previously stored rc_model file ( rc_model.bin ) ...
#found CAPMODEL /apps/design_kits/ibm_kits/IBM_DIG_FLOW/cmos8hp/cadence/v.20110204/tch/cmos8hp_7AM_41_FuncCmax.tch
#found RESMODEL /apps/design_kits/ibm_kits/IBM_DIG_FLOW/cmos8hp/cadence/v.20110204/tch/cmos8hp_7AM_41_FuncCmax.tch 25.000000 
#number model r/c [1,1] [7,224] read
#0 rcmodel(s) requires rebuild
#Build RC corners: cpu time = 00:00:01, elapsed time = 00:00:01, memory = 1219.99 (MB), peak = 1335.43 (MB)
#Start building rc corner(s)...
#Number of RC Corner = 2
#Corner RC_min /apps/design_kits/ibm_kits/IBM_DIG_FLOW/cmos8hp/cadence/v.20110204/tch/cmos8hp_7AM_41_FuncCmax.tch 25.000000 (real) 
#Corner RC_max /apps/design_kits/ibm_kits/IBM_DIG_FLOW/cmos8hp/cadence/v.20110204/tch/cmos8hp_7AM_41_FuncCmax.tch 25.000000 (real) 
#Layer LY does not exist in nanoroute.
#Layer AM does not exist in nanoroute.
#M1 -> M1 (1)
#M2 -> M2 (2)
#M3 -> M3 (3)
#M4 -> M4 (4)
#MQ -> MQ (5)
#Layer LY does not exist in nanoroute.
#Layer AM does not exist in nanoroute.
#SADV_On
# Corner(s) : 
#RC_min [25.00] 
#RC_max [25.00]
# Corner id: 0
# Layout Scale: 1.000000
# Has Metal Fill model: yes
# Temperature was set
# Temperature : 25.000000
# Ref. Temp   : 25.000000
# Corner id: 1
# Layout Scale: 1.000000
# Has Metal Fill model: yes
# Temperature was set
# Temperature : 25.000000
# Ref. Temp   : 25.000000
#SADV_Off
#total pattern=84 [7, 224]
#Reading previously stored rc_model file ( rc_model.bin ) ...
#found CAPMODEL /apps/design_kits/ibm_kits/IBM_DIG_FLOW/cmos8hp/cadence/v.20110204/tch/cmos8hp_7AM_41_FuncCmax.tch
#found RESMODEL /apps/design_kits/ibm_kits/IBM_DIG_FLOW/cmos8hp/cadence/v.20110204/tch/cmos8hp_7AM_41_FuncCmax.tch 25.000000 
#number model r/c [1,1] [7,224] read
#0 rcmodel(s) requires rebuild
#Build RC corners: cpu time = 00:00:01, elapsed time = 00:00:01, memory = 1230.64 (MB), peak = 1335.43 (MB)
#Length limit = 200 pitches
#opt mode = 2
#Start routing data preparation on Sun Mar 23 21:58:42 2025
#
#Minimum voltage of a net in the design = 0.000.
#Maximum voltage of a net in the design = 1.600.
#Voltage range [0.000 - 1.600] has 31769 nets.
#Voltage range [0.000 - 0.000] has 1 net.
#Voltage range [1.350 - 1.600] has 1 net.
#Regenerating Ggrids automatically.
#Auto generating G-grids with size=15 tracks, using layer M3's pitch = 0.4000.
#Using automatically generated G-grids.
#Done routing data preparation.
#cpu time = 00:00:00, elapsed time = 00:00:00, memory = 1228.39 (MB), peak = 1335.43 (MB)
#Start routing data preparation on Sun Mar 23 21:58:42 2025
#
#Minimum voltage of a net in the design = 0.000.
#Maximum voltage of a net in the design = 1.600.
#Voltage range [0.000 - 1.600] has 31769 nets.
#Voltage range [0.000 - 0.000] has 1 net.
#Voltage range [1.350 - 1.600] has 1 net.
#Regenerating Ggrids automatically.
#Auto generating G-grids with size=15 tracks, using layer M3's pitch = 0.4000.
#Using automatically generated G-grids.
#Done routing data preparation.
#cpu time = 00:00:00, elapsed time = 00:00:00, memory = 1228.39 (MB), peak = 1335.43 (MB)
#Start generate extraction boxes.
#
#Extract using 30 x 30 Hboxes
#6x6 initial hboxes
#Use area based hbox pruning.
#0/0 hboxes pruned.
#Complete generating extraction boxes.
#Extract 23 hboxes with single thread on machine with  Xeon 2.00GHz 28160KB Cache 80CPU...
#Process 0 special clock nets for rc extraction
#0 temporary NDR added
#Total 29080 nets were built. 458 nodes added to break long wires. 0 net(s) have incomplete routes.
#Run Statistics for Extraction:
#   Cpu time = 00:00:09, elapsed time = 00:00:09 .
#   Increased memory =    86.12 (MB), total memory =  1314.51 (MB), peak memory =  1335.43 (MB)
#Simplify RC tree: cpu time = 00:00:00, elapsed time = 00:00:00, memory = 1293.22 (MB), peak = 1335.43 (MB)
#RC Statistics: 93150 Res, 56186 Ground Cap, 31379 XCap (Edge to Edge)
#RC V/H edge ratio: 0.44, Avg V/H Edge Length: 5272.53 (49836), Avg L-Edge Length: 11555.61 (29166)
#Start writing rcdb into /tmp/innovus_temp_142802_shell_G32127843_wVIndc/nr142802_K7QhRJ.rcdb.d
#Finish writing rcdb with 123215 nodes, 94135 edges, and 69924 xcaps
#cpu time = 00:00:01, elapsed time = 00:00:01, memory = 1310.00 (MB), peak = 1335.43 (MB)
Restoring parasitic data from file '/tmp/innovus_temp_142802_shell_G32127843_wVIndc/nr142802_K7QhRJ.rcdb.d' ...
Reading RCDB with compressed RC data.
Reading RCDB with compressed RC data.
Begin read_parasitics... (cpu: 0:00:00.0 real: 0:00:00.0 mem: 1547.273M)
Following multi-corner parasitics specified:
	/tmp/innovus_temp_142802_shell_G32127843_wVIndc/nr142802_K7QhRJ.rcdb.d (rcdb)
Reading RCDB with compressed RC data.
		Cell AES has rcdb /tmp/innovus_temp_142802_shell_G32127843_wVIndc/nr142802_K7QhRJ.rcdb.d specified
Cell AES, hinst 
Reading RCDB with compressed RC data.
Done read_parasitics... (cpu: 0:00:00.4 real: 0:00:00.0 mem: 1519.273M)
#
#Restore RCDB.
#
#Complete tQuantus RC extraction.
#Cpu time = 00:00:16
#Elapsed time = 00:00:17
#Increased memory = 86.20 (MB)
#Total memory = 1284.90 (MB)
#Peak memory = 1335.43 (MB)
#
#458 inserted nodes are removed
Starting SI iteration 1 using Infinite Timing Windows
Begin IPO call back ...
End IPO call back ...
#################################################################################
# Design Stage: PostRoute
# Design Name: AES
# Design Mode: 130nm
# Analysis Mode: MMMC OCV 
# Parasitics Mode: SPEF/RCDB
# Signoff Settings: SI On 
#################################################################################
AAE_INFO: 1 threads acquired from CTE.
Calculate early delays in OCV mode...
Calculate late delays in OCV mode...
Start delay calculation (fullDC) (1 T). (MEM=1533.58)
Initializing multi-corner capacitance tables ... 
Initializing multi-corner resistance tables ...
Creating RPSQ from WeeR and WRes ...
Creating RPSQ from WeeR and WRes ...
Reading RCDB with compressed RC data.
AAE_INFO: 1 threads acquired from CTE.
Total number of fetched objects 32027
AAE_INFO-618: Total number of nets in the design is 31771,  100.0 percent of the nets selected for SI analysis
Total number of fetched objects 32027
AAE_INFO-618: Total number of nets in the design is 31771,  100.0 percent of the nets selected for SI analysis
End delay calculation. (MEM=1581.53 CPU=0:00:08.3 REAL=0:00:08.0)
End delay calculation (fullDC). (MEM=1581.53 CPU=0:00:08.9 REAL=0:00:09.0)
Loading CTE timing window with TwFlowType 0...(CPU = 0:00:00.0, REAL = 0:00:00.0, MEM = 1581.5M)
Add other clocks and setupCteToAAEClockMapping during iter 1
Loading CTE timing window is completed (CPU = 0:00:00.1, REAL = 0:00:00.0, MEM = 1581.5M)
Starting SI iteration 2
AAE_INFO: 1 threads acquired from CTE.
Calculate early delays in OCV mode...
Calculate late delays in OCV mode...
Start delay calculation (fullDC) (1 T). (MEM=1543.88)
Glitch Analysis: View VIEW_ss_125 -- Total Number of Nets Skipped = 0. 
Glitch Analysis: View VIEW_ss_125 -- Total Number of Nets Analyzed = 0. 
Total number of fetched objects 32027
AAE_INFO-618: Total number of nets in the design is 31771,  8.9 percent of the nets selected for SI analysis
End delay calculation. (MEM=1550.04 CPU=0:00:00.3 REAL=0:00:00.0)
End delay calculation (fullDC). (MEM=1550.04 CPU=0:00:00.4 REAL=0:00:00.0)
*** Done Building Timing Graph (cpu=0:00:12.0 real=0:00:12.0 totSessionCpu=0:14:33 mem=1550.0M)
*** Finish postRoute recovery in postEcoRoute mode (cpu=0:01:24, real=0:01:25, mem=1511.88M, totSessionCpu=0:14:33).
**optDesign ... cpu = 0:04:25, real = 0:04:29, mem = 1276.6M, totSessionCpu=0:14:33 **

Latch borrow mode reset to max_borrow
Reported timing to dir ../reports/AES/postRouteOpt
**optDesign ... cpu = 0:04:26, real = 0:04:30, mem = 1276.6M, totSessionCpu=0:14:33 **

------------------------------------------------------------
     optDesign Final SI Timing Summary                             
------------------------------------------------------------

Setup views included:
 VIEW_ss_125 

+--------------------+---------+---------+---------+
|     Setup mode     |   all   | reg2reg | default |
+--------------------+---------+---------+---------+
|           WNS (ns):|  4.074  |  4.074  |  4.463  |
|           TNS (ns):|  0.000  |  0.000  |  0.000  |
|    Violating Paths:|    0    |    0    |    0    |
|          All Paths:|  3213   |  2694   |  3212   |
+--------------------+---------+---------+---------+

+----------------+-------------------------------+------------------+
|                |              Real             |       Total      |
|    DRVs        +------------------+------------+------------------|
|                |  Nr nets(terms)  | Worst Vio  |  Nr nets(terms)  |
+----------------+------------------+------------+------------------+
|   max_cap      |    853 (853)     |   -0.044   |    854 (3676)    |
|   max_tran     |    183 (183)     |   -0.051   |    183 (183)     |
|   max_fanout   |      0 (0)       |     0      |      1 (1)       |
|   max_length   |      0 (0)       |     0      |      0 (0)       |
+----------------+------------------+------------+------------------+

Density: 68.294%
Total number of glitch violations: 0
------------------------------------------------------------
**optDesign ... cpu = 0:04:27, real = 0:04:32, mem = 1276.7M, totSessionCpu=0:14:34 **
 ReSet Options after AAE Based Opt flow 
*** Finished optDesign ***
Info: Destroy the CCOpt slew target map.
<CMD> optDesign -postRoute -hold -outDir ../reports/AES/postRouteOpt_hold
**INFO: setDesignMode -flowEffort standard -> setting 'setOptMode -allEndPoints true' for the duration of this command.
Disable merging buffers from different footprints for postRoute code for non-MSV designs
GigaOpt running with 1 threads.
**optDesign ... cpu = 0:00:00, real = 0:00:00, mem = 1241.2M, totSessionCpu=0:14:36 **
Existing Dirty Nets : 0
New Signature Flow (optDesignCheckOptions) ....
#Created 363 library cell signatures
#Created 31771 NETS and 0 SPECIALNETS signatures
#Created 33535 instance signatures
#Build design signature : cpu time = 00:00:00, elapsed time = 00:00:00, memory = 1242.02 (MB), peak = 1335.43 (MB)
#Save design signature : cpu time = 00:00:00, elapsed time = 00:00:00, memory = 1242.02 (MB), peak = 1335.43 (MB)
Begin checking placement ... (start mem=1492.6M, init mem=1492.6M)
*info: Placed = 33535          (Fixed = 4589)
*info: Unplaced = 0           
Placement Density:68.29%(401002/587171)
Placement Density (including fixed std cells):69.66%(427434/613603)
Finished checkPlace (total: cpu=0:00:00.2, real=0:00:00.0; vio checks: cpu=0:00:00.1, real=0:00:00.0; mem=1492.6M)
 Initial DC engine is -> aae
 
 AAE-Opt:: Current number of nets in RC Memory -> 100 K
 
 
 AAE-Opt:: New number of nets in RC Memory -> 100 K
 
Reset EOS DB
Ignoring AAE DB Resetting ...
 Set Options for AAE Based Opt flow 
*** optDesign -postRoute ***
DRC Margin: user margin 0.0; extra margin 0
Setup Target Slack: user slack 0
Hold Target Slack: user slack 0
** INFO : this run is activating 'postRoute' automaton
The design is extracted. Skipping TQuantus.
GigaOpt Hold Optimizer is used
Reading RCDB with compressed RC data.
Starting initialization (fixHold) cpu=0:00:00.0 real=0:00:00.0 totSessionCpu=0:14:37 mem=1508.6M ***
**INFO: Starting Blocking QThread with 1 CPU
   ____________________________________________________________________
__/ message from Blocking QThread
*** QThread HoldInit [begin] : cpu/real = 0:00:00.0/0:00:00.0 (0.0), mem = 0.6M
Starting SI iteration 1 using Infinite Timing Windows
Begin IPO call back ...
End IPO call back ...
#################################################################################
# Design Stage: PostRoute
# Design Name: AES
# Design Mode: 130nm
# Analysis Mode: MMMC OCV 
# Parasitics Mode: SPEF/RCDB
# Signoff Settings: SI On 
#################################################################################
AAE_INFO: 1 threads acquired from CTE.
Calculate late delays in OCV mode...
Calculate early delays in OCV mode...
Start delay calculation (fullDC) (1 T). (MEM=0)
*** Calculating scaling factor for LIB_ff_-55 libraries using the default operating condition of each library.
Total number of fetched objects 32027
AAE_INFO-618: Total number of nets in the design is 31771,  100.0 percent of the nets selected for SI analysis
Total number of fetched objects 32027
AAE_INFO-618: Total number of nets in the design is 31771,  100.0 percent of the nets selected for SI analysis
End delay calculation. (MEM=0 CPU=0:00:07.5 REAL=0:00:07.0)
End delay calculation (fullDC). (MEM=0 CPU=0:00:08.0 REAL=0:00:08.0)
Loading CTE timing window with TwFlowType 0...(CPU = 0:00:00.0, REAL = 0:00:00.0, MEM = 0.0M)
Add other clocks and setupCteToAAEClockMapping during iter 1
Loading CTE timing window is completed (CPU = 0:00:00.1, REAL = 0:00:00.0, MEM = 0.0M)

Executing IPO callback for view pruning ..
Starting SI iteration 2
AAE_INFO: 1 threads acquired from CTE.
Calculate late delays in OCV mode...
Calculate early delays in OCV mode...
Start delay calculation (fullDC) (1 T). (MEM=0)
Glitch Analysis: View VIEW_ff_-55 -- Total Number of Nets Skipped = 0. 
Glitch Analysis: View VIEW_ff_-55 -- Total Number of Nets Analyzed = 0. 
Total number of fetched objects 32027
AAE_INFO-618: Total number of nets in the design is 31771,  45.9 percent of the nets selected for SI analysis
End delay calculation. (MEM=0 CPU=0:00:02.8 REAL=0:00:03.0)
End delay calculation (fullDC). (MEM=0 CPU=0:00:02.9 REAL=0:00:03.0)
*** Done Building Timing Graph (cpu=0:00:12.9 real=0:00:13.0 totSessionCpu=0:00:18.7 mem=0.0M)

Active hold views:
 VIEW_ff_-55
  Dominating endpoints: 0
  Dominating TNS: -0.000

Done building cte hold timing graph (fixHold) cpu=0:00:13.7 real=0:00:13.0 totSessionCpu=0:00:18.7 mem=0.0M ***
Timing Data dump into file /tmp/innovus_temp_142802_shell_G32127843_wVIndc/coe_eosdata_w6egqT/VIEW_ff_-55.twf, for view: VIEW_ff_-55 
	 Dumping view 1 VIEW_ff_-55 
Done building hold timer [57821 node(s), 59933 edge(s), 1 view(s)] (fixHold) cpu=0:00:15.0 real=0:00:15.0 totSessionCpu=0:00:20.0 mem=0.0M ***
*** QThread HoldInit [finish] : cpu/real = 0:00:15.1/0:00:15.0 (1.0), mem = 0.0M

_______________________________________________________________________
Done building cte setup timing graph (fixHold) cpu=0:00:16.3 real=0:00:17.0 totSessionCpu=0:14:54 mem=1510.6M ***
Setting latch borrow mode to budget during optimization.
Restoring Auto Hold Views:  VIEW_ff_-55
Restoring Active Hold Views:  VIEW_ff_-55 
Restoring Hold Target Slack: 0
Loading timing data from /tmp/innovus_temp_142802_shell_G32127843_wVIndc/coe_eosdata_w6egqT/VIEW_ff_-55.twf 
	 Loading view 1 VIEW_ff_-55 

*Info: minBufDelay = 48.6 ps, libStdDelay = 21.5 ps, minBufSize = 9600000 (5.0)
*Info: worst delay setup view: VIEW_ss_125

------------------------------------------------------------
             Initial Summary                             
------------------------------------------------------------

Setup views included:
 VIEW_ss_125
Hold  views included:
 VIEW_ff_-55

+--------------------+---------+---------+---------+
|     Setup mode     |   all   | reg2reg | default |
+--------------------+---------+---------+---------+
|           WNS (ns):|  4.074  |  4.074  |  4.463  |
|           TNS (ns):|  0.000  |  0.000  |  0.000  |
|    Violating Paths:|    0    |    0    |    0    |
|          All Paths:|  3213   |  2694   |  3212   |
+--------------------+---------+---------+---------+

+--------------------+---------+---------+---------+
|     Hold mode      |   all   | reg2reg | default |
+--------------------+---------+---------+---------+
|           WNS (ns):| -0.347  | -0.347  | -0.031  |
|           TNS (ns):|-263.832 |-263.650 | -0.186  |
|    Violating Paths:|  1289   |  1270   |   21    |
|          All Paths:|  2823   |  2694   |  2822   |
+--------------------+---------+---------+---------+

+----------------+-------------------------------+------------------+
|                |              Real             |       Total      |
|    DRVs        +------------------+------------+------------------|
|                |  Nr nets(terms)  | Worst Vio  |  Nr nets(terms)  |
+----------------+------------------+------------+------------------+
|   max_cap      |    853 (853)     |   -0.044   |    854 (3676)    |
|   max_tran     |    183 (183)     |   -0.051   |    183 (183)     |
|   max_fanout   |      0 (0)       |     0      |      1 (1)       |
|   max_length   |      0 (0)       |     0      |      0 (0)       |
+----------------+------------------+------------+------------------+

Density: 68.294%
------------------------------------------------------------
**optDesign ... cpu = 0:00:20, real = 0:00:21, mem = 1240.8M, totSessionCpu=0:14:56 **
*info: Run optDesign holdfix with 1 thread.
Info: 0 don't touch net , 2560 undriven nets excluded from IPO operation.
Info: 1 clock net  excluded from IPO operation.
Info: Done creating the CCOpt slew target map.

*** Starting Core Fixing (fixHold) cpu=0:00:19.7 real=0:00:21.0 totSessionCpu=0:14:57 mem=1617.9M density=68.294% ***

Phase I ......
Executing transform: ECO Safe Resize
+----+--------+---------+--------+-----------+----------------+----------+------------+---------+
|Iter|  WNS   |  TNS    |  #VP   |  #Buffer  |  #Resize(F/F)  | Density  |    Real    |   Mem   |
+----+--------+---------+--------+-----------+----------------+----------+------------+---------+
|   0|  -0.347|  -263.82|    1289|          0|       0(     0)|    68.29%|   0:00:00.0|  1617.9M|
|   1|  -0.347|  -263.82|    1289|          0|       0(     0)|    68.29%|   0:00:00.0|  1617.9M|
+----+--------+---------+--------+-----------+----------------+----------+------------+---------+
Executing transform: AddBuffer + LegalResize
+----+--------+---------+--------+-----------+----------------+----------+------------+---------+
|Iter|  WNS   |  TNS    |  #VP   |  #Buffer  |  #Resize(F/F)  | Density  |    Real    |   Mem   |
+----+--------+---------+--------+-----------+----------------+----------+------------+---------+
|   0|  -0.347|  -263.82|    1289|          0|       0(     0)|    68.29%|   0:00:00.0|  1617.9M|
|   1|  -0.347|  -262.00|    1240|         54|      54(     0)|    68.40%|   0:00:08.0|  1622.4M|
|   2|  -0.347|  -260.05|    1230|         24|     149(     0)|    68.44%|   0:00:09.0|  1622.4M|
|   3|  -0.347|  -258.12|    1223|         15|     177(     0)|    68.48%|   0:00:10.0|  1623.9M|
|   4|  -0.347|  -257.21|    1221|          9|      79(     0)|    68.49%|   0:00:06.0|  1627.4M|
|   5|  -0.347|  -255.42|    1221|          9|     170(     0)|    68.51%|   0:00:08.0|  1627.4M|
|   6|  -0.347|  -251.72|    1220|          6|     414(     0)|    68.52%|   0:00:14.0|  1627.4M|
|   7|  -0.347|  -250.68|    1218|          5|     105(     0)|    68.53%|   0:00:04.0|  1627.4M|
|   8|  -0.347|  -250.65|    1218|          0|       3(     0)|    68.53%|   0:00:01.0|  1627.4M|
|   9|  -0.347|  -250.65|    1218|          0|       0(     0)|    68.53%|   0:00:00.0|  1627.4M|
+----+--------+---------+--------+-----------+----------------+----------+------------+---------+

*info:    Total 122 cells added for Phase I
*info:    Total 1151 instances resized for Phase I

Phase II ......
Executing transform: AddBuffer
+----+--------+---------+--------+-----------+----------------+----------+------------+---------+
|Iter|  WNS   |  TNS    |  #VP   |  #Buffer  |  #Resize(F/F)  | Density  |    Real    |   Mem   |
+----+--------+---------+--------+-----------+----------------+----------+------------+---------+
|   0|  -0.347|  -250.65|    1218|          0|       0(     0)|    68.53%|   0:00:00.0|  1637.4M|
|   1|  -0.347|  -250.65|    1218|          0|       0(     0)|    68.53%|   0:00:30.0|  1627.4M|
+----+--------+---------+--------+-----------+----------------+----------+------------+---------+


=======================================================================
                Reasons for remaining hold violations
=======================================================================
*info: Total 6450 net(s) have violated hold timing slacks.

Buffering failure reasons
------------------------------------------------
*info:   464 net(s): Could not be fixed because of no legal loc.
*info:  5984 net(s): Could not be fixed because of DRV degradation.

Resizing failure reasons
------------------------------------------------
*info:   104 net(s): Could not be fixed because of DRV degradation.
*info:  3785 net(s): Could not be fixed because of hold slack degradation.
*info:  1275 net(s): Could not be fixed because all the cells are filtered.


*** Finished Core Fixing (fixHold) cpu=0:01:50 real=0:01:51 totSessionCpu=0:16:27 mem=1637.4M density=68.533% ***

*info:
*info: Added a total of 122 cells to fix/reduce hold violation
*info:
*info: Summary: 
*info:           40 cells of type 'BUFFER_E' used
*info:           10 cells of type 'BUFFER_D' used
*info:           17 cells of type 'BUFFER_C' used
*info:           37 cells of type 'BUFFER_H' used
*info:            2 cells of type 'BUFFER_F' used
*info:            3 cells of type 'BUFFER_J' used
*info:            6 cells of type 'BUFFER_I' used
*info:            1 cell  of type 'BUFFER_L' used
*info:            1 cell  of type 'BUFFER_K' used
*info:            2 cells of type 'BUFFER_M' used
*info:            3 cells of type 'BUFFER_O' used
*info:
*info: Total 1151 instances resized
*info:       in which 0 FF resizing
*info:

*** Finish Post Route Hold Fixing (cpu=0:01:50 real=0:01:51 totSessionCpu=0:16:27 mem=1637.4M density=68.533%) ***
**INFO: total 20255 insts, 0 nets marked don't touch
**INFO: total 20255 insts, 0 nets marked don't touch DB property
**INFO: total 20255 insts, 0 nets unmarked don't touch

*** Starting refinePlace (0:16:28 mem=1618.3M) ***
**WARN: (IMPSP-5140):	Global net connect rules have not been created. Added  insts would have no supply connectivity, and would fail DRC.
Type 'man IMPSP-5140' for more detail.
**WARN: (IMPSP-315):	Found 33657 instances insts with no PG Term connections.
Type 'man IMPSP-315' for more detail.
Move report: Detail placement moves 0 insts, mean move: 0.00 um, max move: 0.00 um
	Runtime: CPU: 0:00:00.5 REAL: 0:00:01.0 MEM: 1618.3MB
Summary Report:
Instances move: 0 (out of 29068 movable)
Instances flipped: 0
Mean displacement: 0.00 um
Max displacement: 0.00 um 
Runtime: CPU: 0:00:00.6 REAL: 0:00:01.0 MEM: 1618.3MB
*** Finished refinePlace (0:16:28 mem=1618.3M) ***
Density distribution unevenness ratio = 25.005%

------------------------------------------------------------
        Pre-ecoRoute Summary                             
------------------------------------------------------------

Setup views included:
 VIEW_ss_125 

+--------------------+---------+---------+---------+
|     Setup mode     |   all   | reg2reg | default |
+--------------------+---------+---------+---------+
|           WNS (ns):|  4.112  |  4.112  |  4.501  |
|           TNS (ns):|  0.000  |  0.000  |  0.000  |
|    Violating Paths:|    0    |    0    |    0    |
|          All Paths:|  3213   |  2694   |  3212   |
+--------------------+---------+---------+---------+

+----------------+-------------------------------+------------------+
|                |              Real             |       Total      |
|    DRVs        +------------------+------------+------------------|
|                |  Nr nets(terms)  | Worst Vio  |  Nr nets(terms)  |
+----------------+------------------+------------+------------------+
|   max_cap      |    850 (850)     |   -0.044   |    851 (3673)    |
|   max_tran     |    183 (183)     |   -0.051   |    183 (183)     |
|   max_fanout   |      0 (0)       |     0      |      1 (1)       |
|   max_length   |      0 (0)       |     0      |      0 (0)       |
+----------------+------------------+------------+------------------+

Density: 68.533%
------------------------------------------------------------
**optDesign ... cpu = 0:01:53, real = 0:01:54, mem = 1286.7M, totSessionCpu=0:16:29 **
-routeWithEco false                       # bool, default=false
-routeWithEco true                        # bool, default=false, user setting
-routeSelectedNetOnly false               # bool, default=false
-routeWithTimingDriven false              # bool, default=false
-routeWithSiDriven false                  # bool, default=false
Existing Dirty Nets : 233
New Signature Flow (saveAndSetNanoRouteOptions) ....
Reset Dirty Nets : 233

globalDetailRoute

#setNanoRouteMode -droutePostRouteSpreadWire "auto"
#setNanoRouteMode -routeWithEco true
#Start globalDetailRoute on Sun Mar 23 22:01:06 2025
#
#WARNING (NRDB-2005) SPECIAL_NET VDD has special wires but no definitions for instance pins or top level pins. This will cause routability problems later.
#WARNING (NRDB-2005) SPECIAL_NET GND has special wires but no definitions for instance pins or top level pins. This will cause routability problems later.
#NanoRoute Version 18.10-p002_1 NR180522-1057/18_10-UB
#Loading the last recorded routing design signature
#Created 122 NETS and 0 SPECIALNETS new signatures
#Summary of the placement changes since last routing:
#  Number of instances added (including moved) = 122
#  Number of instances resized = 1124
#  Number of instances with same cell size swap = 27
#  Total number of placement changes (moved instances are counted twice) = 1246
#Start routing data preparation on Sun Mar 23 22:01:08 2025
#
#Minimum voltage of a net in the design = 0.000.
#Maximum voltage of a net in the design = 1.600.
#Voltage range [0.000 - 0.000] has 1 net.
#Voltage range [1.350 - 1.600] has 1 net.
#Voltage range [0.000 - 1.600] has 31891 nets.
# M1           H   Track-Pitch = 0.4000    Line-2-Via Pitch = 0.3600
# M2           V   Track-Pitch = 0.4000    Line-2-Via Pitch = 0.4000
# M3           H   Track-Pitch = 0.4000    Line-2-Via Pitch = 0.4000
# M4           V   Track-Pitch = 0.4000    Line-2-Via Pitch = 0.4000
# MQ           H   Track-Pitch = 0.8000    Line-2-Via Pitch = 0.8000
#Regenerating Ggrids automatically.
#Auto generating G-grids with size=15 tracks, using layer M3's pitch = 0.4000.
#Using automatically generated G-grids.
#Done routing data preparation.
#cpu time = 00:00:01, elapsed time = 00:00:01, memory = 1275.81 (MB), peak = 1335.43 (MB)
#Merging special wires...
#WARNING (NRDB-1005) Cannot establish connection to PIN A2 at ( 307.0000 202.2000 ) on M1 for NET FE_OFN968_n2995. The NET is considered partially routed. Visually verify wiring at the specified location as the wire/via origin may not touch the PIN. This NET will be rerouted with same or different wiring.
#WARNING (NRDB-1005) Cannot establish connection to PIN A2 at ( 321.0000 183.4000 ) on M1 for NET FE_OFN968_n2995. The NET is considered partially routed. Visually verify wiring at the specified location as the wire/via origin may not touch the PIN. This NET will be rerouted with same or different wiring.
#WARNING (NRDB-1005) Cannot establish connection to PIN A2 at ( 582.6000 337.0000 ) on M1 for NET FE_OFN3133_n. The NET is considered partially routed. Visually verify wiring at the specified location as the wire/via origin may not touch the PIN. This NET will be rerouted with same or different wiring.
#WARNING (NRDB-1005) Cannot establish connection to PIN B2 at ( 584.4000 405.4000 ) on M1 for NET n3127. The NET is considered partially routed. Visually verify wiring at the specified location as the wire/via origin may not touch the PIN. This NET will be rerouted with same or different wiring.
#WARNING (NRDB-1005) Cannot establish connection to PIN B2 at ( 234.4000 210.6000 ) on M1 for NET n3063. The NET is considered partially routed. Visually verify wiring at the specified location as the wire/via origin may not touch the PIN. This NET will be rerouted with same or different wiring.
#WARNING (NRDB-1005) Cannot establish connection to PIN B2 at ( 271.7600 194.2000 ) on M1 for NET n3063. The NET is considered partially routed. Visually verify wiring at the specified location as the wire/via origin may not touch the PIN. This NET will be rerouted with same or different wiring.
#WARNING (NRDB-1005) Cannot establish connection to PIN B2 at ( 551.6000 412.2000 ) on M1 for NET n3001. The NET is considered partially routed. Visually verify wiring at the specified location as the wire/via origin may not touch the PIN. This NET will be rerouted with same or different wiring.
#WARNING (NRDB-1005) Cannot establish connection to PIN B2 at ( 539.2000 412.2000 ) on M1 for NET n3001. The NET is considered partially routed. Visually verify wiring at the specified location as the wire/via origin may not touch the PIN. This NET will be rerouted with same or different wiring.
#WARNING (NRDB-1005) Cannot establish connection to PIN B2 at ( 544.0000 405.4000 ) on M1 for NET n3001. The NET is considered partially routed. Visually verify wiring at the specified location as the wire/via origin may not touch the PIN. This NET will be rerouted with same or different wiring.
#WARNING (NRDB-1005) Cannot establish connection to PIN B2 at ( 530.8000 405.4000 ) on M1 for NET n3001. The NET is considered partially routed. Visually verify wiring at the specified location as the wire/via origin may not touch the PIN. This NET will be rerouted with same or different wiring.
#WARNING (NRDB-1005) Cannot establish connection to PIN B2 at ( 276.4000 223.0000 ) on M1 for NET n3163. The NET is considered partially routed. Visually verify wiring at the specified location as the wire/via origin may not touch the PIN. This NET will be rerouted with same or different wiring.
#WARNING (NRDB-1005) Cannot establish connection to PIN B2 at ( 546.4000 319.0000 ) on M1 for NET n3025. The NET is considered partially routed. Visually verify wiring at the specified location as the wire/via origin may not touch the PIN. This NET will be rerouted with same or different wiring.
#WARNING (NRDB-1005) Cannot establish connection to PIN B2 at ( 535.2000 319.0000 ) on M1 for NET n3025. The NET is considered partially routed. Visually verify wiring at the specified location as the wire/via origin may not touch the PIN. This NET will be rerouted with same or different wiring.
#WARNING (NRDB-1005) Cannot establish connection to PIN B2 at ( 542.8000 299.8000 ) on M1 for NET n3025. The NET is considered partially routed. Visually verify wiring at the specified location as the wire/via origin may not touch the PIN. This NET will be rerouted with same or different wiring.
#WARNING (NRDB-1005) Cannot establish connection to PIN B2 at ( 382.4000 415.0000 ) on M1 for NET n3042. The NET is considered partially routed. Visually verify wiring at the specified location as the wire/via origin may not touch the PIN. This NET will be rerouted with same or different wiring.
#WARNING (NRDB-1005) Cannot establish connection to PIN B2 at ( 431.6000 412.2000 ) on M1 for NET n3042. The NET is considered partially routed. Visually verify wiring at the specified location as the wire/via origin may not touch the PIN. This NET will be rerouted with same or different wiring.
#WARNING (NRDB-1005) Cannot establish connection to PIN B2 at ( 438.8000 405.4000 ) on M1 for NET n3042. The NET is considered partially routed. Visually verify wiring at the specified location as the wire/via origin may not touch the PIN. This NET will be rerouted with same or different wiring.
#WARNING (NRDB-1005) Cannot establish connection to PIN B2 at ( 400.0000 402.6000 ) on M1 for NET n3042. The NET is considered partially routed. Visually verify wiring at the specified location as the wire/via origin may not touch the PIN. This NET will be rerouted with same or different wiring.
#WARNING (NRDB-1005) Cannot establish connection to PIN B2 at ( 389.2000 402.6000 ) on M1 for NET n3042. The NET is considered partially routed. Visually verify wiring at the specified location as the wire/via origin may not touch the PIN. This NET will be rerouted with same or different wiring.
#WARNING (NRDB-1005) Cannot establish connection to PIN B2 at ( 419.2000 395.8000 ) on M1 for NET n3042. The NET is considered partially routed. Visually verify wiring at the specified location as the wire/via origin may not touch the PIN. This NET will be rerouted with same or different wiring.
#WARNING (EMS-27) Message (NRDB-1005) has exceeded the current message display limit of 20.
#To increase the message display limit, refer to the product command reference manual.
#
#Connectivity extraction summary:
#2879 routed nets are extracted.
#    1286 (4.03%) extracted nets are partially routed.
#26213 routed net(s) are imported.
#110 (0.34%) nets are without wires.
#2691 nets are fixed|skipped|trivial (not extracted).
#Total number of nets = 31893.
#
#Found 0 nets for post-route si or timing fixing.
#
#Finished routing data preparation on Sun Mar 23 22:01:08 2025
#
#Cpu time = 00:00:01
#Elapsed time = 00:00:01
#Increased memory = 3.14 (MB)
#Total memory = 1275.81 (MB)
#Peak memory = 1335.43 (MB)
#
#
#Start global routing on Sun Mar 23 22:01:08 2025
#
#Number of eco nets is 1286
#
#Start global routing data preparation on Sun Mar 23 22:01:08 2025
#
#Start routing resource analysis on Sun Mar 23 22:01:08 2025
#
#Routing resource analysis is done on Sun Mar 23 22:01:09 2025
#
#  Resource Analysis:
#
#               Routing  #Avail      #Track     #Total     %Gcell
#  Layer      Direction   Track     Blocked      Gcell    Blocked
#  --------------------------------------------------------------
#  M1             H        2008           0       18358     2.04%
#  M2             V        2061           0       18358     0.28%
#  M3             H        2008           0       18358     0.00%
#  M4             V        1991          70       18358     0.00%
#  MQ             H         971          32       18358     1.48%
#  --------------------------------------------------------------
#  Total                   9039       1.31%       91790     0.76%
#
#
#
#
#Global routing data preparation is done on Sun Mar 23 22:01:09 2025
#
#cpu time = 00:00:01, elapsed time = 00:00:01, memory = 1277.10 (MB), peak = 1335.43 (MB)
#
#cpu time = 00:00:01, elapsed time = 00:00:01, memory = 1277.10 (MB), peak = 1335.43 (MB)
#
#start global routing iteration 1...
#Initial_route: 0.04132
#Reroute: 0.00722
#cpu time = 00:00:00, elapsed time = 00:00:00, memory = 1288.17 (MB), peak = 1335.43 (MB)
#
#start global routing iteration 2...
#cpu time = 00:00:00, elapsed time = 00:00:00, memory = 1288.17 (MB), peak = 1335.43 (MB)
#
#
#Total number of trivial nets (e.g. < 2 pins) = 2691 (skipped).
#Total number of routable nets = 29202.
#Total number of nets in the design = 31893.
#
#1396 routable nets have only global wires.
#27806 routable nets have only detail routed wires.
#
#Routed nets constraints summary:
#-----------------------------
#        Rules   Unconstrained  
#-----------------------------
#      Default            1396  
#-----------------------------
#        Total            1396  
#-----------------------------
#
#Routing constraints summary of the whole design:
#-----------------------------
#        Rules   Unconstrained  
#-----------------------------
#      Default           29202  
#-----------------------------
#        Total           29202  
#-----------------------------
#
#
#  Congestion Analysis: (blocked Gcells are excluded)
#
#                 OverCon          
#                  #Gcell    %Gcell
#     Layer           (1)   OverCon
#  --------------------------------
#  M1           51(0.28%)   (0.28%)
#  M2            1(0.01%)   (0.01%)
#  M3            0(0.00%)   (0.00%)
#  M4            0(0.00%)   (0.00%)
#  MQ            0(0.00%)   (0.00%)
#  --------------------------------
#     Total     52(0.06%)   (0.06%)
#
#  The worst congested Gcell overcon (routing demand over resource in number of tracks) = 1
#  Overflow after GR: 0.06% H + 0.00% V
#
#Complete Global Routing.
#Total wire length = 898785 um.
#Total half perimeter of net bounding box = 956780 um.
#Total wire length on LAYER M1 = 129348 um.
#Total wire length on LAYER M2 = 288667 um.
#Total wire length on LAYER M3 = 271784 um.
#Total wire length on LAYER M4 = 138074 um.
#Total wire length on LAYER MQ = 70913 um.
#Total number of vias = 107403
#Up-Via Summary (total 107403):
#           
#-----------------------
# M1              67757
# M2              31468
# M3               6248
# M4               1930
#-----------------------
#                107403 
#
#Max overcon = 1 tracks.
#Total overcon = 0.06%.
#Worst layer Gcell overcon rate = 0.00%.
#
#Global routing statistics:
#Cpu time = 00:00:02
#Elapsed time = 00:00:02
#Increased memory = 12.73 (MB)
#Total memory = 1288.54 (MB)
#Peak memory = 1335.43 (MB)
#
#Finished global routing on Sun Mar 23 22:01:10 2025
#
#
#cpu time = 00:00:00, elapsed time = 00:00:00, memory = 1283.72 (MB), peak = 1335.43 (MB)
#Start Track Assignment.
#Done with 191 horizontal wires in 2 hboxes and 683 vertical wires in 2 hboxes.
#Done with 13 horizontal wires in 2 hboxes and 41 vertical wires in 2 hboxes.
#Complete Track Assignment.
#Total wire length = 903149 um.
#Total half perimeter of net bounding box = 956780 um.
#Total wire length on LAYER M1 = 131904 um.
#Total wire length on LAYER M2 = 290173 um.
#Total wire length on LAYER M3 = 272074 um.
#Total wire length on LAYER M4 = 138081 um.
#Total wire length on LAYER MQ = 70916 um.
#Total number of vias = 107403
#Up-Via Summary (total 107403):
#           
#-----------------------
# M1              67757
# M2              31468
# M3               6248
# M4               1930
#-----------------------
#                107403 
#
#cpu time = 00:00:03, elapsed time = 00:00:03, memory = 1339.64 (MB), peak = 1339.66 (MB)
#
#Routing data preparation, pin analysis, global routing and track assignment statistics:
#Cpu time = 00:00:05
#Elapsed time = 00:00:05
#Increased memory = 67.03 (MB)
#Total memory = 1339.66 (MB)
#Peak memory = 1339.66 (MB)
#
#Start Detail Routing..
#start initial detail routing ...
# ECO: 7.1% of the total area was rechecked for DRC, and 36.6% required routing.
#   number of violations = 25
#
#    By Layer and Type :
#	         MetSpc    Short   Totals
#	M1            1        2        3
#	M2            0        2        2
#	M3            0        0        0
#	M4            7       13       20
#	Totals        8       17       25
#1246 out of 33657 instances (3.7%) need to be verified(marked ipoed), dirty area = 3.4%.
#0.0% of the total area is being checked for drcs
#0.0% of the total area was checked
#   number of violations = 25
#
#    By Layer and Type :
#	         MetSpc    Short   Totals
#	M1            1        2        3
#	M2            0        2        2
#	M3            0        0        0
#	M4            7       13       20
#	Totals        8       17       25
#cpu time = 00:00:11, elapsed time = 00:00:11, memory = 1368.96 (MB), peak = 1369.23 (MB)
#start 1st optimization iteration ...
#   number of violations = 1
#
#    By Layer and Type :
#	         CutSpc   Totals
#	M1            0        0
#	M2            1        1
#	Totals        1        1
#    number of process antenna violations = 25
#cpu time = 00:00:00, elapsed time = 00:00:00, memory = 1375.33 (MB), peak = 1375.62 (MB)
#start 2nd optimization iteration ...
#   number of violations = 0
#    number of process antenna violations = 25
#cpu time = 00:00:00, elapsed time = 00:00:00, memory = 1375.33 (MB), peak = 1375.62 (MB)
#Complete Detail Routing.
#Total wire length = 896943 um.
#Total half perimeter of net bounding box = 956780 um.
#Total wire length on LAYER M1 = 128402 um.
#Total wire length on LAYER M2 = 286469 um.
#Total wire length on LAYER M3 = 273107 um.
#Total wire length on LAYER M4 = 138013 um.
#Total wire length on LAYER MQ = 70951 um.
#Total number of vias = 108559
#Up-Via Summary (total 108559):
#           
#-----------------------
# M1              68059
# M2              32271
# M3               6299
# M4               1930
#-----------------------
#                108559 
#
#Total number of DRC violations = 0
#Cpu time = 00:00:13
#Elapsed time = 00:00:13
#Increased memory = -50.64 (MB)
#Total memory = 1289.02 (MB)
#Peak memory = 1375.62 (MB)
#
#start routing for process antenna violation fix ...
#cpu time = 00:00:00, elapsed time = 00:00:00, memory = 1292.48 (MB), peak = 1375.62 (MB)
#
#Total wire length = 896943 um.
#Total half perimeter of net bounding box = 956780 um.
#Total wire length on LAYER M1 = 128402 um.
#Total wire length on LAYER M2 = 286469 um.
#Total wire length on LAYER M3 = 273107 um.
#Total wire length on LAYER M4 = 138013 um.
#Total wire length on LAYER MQ = 70951 um.
#Total number of vias = 108559
#Up-Via Summary (total 108559):
#           
#-----------------------
# M1              68059
# M2              32271
# M3               6299
# M4               1930
#-----------------------
#                108559 
#
#Total number of DRC violations = 0
#Total number of net violated process antenna rule = 5
#
#
#Total wire length = 896943 um.
#Total half perimeter of net bounding box = 956780 um.
#Total wire length on LAYER M1 = 128402 um.
#Total wire length on LAYER M2 = 286469 um.
#Total wire length on LAYER M3 = 273107 um.
#Total wire length on LAYER M4 = 138013 um.
#Total wire length on LAYER MQ = 70951 um.
#Total number of vias = 108559
#Up-Via Summary (total 108559):
#           
#-----------------------
# M1              68059
# M2              32271
# M3               6299
# M4               1930
#-----------------------
#                108559 
#
#Total number of DRC violations = 0
#Total number of process antenna violations = 5
#
#detailRoute Statistics:
#Cpu time = 00:00:14
#Elapsed time = 00:00:14
#Increased memory = -46.73 (MB)
#Total memory = 1292.93 (MB)
#Peak memory = 1375.62 (MB)
#Updating routing design signature
#Created 363 library cell signatures
#Created 31893 NETS and 0 SPECIALNETS signatures
#Created 33657 instance signatures
#Build design signature : cpu time = 00:00:00, elapsed time = 00:00:00, memory = 1293.21 (MB), peak = 1375.62 (MB)
#Save design signature : cpu time = 00:00:00, elapsed time = 00:00:00, memory = 1293.21 (MB), peak = 1375.62 (MB)
#
#globalDetailRoute statistics:
#Cpu time = 00:00:22
#Elapsed time = 00:00:22
#Increased memory = -35.31 (MB)
#Total memory = 1251.34 (MB)
#Peak memory = 1375.62 (MB)
#Number of warnings = 23
#Total number of warnings = 123
#Number of fails = 0
#Total number of fails = 0
#Complete globalDetailRoute on Sun Mar 23 22:01:28 2025
#
**optDesign ... cpu = 0:02:14, real = 0:02:16, mem = 1226.1M, totSessionCpu=0:16:51 **
-routeWithEco false                       # bool, default=false
-routeSelectedNetOnly false               # bool, default=false
-routeWithTimingDriven false              # bool, default=false
-routeWithSiDriven false                  # bool, default=false
New Signature Flow (restoreNanoRouteOptions) ....
#WARNING (NRDB-2005) SPECIAL_NET VDD has special wires but no definitions for instance pins or top level pins. This will cause routability problems later.
#WARNING (NRDB-2005) SPECIAL_NET GND has special wires but no definitions for instance pins or top level pins. This will cause routability problems later.
#Start routing data preparation on Sun Mar 23 22:01:29 2025
#
#Minimum voltage of a net in the design = 0.000.
#Maximum voltage of a net in the design = 1.600.
#Voltage range [0.000 - 0.000] has 1 net.
#Voltage range [1.350 - 1.600] has 1 net.
#Voltage range [0.000 - 1.600] has 31891 nets.
# M1           H   Track-Pitch = 0.4000    Line-2-Via Pitch = 0.3600
# M2           V   Track-Pitch = 0.4000    Line-2-Via Pitch = 0.4000
# M3           H   Track-Pitch = 0.4000    Line-2-Via Pitch = 0.4000
# M4           V   Track-Pitch = 0.4000    Line-2-Via Pitch = 0.4000
# MQ           H   Track-Pitch = 0.8000    Line-2-Via Pitch = 0.8000
#Regenerating Ggrids automatically.
#Auto generating G-grids with size=15 tracks, using layer M3's pitch = 0.4000.
#Using automatically generated G-grids.
#Done routing data preparation.
#cpu time = 00:00:01, elapsed time = 00:00:01, memory = 1235.02 (MB), peak = 1375.62 (MB)
#Extract in post route mode
#
#Start tQuantus RC extraction...
#Start building rc corner(s)...
#Number of RC Corner = 2
#Corner RC_min /apps/design_kits/ibm_kits/IBM_DIG_FLOW/cmos8hp/cadence/v.20110204/tch/cmos8hp_7AM_41_FuncCmax.tch 25.000000 (real) 
#Corner RC_max /apps/design_kits/ibm_kits/IBM_DIG_FLOW/cmos8hp/cadence/v.20110204/tch/cmos8hp_7AM_41_FuncCmax.tch 25.000000 (real) 
#Layer LY does not exist in nanoroute.
#Layer AM does not exist in nanoroute.
#M1 -> M1 (1)
#M2 -> M2 (2)
#M3 -> M3 (3)
#M4 -> M4 (4)
#MQ -> MQ (5)
#Layer LY does not exist in nanoroute.
#Layer AM does not exist in nanoroute.
#SADV_On
# Corner(s) : 
#RC_min [25.00] 
#RC_max [25.00]
# Corner id: 0
# Layout Scale: 1.000000
# Has Metal Fill model: yes
# Temperature was set
# Temperature : 25.000000
# Ref. Temp   : 25.000000
# Corner id: 1
# Layout Scale: 1.000000
# Has Metal Fill model: yes
# Temperature was set
# Temperature : 25.000000
# Ref. Temp   : 25.000000
#SADV_Off
#total pattern=84 [7, 224]
#Reading previously stored rc_model file ( rc_model.bin ) ...
#found CAPMODEL /apps/design_kits/ibm_kits/IBM_DIG_FLOW/cmos8hp/cadence/v.20110204/tch/cmos8hp_7AM_41_FuncCmax.tch
#found RESMODEL /apps/design_kits/ibm_kits/IBM_DIG_FLOW/cmos8hp/cadence/v.20110204/tch/cmos8hp_7AM_41_FuncCmax.tch 25.000000 
#number model r/c [1,1] [7,224] read
#0 rcmodel(s) requires rebuild
#Build RC corners: cpu time = 00:00:01, elapsed time = 00:00:01, memory = 1256.17 (MB), peak = 1375.62 (MB)
#Start building rc corner(s)...
#Number of RC Corner = 2
#Corner RC_min /apps/design_kits/ibm_kits/IBM_DIG_FLOW/cmos8hp/cadence/v.20110204/tch/cmos8hp_7AM_41_FuncCmax.tch 25.000000 (real) 
#Corner RC_max /apps/design_kits/ibm_kits/IBM_DIG_FLOW/cmos8hp/cadence/v.20110204/tch/cmos8hp_7AM_41_FuncCmax.tch 25.000000 (real) 
#Layer LY does not exist in nanoroute.
#Layer AM does not exist in nanoroute.
#M1 -> M1 (1)
#M2 -> M2 (2)
#M3 -> M3 (3)
#M4 -> M4 (4)
#MQ -> MQ (5)
#Layer LY does not exist in nanoroute.
#Layer AM does not exist in nanoroute.
#SADV_On
# Corner(s) : 
#RC_min [25.00] 
#RC_max [25.00]
# Corner id: 0
# Layout Scale: 1.000000
# Has Metal Fill model: yes
# Temperature was set
# Temperature : 25.000000
# Ref. Temp   : 25.000000
# Corner id: 1
# Layout Scale: 1.000000
# Has Metal Fill model: yes
# Temperature was set
# Temperature : 25.000000
# Ref. Temp   : 25.000000
#SADV_Off
#total pattern=84 [7, 224]
#Reading previously stored rc_model file ( rc_model.bin ) ...
#found CAPMODEL /apps/design_kits/ibm_kits/IBM_DIG_FLOW/cmos8hp/cadence/v.20110204/tch/cmos8hp_7AM_41_FuncCmax.tch
#found RESMODEL /apps/design_kits/ibm_kits/IBM_DIG_FLOW/cmos8hp/cadence/v.20110204/tch/cmos8hp_7AM_41_FuncCmax.tch 25.000000 
#number model r/c [1,1] [7,224] read
#0 rcmodel(s) requires rebuild
#Build RC corners: cpu time = 00:00:01, elapsed time = 00:00:01, memory = 1265.87 (MB), peak = 1375.62 (MB)
#Length limit = 200 pitches
#opt mode = 2
#Start routing data preparation on Sun Mar 23 22:01:34 2025
#
#Minimum voltage of a net in the design = 0.000.
#Maximum voltage of a net in the design = 1.600.
#Voltage range [0.000 - 1.600] has 31891 nets.
#Voltage range [0.000 - 0.000] has 1 net.
#Voltage range [1.350 - 1.600] has 1 net.
#Regenerating Ggrids automatically.
#Auto generating G-grids with size=15 tracks, using layer M3's pitch = 0.4000.
#Using automatically generated G-grids.
#Done routing data preparation.
#cpu time = 00:00:00, elapsed time = 00:00:00, memory = 1265.16 (MB), peak = 1375.62 (MB)
#Start routing data preparation on Sun Mar 23 22:01:34 2025
#
#Minimum voltage of a net in the design = 0.000.
#Maximum voltage of a net in the design = 1.600.
#Voltage range [0.000 - 1.600] has 31891 nets.
#Voltage range [0.000 - 0.000] has 1 net.
#Voltage range [1.350 - 1.600] has 1 net.
#Regenerating Ggrids automatically.
#Auto generating G-grids with size=15 tracks, using layer M3's pitch = 0.4000.
#Using automatically generated G-grids.
#Done routing data preparation.
#cpu time = 00:00:00, elapsed time = 00:00:00, memory = 1265.16 (MB), peak = 1375.62 (MB)
#Start generate extraction boxes.
#
#Extract using 30 x 30 Hboxes
#6x6 initial hboxes
#Use area based hbox pruning.
#0/0 hboxes pruned.
#Complete generating extraction boxes.
#Extract 23 hboxes with single thread on machine with  Xeon 2.00GHz 28160KB Cache 80CPU...
#Process 0 special clock nets for rc extraction
#0 temporary NDR added
#Total 29202 nets were built. 467 nodes added to break long wires. 0 net(s) have incomplete routes.
#Run Statistics for Extraction:
#   Cpu time = 00:00:09, elapsed time = 00:00:09 .
#   Increased memory =    86.45 (MB), total memory =  1351.61 (MB), peak memory =  1375.62 (MB)
#Simplify RC tree: cpu time = 00:00:00, elapsed time = 00:00:00, memory = 1324.88 (MB), peak = 1375.62 (MB)
#RC Statistics: 93488 Res, 56374 Ground Cap, 32234 XCap (Edge to Edge)
#RC V/H edge ratio: 0.44, Avg V/H Edge Length: 5341.02 (49610), Avg L-Edge Length: 11484.45 (29539)
#Start writing rcdb into /tmp/innovus_temp_142802_shell_G32127843_wVIndc/nr142802_0sZALc.rcdb.d
#Finish writing rcdb with 123647 nodes, 94445 edges, and 71614 xcaps
#cpu time = 00:00:01, elapsed time = 00:00:01, memory = 1334.98 (MB), peak = 1375.62 (MB)
Restoring parasitic data from file '/tmp/innovus_temp_142802_shell_G32127843_wVIndc/nr142802_0sZALc.rcdb.d' ...
Reading RCDB with compressed RC data.
Reading RCDB with compressed RC data.
Begin read_parasitics... (cpu: 0:00:00.0 real: 0:00:00.0 mem: 1573.258M)
Following multi-corner parasitics specified:
	/tmp/innovus_temp_142802_shell_G32127843_wVIndc/nr142802_0sZALc.rcdb.d (rcdb)
Reading RCDB with compressed RC data.
		Cell AES has rcdb /tmp/innovus_temp_142802_shell_G32127843_wVIndc/nr142802_0sZALc.rcdb.d specified
Cell AES, hinst 
Reading RCDB with compressed RC data.
Done read_parasitics... (cpu: 0:00:00.4 real: 0:00:00.0 mem: 1549.258M)
#
#Restore RCDB.
#
#Complete tQuantus RC extraction.
#Cpu time = 00:00:16
#Elapsed time = 00:00:17
#Increased memory = 91.05 (MB)
#Total memory = 1326.12 (MB)
#Peak memory = 1375.62 (MB)
#
#467 inserted nodes are removed
**optDesign ... cpu = 0:02:33, real = 0:02:35, mem = 1256.6M, totSessionCpu=0:17:09 **
Starting SI iteration 1 using Infinite Timing Windows
Begin IPO call back ...
End IPO call back ...
#################################################################################
# Design Stage: PostRoute
# Design Name: AES
# Design Mode: 130nm
# Analysis Mode: MMMC OCV 
# Parasitics Mode: SPEF/RCDB
# Signoff Settings: SI On 
#################################################################################
AAE_INFO: 1 threads acquired from CTE.
Calculate early delays in OCV mode...
Calculate late delays in OCV mode...
Start delay calculation (fullDC) (1 T). (MEM=1566.9)
Initializing multi-corner capacitance tables ... 
Initializing multi-corner resistance tables ...
Creating RPSQ from WeeR and WRes ...
Creating RPSQ from WeeR and WRes ...
Reading RCDB with compressed RC data.
AAE_INFO: 1 threads acquired from CTE.
Total number of fetched objects 32149
AAE_INFO-618: Total number of nets in the design is 31893,  100.0 percent of the nets selected for SI analysis
Total number of fetched objects 32149
AAE_INFO-618: Total number of nets in the design is 31893,  100.0 percent of the nets selected for SI analysis
End delay calculation. (MEM=1614.85 CPU=0:00:08.7 REAL=0:00:09.0)
End delay calculation (fullDC). (MEM=1614.85 CPU=0:00:09.4 REAL=0:00:10.0)
Loading CTE timing window with TwFlowType 0...(CPU = 0:00:00.0, REAL = 0:00:00.0, MEM = 1614.9M)
Add other clocks and setupCteToAAEClockMapping during iter 1
Loading CTE timing window is completed (CPU = 0:00:00.1, REAL = 0:00:00.0, MEM = 1614.9M)
Starting SI iteration 2
AAE_INFO: 1 threads acquired from CTE.
Calculate early delays in OCV mode...
Calculate late delays in OCV mode...
Start delay calculation (fullDC) (1 T). (MEM=1577.2)
Glitch Analysis: View VIEW_ss_125 -- Total Number of Nets Skipped = 0. 
Glitch Analysis: View VIEW_ss_125 -- Total Number of Nets Analyzed = 0. 
Total number of fetched objects 32149
AAE_INFO-618: Total number of nets in the design is 31893,  8.9 percent of the nets selected for SI analysis
End delay calculation. (MEM=1583.36 CPU=0:00:00.3 REAL=0:00:00.0)
End delay calculation (fullDC). (MEM=1583.36 CPU=0:00:00.4 REAL=0:00:00.0)
*** Done Building Timing Graph (cpu=0:00:12.9 real=0:00:13.0 totSessionCpu=0:17:22 mem=1583.4M)

------------------------------------------------------------
       Post-ecoRoute Summary                             
------------------------------------------------------------

Setup views included:
 VIEW_ss_125 

+--------------------+---------+---------+---------+
|     Setup mode     |   all   | reg2reg | default |
+--------------------+---------+---------+---------+
|           WNS (ns):|  4.115  |  4.115  |  4.504  |
|           TNS (ns):|  0.000  |  0.000  |  0.000  |
|    Violating Paths:|    0    |    0    |    0    |
|          All Paths:|  3213   |  2694   |  3212   |
+--------------------+---------+---------+---------+

+----------------+-------------------------------+------------------+
|                |              Real             |       Total      |
|    DRVs        +------------------+------------+------------------|
|                |  Nr nets(terms)  | Worst Vio  |  Nr nets(terms)  |
+----------------+------------------+------------+------------------+
|   max_cap      |   1017 (1017)    |   -0.044   |   1018 (3840)    |
|   max_tran     |    195 (195)     |   -0.050   |    195 (195)     |
|   max_fanout   |      0 (0)       |     0      |      1 (1)       |
|   max_length   |      0 (0)       |     0      |      0 (0)       |
+----------------+------------------+------------+------------------+

Density: 68.533%
------------------------------------------------------------
**optDesign ... cpu = 0:02:46, real = 0:02:49, mem = 1308.2M, totSessionCpu=0:17:23 **
**optDesign ... cpu = 0:02:46, real = 0:02:49, mem = 1308.2M, totSessionCpu=0:17:23 **
GigaOpt: LEF-safe recovery is disabled in the current flow
Running postRoute recovery in postEcoRoute mode
**optDesign ... cpu = 0:02:46, real = 0:02:49, mem = 1308.2M, totSessionCpu=0:17:23 **
Checking setup slack degradation ...
**INFO: DRV recovery is disabled in current flow
*** Finish postRoute recovery in postEcoRoute mode (cpu=0:00:01, real=0:00:01, mem=1545.20M, totSessionCpu=0:17:24).
**optDesign ... cpu = 0:02:47, real = 0:02:50, mem = 1308.2M, totSessionCpu=0:17:24 **

Latch borrow mode reset to max_borrow
Reported timing to dir ../reports/AES/postRouteOpt_hold
**optDesign ... cpu = 0:02:48, real = 0:02:50, mem = 1308.2M, totSessionCpu=0:17:24 **
**INFO: Starting Blocking QThread with 1 CPU
   ____________________________________________________________________
__/ message from Blocking QThread
*** QThread HoldRpt [begin] : cpu/real = 0:00:00.0/0:00:00.0 (0.0), mem = 0.2M
Starting SI iteration 1 using Infinite Timing Windows
Begin IPO call back ...
End IPO call back ...
#################################################################################
# Design Stage: PostRoute
# Design Name: AES
# Design Mode: 130nm
# Analysis Mode: MMMC OCV 
# Parasitics Mode: SPEF/RCDB
# Signoff Settings: SI On 
#################################################################################
AAE_INFO: 1 threads acquired from CTE.
Calculate late delays in OCV mode...
Calculate early delays in OCV mode...
Start delay calculation (fullDC) (1 T). (MEM=0)
*** Calculating scaling factor for LIB_ff_-55 libraries using the default operating condition of each library.
Total number of fetched objects 32149
AAE_INFO-618: Total number of nets in the design is 31893,  100.0 percent of the nets selected for SI analysis
Total number of fetched objects 32149
AAE_INFO-618: Total number of nets in the design is 31893,  100.0 percent of the nets selected for SI analysis
End delay calculation. (MEM=0 CPU=0:00:08.2 REAL=0:00:09.0)
End delay calculation (fullDC). (MEM=0 CPU=0:00:08.7 REAL=0:00:09.0)
Loading CTE timing window with TwFlowType 0...(CPU = 0:00:00.0, REAL = 0:00:00.0, MEM = 0.0M)
Add other clocks and setupCteToAAEClockMapping during iter 1
Loading CTE timing window is completed (CPU = 0:00:00.1, REAL = 0:00:00.0, MEM = 0.0M)
Starting SI iteration 2
AAE_INFO: 1 threads acquired from CTE.
Calculate late delays in OCV mode...
Calculate early delays in OCV mode...
Start delay calculation (fullDC) (1 T). (MEM=0)
Glitch Analysis: View VIEW_ff_-55 -- Total Number of Nets Skipped = 0. 
Glitch Analysis: View VIEW_ff_-55 -- Total Number of Nets Analyzed = 0. 
Total number of fetched objects 32149
AAE_INFO-618: Total number of nets in the design is 31893,  47.4 percent of the nets selected for SI analysis
End delay calculation. (MEM=0 CPU=0:00:03.3 REAL=0:00:03.0)
End delay calculation (fullDC). (MEM=0 CPU=0:00:03.5 REAL=0:00:04.0)
*** Done Building Timing Graph (cpu=0:00:14.3 real=0:00:14.0 totSessionCpu=0:00:34.1 mem=0.0M)
*** QThread HoldRpt [finish] : cpu/real = 0:00:15.3/0:00:16.0 (1.0), mem = 0.0M

_______________________________________________________________________

------------------------------------------------------------
     optDesign Final SI Timing Summary                             
------------------------------------------------------------

Setup views included:
 VIEW_ss_125 
Hold  views included:
 VIEW_ff_-55

+--------------------+---------+---------+---------+
|     Setup mode     |   all   | reg2reg | default |
+--------------------+---------+---------+---------+
|           WNS (ns):|  4.115  |  4.115  |  4.504  |
|           TNS (ns):|  0.000  |  0.000  |  0.000  |
|    Violating Paths:|    0    |    0    |    0    |
|          All Paths:|  3213   |  2694   |  3212   |
+--------------------+---------+---------+---------+

+--------------------+---------+---------+---------+
|     Hold mode      |   all   | reg2reg | default |
+--------------------+---------+---------+---------+
|           WNS (ns):| -0.347  | -0.347  | -0.003  |
|           TNS (ns):|-249.867 |-249.863 | -0.003  |
|    Violating Paths:|  1217   |  1216   |    1    |
|          All Paths:|  2823   |  2694   |  2822   |
+--------------------+---------+---------+---------+

+----------------+-------------------------------+------------------+
|                |              Real             |       Total      |
|    DRVs        +------------------+------------+------------------|
|                |  Nr nets(terms)  | Worst Vio  |  Nr nets(terms)  |
+----------------+------------------+------------+------------------+
|   max_cap      |   1017 (1017)    |   -0.044   |   1018 (3840)    |
|   max_tran     |    195 (195)     |   -0.050   |    195 (195)     |
|   max_fanout   |      0 (0)       |     0      |      1 (1)       |
|   max_length   |      0 (0)       |     0      |      0 (0)       |
+----------------+------------------+------------+------------------+

Density: 68.533%
Total number of glitch violations: 0
------------------------------------------------------------
**optDesign ... cpu = 0:03:04, real = 0:03:08, mem = 1308.2M, totSessionCpu=0:17:40 **
 ReSet Options after AAE Based Opt flow 
*** Finished optDesign ***
Info: Destroy the CCOpt slew target map.
<CMD> saveDesign saves/AES_route
The in-memory database contained RC information but was not saved. To save 
the RC information, use saveDesign's -rc option. Note: Saving RC information can be quite large, 
so it should only be saved when it is really desired.
#% Begin save design ... (date=03/23 22:02:20, mem=1308.4M)
% Begin Save ccopt configuration ... (date=03/23 22:02:20, mem=1308.4M)
% End Save ccopt configuration ... (date=03/23 22:02:20, total cpu=0:00:00.1, real=0:00:00.0, peak res=1308.9M, current mem=1308.9M)
% Begin Save netlist data ... (date=03/23 22:02:20, mem=1308.9M)
Writing Binary DB to saves/AES_route.dat/AES.v.bin in single-threaded mode...
% End Save netlist data ... (date=03/23 22:02:21, total cpu=0:00:00.1, real=0:00:01.0, peak res=1309.3M, current mem=1309.3M)
Saving congestion map file saves/AES_route.dat/AES.route.congmap.gz ...
% Begin Save AAE data ... (date=03/23 22:02:21, mem=1309.8M)
Saving AAE Data ...
% End Save AAE data ... (date=03/23 22:02:21, total cpu=0:00:00.0, real=0:00:00.0, peak res=1309.8M, current mem=1309.8M)
% Begin Save clock tree data ... (date=03/23 22:02:21, mem=1312.9M)
% End Save clock tree data ... (date=03/23 22:02:21, total cpu=0:00:00.0, real=0:00:00.0, peak res=1312.9M, current mem=1312.9M)
Saving preference file saves/AES_route.dat/gui.pref.tcl ...
Saving mode setting ...
Saving global file ...
% Begin Save floorplan data ... (date=03/23 22:02:21, mem=1312.9M)
Saving floorplan file ...
% End Save floorplan data ... (date=03/23 22:02:21, total cpu=0:00:00.1, real=0:00:01.0, peak res=1312.9M, current mem=1312.9M)
Saving Drc markers ...
... 5 markers are saved ...
... 0 geometry drc markers are saved ...
... 5 antenna drc markers are saved ...
% Begin Save placement data ... (date=03/23 22:02:22, mem=1312.9M)
** Saving stdCellPlacement_binary (version# 2) ...
% End Save placement data ... (date=03/23 22:02:22, total cpu=0:00:00.0, real=0:00:00.0, peak res=1313.1M, current mem=1313.1M)
% Begin Save routing data ... (date=03/23 22:02:22, mem=1313.1M)
Saving route file ...
*** Completed saveRoute (cpu=0:00:00.3 real=0:00:00.0 mem=1545.2M) ***
% End Save routing data ... (date=03/23 22:02:22, total cpu=0:00:00.3, real=0:00:00.0, peak res=1314.2M, current mem=1314.2M)
Saving property file saves/AES_route.dat/AES.prop
*** Completed saveProperty (cpu=0:00:00.0 real=0:00:00.0 mem=1545.2M) ***
#Saving pin access data to file saves/AES_route.dat/AES.apa ...
#
% Begin Save power constraints data ... (date=03/23 22:02:22, mem=1314.3M)
% End Save power constraints data ... (date=03/23 22:02:22, total cpu=0:00:00.0, real=0:00:00.0, peak res=1314.3M, current mem=1314.3M)
RC_min RC_max
RC_min RC_max
RC_min RC_max
RC_min RC_max
RC_min RC_max
Generated self-contained design AES_route.dat
#% End save design ... (date=03/23 22:02:23, total cpu=0:00:01.3, real=0:00:03.0, peak res=1314.3M, current mem=1267.1M)
*** Message Summary: 0 warning(s), 0 error(s)

<CMD> addDeCapCellCandidates DECAP_C 7.775
<CMD> addDeCap -totCap 100 -addFixAttr -prefix DECAP -cells DECAP_C
Add decoupling capacitance in area (15.2 15.2) (809.2 788).
Total decoupling capacitance threshold is 100 fF.
The capacitance of the already placed decoupling capacitance instances is 0 fF.
The decoupling capacitance needed is 100 fF.
Add decoupling capacitance cells with low effort (homogeneous) approach.
Iteration 0:
   Added 12 instances (93.3 fF).
   Checking for DRC violations on added decoupling instances.
                  ...... bin size: 2560
**WARN: (IMPVFG-47):	This warning message means the PG pin of macro/macros is not connected to relevant PG net in the design. If we query the particular PG pin 'net:NULL' will be displayed in the Innovus GUI.

   Found 6 DRC violations. (CPU 0:00:00.9)
   Deleted 2 instances (15.55 fF) due to DRC violation.
Iteration 1:
   Added 2 instances (15.55 fF).
   Checking for DRC violations on added decoupling instances.
                  ...... bin size: 2560
   Found 1 DRC violations. (CPU 0:00:00.6)
   Deleted 1 instances (7.775 fF) due to DRC violation.
Iteration 2:
   Added 1 instances (7.775 fF).
   Checking for DRC violations on added decoupling instances.
                  ...... bin size: 2560
   Found 0 DRC violations. (CPU 0:00:00.5)
Added 12 decoupling capacitance instances. Total capacitance is 93.3 fF.
<CMD> setFillerMode -corePrefix FILLER -core {FILL1 FILL2}
<CMD> addFiller -cell {FILL1 FILL2} -prefix FILLER -markFixed
**WARN: (IMPSP-9057):	Fillers being added in a FIXED mode to the whole design. Some subsequent 
operations, such as antenna fixing, may fail due to fillers being marked 
as 'FIXED'. If this was not intended, use deleteFiller command to undo.
**WARN: (IMPSP-5217):	addFiller command is running on a postRoute database. It is recommended to be followed by ecoRoute -target command to make the DRC clean.
Type 'man IMPSP-5217' for more detail.
*INFO: Adding fillers to top-module.
*INFO:   Added 46797 filler insts (cell FILL2 / prefix FILLER).
*INFO:   Added 2073 filler insts (cell FILL1 / prefix FILLER).
*INFO: Total 48870 filler insts added - prefix FILLER (CPU: 0:00:01.1).
For 48870 new insts, *** Applied 0 GNC rules (cpu = 0:00:00.0)
<CMD> globalNetConnect VDD -type pgpin -pin VDD -override -verbose
82539 new pwr-pin connections were made to global net 'VDD'.
<CMD> globalNetConnect GND -type pgpin -pin GND -override -verbose
82539 new gnd-pin connections were made to global net 'GND'.
<CMD> verify_connectivity
VERIFY_CONNECTIVITY use new engine.

******** Start: VERIFY CONNECTIVITY ********
Start Time: Sun Mar 23 22:02:27 2025

Design Name: AES
Database Units: 1000
Design Boundary: (0.0000, 0.0000) (824.4000, 803.2000)
Error Limit = 1000; Warning Limit = 50
Check all nets
**** 22:02:27 **** Processed 5000 nets.
**** 22:02:27 **** Processed 10000 nets.
**** 22:02:27 **** Processed 15000 nets.
**** 22:02:27 **** Processed 20000 nets.
**** 22:02:28 **** Processed 25000 nets.
**** 22:02:28 **** Processed 30000 nets.

Begin Summary 
  Found no problems or warnings.
End Summary

End Time: Sun Mar 23 22:02:28 2025
Time Elapsed: 0:00:01.0

******** End: VERIFY CONNECTIVITY ********
  Verification Complete : 0 Viols.  0 Wrngs.
  (CPU Time: 0:00:01.4  MEM: 0.000M)

<CMD> verify_drc
 *** Starting Verify DRC (MEM: 1581.0) ***

  VERIFY DRC ...... Starting Verification
  VERIFY DRC ...... Initializing
  VERIFY DRC ...... Deleting Existing Violations
  VERIFY DRC ...... Creating Sub-Areas
  VERIFY DRC ...... Using new threading
  VERIFY DRC ...... Sub-Area: {0.000 0.000 166.400 161.280} 1 of 25
  VERIFY DRC ...... Sub-Area : 1 complete 0 Viols.
  VERIFY DRC ...... Sub-Area: {166.400 0.000 332.800 161.280} 2 of 25
  VERIFY DRC ...... Sub-Area : 2 complete 0 Viols.
  VERIFY DRC ...... Sub-Area: {332.800 0.000 499.200 161.280} 3 of 25
  VERIFY DRC ...... Sub-Area : 3 complete 0 Viols.
  VERIFY DRC ...... Sub-Area: {499.200 0.000 665.600 161.280} 4 of 25
  VERIFY DRC ...... Sub-Area : 4 complete 0 Viols.
  VERIFY DRC ...... Sub-Area: {665.600 0.000 824.400 161.280} 5 of 25
  VERIFY DRC ...... Sub-Area : 5 complete 0 Viols.
  VERIFY DRC ...... Sub-Area: {0.000 161.280 166.400 322.560} 6 of 25
  VERIFY DRC ...... Sub-Area : 6 complete 0 Viols.
  VERIFY DRC ...... Sub-Area: {166.400 161.280 332.800 322.560} 7 of 25
  VERIFY DRC ...... Sub-Area : 7 complete 0 Viols.
  VERIFY DRC ...... Sub-Area: {332.800 161.280 499.200 322.560} 8 of 25
  VERIFY DRC ...... Sub-Area : 8 complete 0 Viols.
  VERIFY DRC ...... Sub-Area: {499.200 161.280 665.600 322.560} 9 of 25
  VERIFY DRC ...... Sub-Area : 9 complete 0 Viols.
  VERIFY DRC ...... Sub-Area: {665.600 161.280 824.400 322.560} 10 of 25
  VERIFY DRC ...... Sub-Area : 10 complete 0 Viols.
  VERIFY DRC ...... Sub-Area: {0.000 322.560 166.400 483.840} 11 of 25
  VERIFY DRC ...... Sub-Area : 11 complete 0 Viols.
  VERIFY DRC ...... Sub-Area: {166.400 322.560 332.800 483.840} 12 of 25
  VERIFY DRC ...... Sub-Area : 12 complete 0 Viols.
  VERIFY DRC ...... Sub-Area: {332.800 322.560 499.200 483.840} 13 of 25
  VERIFY DRC ...... Sub-Area : 13 complete 0 Viols.
  VERIFY DRC ...... Sub-Area: {499.200 322.560 665.600 483.840} 14 of 25
  VERIFY DRC ...... Sub-Area : 14 complete 0 Viols.
  VERIFY DRC ...... Sub-Area: {665.600 322.560 824.400 483.840} 15 of 25
  VERIFY DRC ...... Sub-Area : 15 complete 0 Viols.
  VERIFY DRC ...... Sub-Area: {0.000 483.840 166.400 645.120} 16 of 25
  VERIFY DRC ...... Sub-Area : 16 complete 0 Viols.
  VERIFY DRC ...... Sub-Area: {166.400 483.840 332.800 645.120} 17 of 25
  VERIFY DRC ...... Sub-Area : 17 complete 0 Viols.
  VERIFY DRC ...... Sub-Area: {332.800 483.840 499.200 645.120} 18 of 25
  VERIFY DRC ...... Sub-Area : 18 complete 0 Viols.
  VERIFY DRC ...... Sub-Area: {499.200 483.840 665.600 645.120} 19 of 25
  VERIFY DRC ...... Sub-Area : 19 complete 0 Viols.
  VERIFY DRC ...... Sub-Area: {665.600 483.840 824.400 645.120} 20 of 25
  VERIFY DRC ...... Sub-Area : 20 complete 0 Viols.
  VERIFY DRC ...... Sub-Area: {0.000 645.120 166.400 803.200} 21 of 25
  VERIFY DRC ...... Sub-Area : 21 complete 0 Viols.
  VERIFY DRC ...... Sub-Area: {166.400 645.120 332.800 803.200} 22 of 25
  VERIFY DRC ...... Sub-Area : 22 complete 0 Viols.
  VERIFY DRC ...... Sub-Area: {332.800 645.120 499.200 803.200} 23 of 25
  VERIFY DRC ...... Sub-Area : 23 complete 0 Viols.
  VERIFY DRC ...... Sub-Area: {499.200 645.120 665.600 803.200} 24 of 25
  VERIFY DRC ...... Sub-Area : 24 complete 0 Viols.
  VERIFY DRC ...... Sub-Area: {665.600 645.120 824.400 803.200} 25 of 25
  VERIFY DRC ...... Sub-Area : 25 complete 0 Viols.

  Verification Complete : 0 Viols.

 *** End Verify DRC (CPU: 0:00:03.3  ELAPSED TIME: 3.00  MEM: 0.0M) ***

<CMD> timeDesign -postRoute -numPaths 10 -prefix final -outDIR ../reports/AES/final
 Reset EOS DB
Ignoring AAE DB Resetting ...
#Start routing data preparation on Sun Mar 23 22:02:33 2025
#
#Minimum voltage of a net in the design = 0.000.
#Maximum voltage of a net in the design = 1.600.
#Voltage range [0.000 - 0.000] has 1 net.
#Voltage range [1.350 - 1.600] has 1 net.
#Voltage range [0.000 - 1.600] has 31891 nets.
# M1           H   Track-Pitch = 0.4000    Line-2-Via Pitch = 0.3600
# M2           V   Track-Pitch = 0.4000    Line-2-Via Pitch = 0.4000
# M3           H   Track-Pitch = 0.4000    Line-2-Via Pitch = 0.4000
# M4           V   Track-Pitch = 0.4000    Line-2-Via Pitch = 0.4000
# MQ           H   Track-Pitch = 0.8000    Line-2-Via Pitch = 0.8000
#Regenerating Ggrids automatically.
#Auto generating G-grids with size=15 tracks, using layer M3's pitch = 0.4000.
#Using automatically generated G-grids.
#Done routing data preparation.
#cpu time = 00:00:01, elapsed time = 00:00:01, memory = 1313.74 (MB), peak = 1375.62 (MB)
#Extract in post route mode
#
#Start tQuantus RC extraction...
#Start building rc corner(s)...
#Number of RC Corner = 2
#Corner RC_min /apps/design_kits/ibm_kits/IBM_DIG_FLOW/cmos8hp/cadence/v.20110204/tch/cmos8hp_7AM_41_FuncCmax.tch 25.000000 (real) 
#Corner RC_max /apps/design_kits/ibm_kits/IBM_DIG_FLOW/cmos8hp/cadence/v.20110204/tch/cmos8hp_7AM_41_FuncCmax.tch 25.000000 (real) 
#Layer LY does not exist in nanoroute.
#Layer AM does not exist in nanoroute.
#M1 -> M1 (1)
#M2 -> M2 (2)
#M3 -> M3 (3)
#M4 -> M4 (4)
#MQ -> MQ (5)
#Layer LY does not exist in nanoroute.
#Layer AM does not exist in nanoroute.
#SADV_On
# Corner(s) : 
#RC_min [25.00] 
#RC_max [25.00]
# Corner id: 0
# Layout Scale: 1.000000
# Has Metal Fill model: yes
# Temperature was set
# Temperature : 25.000000
# Ref. Temp   : 25.000000
# Corner id: 1
# Layout Scale: 1.000000
# Has Metal Fill model: yes
# Temperature was set
# Temperature : 25.000000
# Ref. Temp   : 25.000000
#SADV_Off
#total pattern=84 [7, 224]
#Reading previously stored rc_model file ( rc_model.bin ) ...
#found CAPMODEL /apps/design_kits/ibm_kits/IBM_DIG_FLOW/cmos8hp/cadence/v.20110204/tch/cmos8hp_7AM_41_FuncCmax.tch
#found RESMODEL /apps/design_kits/ibm_kits/IBM_DIG_FLOW/cmos8hp/cadence/v.20110204/tch/cmos8hp_7AM_41_FuncCmax.tch 25.000000 
#number model r/c [1,1] [7,224] read
#0 rcmodel(s) requires rebuild
#Build RC corners: cpu time = 00:00:01, elapsed time = 00:00:01, memory = 1334.56 (MB), peak = 1375.62 (MB)
#Start building rc corner(s)...
#Number of RC Corner = 2
#Corner RC_min /apps/design_kits/ibm_kits/IBM_DIG_FLOW/cmos8hp/cadence/v.20110204/tch/cmos8hp_7AM_41_FuncCmax.tch 25.000000 (real) 
#Corner RC_max /apps/design_kits/ibm_kits/IBM_DIG_FLOW/cmos8hp/cadence/v.20110204/tch/cmos8hp_7AM_41_FuncCmax.tch 25.000000 (real) 
#Layer LY does not exist in nanoroute.
#Layer AM does not exist in nanoroute.
#M1 -> M1 (1)
#M2 -> M2 (2)
#M3 -> M3 (3)
#M4 -> M4 (4)
#MQ -> MQ (5)
#Layer LY does not exist in nanoroute.
#Layer AM does not exist in nanoroute.
#SADV_On
# Corner(s) : 
#RC_min [25.00] 
#RC_max [25.00]
# Corner id: 0
# Layout Scale: 1.000000
# Has Metal Fill model: yes
# Temperature was set
# Temperature : 25.000000
# Ref. Temp   : 25.000000
# Corner id: 1
# Layout Scale: 1.000000
# Has Metal Fill model: yes
# Temperature was set
# Temperature : 25.000000
# Ref. Temp   : 25.000000
#SADV_Off
#total pattern=84 [7, 224]
#Reading previously stored rc_model file ( rc_model.bin ) ...
#found CAPMODEL /apps/design_kits/ibm_kits/IBM_DIG_FLOW/cmos8hp/cadence/v.20110204/tch/cmos8hp_7AM_41_FuncCmax.tch
#found RESMODEL /apps/design_kits/ibm_kits/IBM_DIG_FLOW/cmos8hp/cadence/v.20110204/tch/cmos8hp_7AM_41_FuncCmax.tch 25.000000 
#number model r/c [1,1] [7,224] read
#0 rcmodel(s) requires rebuild
#Build RC corners: cpu time = 00:00:01, elapsed time = 00:00:01, memory = 1344.25 (MB), peak = 1375.62 (MB)
#Length limit = 200 pitches
#opt mode = 2
#Start routing data preparation on Sun Mar 23 22:02:38 2025
#
#Minimum voltage of a net in the design = 0.000.
#Maximum voltage of a net in the design = 1.600.
#Voltage range [0.000 - 1.600] has 31891 nets.
#Voltage range [0.000 - 0.000] has 1 net.
#Voltage range [1.350 - 1.600] has 1 net.
#Regenerating Ggrids automatically.
#Auto generating G-grids with size=15 tracks, using layer M3's pitch = 0.4000.
#Using automatically generated G-grids.
#Done routing data preparation.
#cpu time = 00:00:00, elapsed time = 00:00:00, memory = 1344.25 (MB), peak = 1375.62 (MB)
#Start routing data preparation on Sun Mar 23 22:02:39 2025
#
#Minimum voltage of a net in the design = 0.000.
#Maximum voltage of a net in the design = 1.600.
#Voltage range [0.000 - 1.600] has 31891 nets.
#Voltage range [0.000 - 0.000] has 1 net.
#Voltage range [1.350 - 1.600] has 1 net.
#Regenerating Ggrids automatically.
#Auto generating G-grids with size=15 tracks, using layer M3's pitch = 0.4000.
#Using automatically generated G-grids.
#Done routing data preparation.
#cpu time = 00:00:00, elapsed time = 00:00:00, memory = 1344.25 (MB), peak = 1375.62 (MB)
#Start generate extraction boxes.
#
#Extract using 30 x 30 Hboxes
#6x6 initial hboxes
#Use area based hbox pruning.
#0/0 hboxes pruned.
#Complete generating extraction boxes.
#Extract 23 hboxes with single thread on machine with  Xeon 2.00GHz 28160KB Cache 80CPU...
#Process 0 special clock nets for rc extraction
#0 temporary NDR added
#Total 29202 nets were built. 467 nodes added to break long wires. 0 net(s) have incomplete routes.
#Run Statistics for Extraction:
#   Cpu time = 00:00:09, elapsed time = 00:00:09 .
#   Increased memory =    88.26 (MB), total memory =  1432.51 (MB), peak memory =  1432.54 (MB)
#Simplify RC tree: cpu time = 00:00:00, elapsed time = 00:00:00, memory = 1412.07 (MB), peak = 1432.57 (MB)
#RC Statistics: 93488 Res, 56374 Ground Cap, 32234 XCap (Edge to Edge)
#RC V/H edge ratio: 0.44, Avg V/H Edge Length: 5341.02 (49610), Avg L-Edge Length: 11484.45 (29539)
#Start writing rcdb into /tmp/innovus_temp_142802_shell_G32127843_wVIndc/nr142802_CrvWxy.rcdb.d
#Finish writing rcdb with 123647 nodes, 94445 edges, and 71614 xcaps
#cpu time = 00:00:01, elapsed time = 00:00:02, memory = 1426.47 (MB), peak = 1432.57 (MB)
Restoring parasitic data from file '/tmp/innovus_temp_142802_shell_G32127843_wVIndc/nr142802_CrvWxy.rcdb.d' ...
Reading RCDB with compressed RC data.
Reading RCDB with compressed RC data.
Begin read_parasitics... (cpu: 0:00:00.0 real: 0:00:00.0 mem: 1672.234M)
Following multi-corner parasitics specified:
	/tmp/innovus_temp_142802_shell_G32127843_wVIndc/nr142802_CrvWxy.rcdb.d (rcdb)
Reading RCDB with compressed RC data.
		Cell AES has rcdb /tmp/innovus_temp_142802_shell_G32127843_wVIndc/nr142802_CrvWxy.rcdb.d specified
Cell AES, hinst 
Reading RCDB with compressed RC data.
Done read_parasitics... (cpu: 0:00:00.4 real: 0:00:00.0 mem: 1644.234M)
#
#Restore RCDB.
#
#Complete tQuantus RC extraction.
#Cpu time = 00:00:16
#Elapsed time = 00:00:17
#Increased memory = 92.48 (MB)
#Total memory = 1406.27 (MB)
#Peak memory = 1432.57 (MB)
#
#467 inserted nodes are removed
Starting SI iteration 1 using Infinite Timing Windows
Begin IPO call back ...
End IPO call back ...
#################################################################################
# Design Stage: PostRoute
# Design Name: AES
# Design Mode: 130nm
# Analysis Mode: MMMC OCV 
# Parasitics Mode: SPEF/RCDB
# Signoff Settings: SI On 
#################################################################################
AAE_INFO: 1 threads acquired from CTE.
Calculate early delays in OCV mode...
Calculate late delays in OCV mode...
Start delay calculation (fullDC) (1 T). (MEM=1616.87)
Reading RCDB with compressed RC data.
AAE_INFO: 1 threads acquired from CTE.
Total number of fetched objects 32149
AAE_INFO-618: Total number of nets in the design is 31893,  100.0 percent of the nets selected for SI analysis
Total number of fetched objects 32149
AAE_INFO-618: Total number of nets in the design is 31893,  100.0 percent of the nets selected for SI analysis
End delay calculation. (MEM=1664.82 CPU=0:00:08.6 REAL=0:00:09.0)
End delay calculation (fullDC). (MEM=1664.82 CPU=0:00:09.1 REAL=0:00:09.0)
Loading CTE timing window with TwFlowType 0...(CPU = 0:00:00.0, REAL = 0:00:00.0, MEM = 1664.8M)
Add other clocks and setupCteToAAEClockMapping during iter 1
Loading CTE timing window is completed (CPU = 0:00:00.1, REAL = 0:00:00.0, MEM = 1664.8M)
Starting SI iteration 2
AAE_INFO: 1 threads acquired from CTE.
Calculate early delays in OCV mode...
Calculate late delays in OCV mode...
Start delay calculation (fullDC) (1 T). (MEM=1620.73)
Glitch Analysis: View VIEW_ss_125 -- Total Number of Nets Skipped = 0. 
Glitch Analysis: View VIEW_ss_125 -- Total Number of Nets Analyzed = 0. 
Total number of fetched objects 32149
AAE_INFO-618: Total number of nets in the design is 31893,  8.9 percent of the nets selected for SI analysis
End delay calculation. (MEM=1626.88 CPU=0:00:00.3 REAL=0:00:00.0)
End delay calculation (fullDC). (MEM=1626.88 CPU=0:00:00.4 REAL=0:00:01.0)

------------------------------------------------------------
          timeDesign Summary                             
------------------------------------------------------------

Setup views included:
 VIEW_ss_125 

+--------------------+---------+---------+---------+
|     Setup mode     |   all   | reg2reg | default |
+--------------------+---------+---------+---------+
|           WNS (ns):|  4.115  |  4.115  |  4.504  |
|           TNS (ns):|  0.000  |  0.000  |  0.000  |
|    Violating Paths:|    0    |    0    |    0    |
|          All Paths:|  3213   |  2694   |  3212   |
+--------------------+---------+---------+---------+

+----------------+-------------------------------+------------------+
|                |              Real             |       Total      |
|    DRVs        +------------------+------------+------------------|
|                |  Nr nets(terms)  | Worst Vio  |  Nr nets(terms)  |
+----------------+------------------+------------+------------------+
|   max_cap      |   1017 (1017)    |   -0.044   |   1018 (3840)    |
|   max_tran     |    195 (195)     |   -0.050   |    195 (195)     |
|   max_fanout   |      0 (0)       |     0      |      1 (1)       |
|   max_length   |      0 (0)       |     0      |      0 (0)       |
+----------------+------------------+------------+------------------+

Density: 100.000%
Total number of glitch violations: 0
------------------------------------------------------------
Reported timing to dir ../reports/AES/final
Total CPU time: 33.57 sec
Total Real time: 36.0 sec
Total Memory Usage: 1586.722656 Mbytes
Reset AAE Options
<CMD> timeDesign -postRoute -hold -numPaths 10
 Reset EOS DB
Ignoring AAE DB Resetting ...
The design is extracted. Skipping TQuantus.
Starting SI iteration 1 using Infinite Timing Windows
#################################################################################
# Design Stage: PostRoute
# Design Name: AES
# Design Mode: 130nm
# Analysis Mode: MMMC OCV 
# Parasitics Mode: SPEF/RCDB
# Signoff Settings: SI On 
#################################################################################
AAE_INFO: 1 threads acquired from CTE.
Calculate late delays in OCV mode...
Calculate early delays in OCV mode...
Start delay calculation (fullDC) (1 T). (MEM=1577.85)
*** Calculating scaling factor for LIB_ff_-55 libraries using the default operating condition of each library.
Reading RCDB with compressed RC data.
AAE_INFO: 1 threads acquired from CTE.
Total number of fetched objects 32149
AAE_INFO-618: Total number of nets in the design is 31893,  100.0 percent of the nets selected for SI analysis
Total number of fetched objects 32149
AAE_INFO-618: Total number of nets in the design is 31893,  100.0 percent of the nets selected for SI analysis
End delay calculation. (MEM=1657.81 CPU=0:00:07.7 REAL=0:00:08.0)
End delay calculation (fullDC). (MEM=1657.81 CPU=0:00:08.2 REAL=0:00:09.0)
Loading CTE timing window with TwFlowType 0...(CPU = 0:00:00.0, REAL = 0:00:00.0, MEM = 1657.8M)
Add other clocks and setupCteToAAEClockMapping during iter 1
Loading CTE timing window is completed (CPU = 0:00:00.1, REAL = 0:00:00.0, MEM = 1657.8M)
Starting SI iteration 2
AAE_INFO: 1 threads acquired from CTE.
Calculate late delays in OCV mode...
Calculate early delays in OCV mode...
Start delay calculation (fullDC) (1 T). (MEM=1611.72)
AAE_INFO: 1 threads acquired from CTE.
Glitch Analysis: View VIEW_ff_-55 -- Total Number of Nets Skipped = 0. 
Glitch Analysis: View VIEW_ff_-55 -- Total Number of Nets Analyzed = 0. 
Total number of fetched objects 32149
AAE_INFO-618: Total number of nets in the design is 31893,  47.4 percent of the nets selected for SI analysis
End delay calculation. (MEM=1619.87 CPU=0:00:03.4 REAL=0:00:03.0)
End delay calculation (fullDC). (MEM=1619.87 CPU=0:00:03.5 REAL=0:00:03.0)
*** Done Building Timing Graph (cpu=0:00:13.3 real=0:00:13.0 totSessionCpu=0:18:38 mem=1619.9M)

------------------------------------------------------------
          timeDesign Summary                             
------------------------------------------------------------

Hold  views included:
 VIEW_ff_-55 

+--------------------+---------+---------+---------+
|     Hold mode      |   all   | reg2reg | default |
+--------------------+---------+---------+---------+
|           WNS (ns):| -0.347  | -0.347  | -0.003  |
|           TNS (ns):|-249.867 |-249.863 | -0.003  |
|    Violating Paths:|  1217   |  1216   |    1    |
|          All Paths:|  2823   |  2694   |  2822   |
+--------------------+---------+---------+---------+

Density: 100.000%
------------------------------------------------------------
Reported timing to dir ./timingReports
Total CPU time: 14.71 sec
Total Real time: 15.0 sec
Total Memory Usage: 1548.199219 Mbytes
Reset AAE Options
<CMD> fit
<CMD> setEndCapMode -cells NWSX -leftEdge NWSX -rightEdge NWSX
<CMD> addEndCap -prefix ENDCAP
Minimum row-size in sites for endcap insertion = 7.
Minimum number of sites for row blockage       = 1.
**WARN: (IMPSP-5119):	AddEndCap is unable to add Pre-cap cell (NWSX) at (15.200, 15.200).
Type 'man IMPSP-5119' for more detail.
**WARN: (IMPSP-5119):	AddEndCap is unable to add Post-cap cell (NWSX) at (808.000, 15.200).
Type 'man IMPSP-5119' for more detail.
**WARN: (IMPSP-5119):	AddEndCap is unable to add Pre-cap cell (NWSX) at (15.200, 20.000).
Type 'man IMPSP-5119' for more detail.
**WARN: (IMPSP-5119):	AddEndCap is unable to add Post-cap cell (NWSX) at (808.000, 20.000).
Type 'man IMPSP-5119' for more detail.
**WARN: (IMPSP-5119):	AddEndCap is unable to add Pre-cap cell (NWSX) at (15.200, 24.800).
Type 'man IMPSP-5119' for more detail.
**WARN: (IMPSP-5119):	AddEndCap is unable to add Post-cap cell (NWSX) at (808.000, 24.800).
Type 'man IMPSP-5119' for more detail.
**WARN: (IMPSP-5119):	AddEndCap is unable to add Pre-cap cell (NWSX) at (15.200, 29.600).
Type 'man IMPSP-5119' for more detail.
**WARN: (IMPSP-5119):	AddEndCap is unable to add Post-cap cell (NWSX) at (808.000, 29.600).
Type 'man IMPSP-5119' for more detail.
**WARN: (IMPSP-5119):	AddEndCap is unable to add Pre-cap cell (NWSX) at (15.200, 34.400).
Type 'man IMPSP-5119' for more detail.
**WARN: (IMPSP-5119):	AddEndCap is unable to add Post-cap cell (NWSX) at (808.000, 34.400).
Type 'man IMPSP-5119' for more detail.
**WARN: (IMPSP-5119):	AddEndCap is unable to add Pre-cap cell (NWSX) at (15.200, 39.200).
Type 'man IMPSP-5119' for more detail.
**WARN: (IMPSP-5119):	AddEndCap is unable to add Post-cap cell (NWSX) at (808.000, 39.200).
Type 'man IMPSP-5119' for more detail.
**WARN: (IMPSP-5119):	AddEndCap is unable to add Pre-cap cell (NWSX) at (15.200, 44.000).
Type 'man IMPSP-5119' for more detail.
**WARN: (IMPSP-5119):	AddEndCap is unable to add Post-cap cell (NWSX) at (808.000, 44.000).
Type 'man IMPSP-5119' for more detail.
**WARN: (IMPSP-5119):	AddEndCap is unable to add Pre-cap cell (NWSX) at (15.200, 48.800).
Type 'man IMPSP-5119' for more detail.
**WARN: (IMPSP-5119):	AddEndCap is unable to add Post-cap cell (NWSX) at (808.000, 48.800).
Type 'man IMPSP-5119' for more detail.
**WARN: (IMPSP-5119):	AddEndCap is unable to add Pre-cap cell (NWSX) at (15.200, 53.600).
Type 'man IMPSP-5119' for more detail.
**WARN: (IMPSP-5119):	AddEndCap is unable to add Post-cap cell (NWSX) at (808.000, 53.600).
Type 'man IMPSP-5119' for more detail.
**WARN: (IMPSP-5119):	AddEndCap is unable to add Pre-cap cell (NWSX) at (15.200, 58.400).
Type 'man IMPSP-5119' for more detail.
**WARN: (IMPSP-5119):	AddEndCap is unable to add Post-cap cell (NWSX) at (808.000, 58.400).
Type 'man IMPSP-5119' for more detail.
**WARN: (EMS-27):	Message (IMPSP-5119) has exceeded the current message display limit of 20.
To increase the message display limit, refer to the product command reference manual.
Inserted 0 pre-endcap <NWSX> cells (prefix ENDCAP).
Inserted 0 post-endcap <NWSX> cells (prefix ENDCAP).
**ERROR: (IMPSP-5106):	AddEndCap cannot place end cap cells at the ends of the site rows. Most probably there are pre-placed std-cell insts at 'start' of 'some' rows. Remove pre-placed instances and re-run addEndCap again.
Type 'man IMPSP-5106' for more detail.
**ERROR: (IMPSP-5106):	AddEndCap cannot place end cap cells at the ends of the site rows. Most probably there are pre-placed std-cell insts at 'end' of 'some' rows. Remove pre-placed instances and re-run addEndCap again.
Type 'man IMPSP-5106' for more detail.
For 0 new insts, *** Applied 0 GNC rules.
<CMD> addWellTap -cell NWSX -prefix WELLTAP -cellInterval 30.0 -skipRow 1 -inRowOffset 15
**WARN: (IMPSP-5134):	Setting inRowOffset to 14.800 (microns) as a multiple of cell NWSX's techSite 'CORE' width of 0.400 microns
Type 'man IMPSP-5134' for more detail.
For 2902 new insts, 2902 new pwr-pin connections were made to global net 'VDD'.
2902 new gnd-pin connections were made to global net 'GND'.
*** Applied 2 GNC rules (cpu = 0:00:00.0)
Inserted 2902 well-taps <NWSX> cells (prefix WELLTAP).
<CMD> addWellTap -cell NWSX -prefix WELLTAP -cellInterval 30.0 -skipRow 1 -startRowNum 2 -inRowOffset 30.0
For 2858 new insts, 2858 new pwr-pin connections were made to global net 'VDD'.
2858 new gnd-pin connections were made to global net 'GND'.
*** Applied 2 GNC rules (cpu = 0:00:00.0)
Inserted 2858 well-taps <NWSX> cells (prefix WELLTAP).
<CMD> saveFPlan ../floorplan/AES_floorplan.fp
<CMD> fit
<CMD> fit
<CMD> zoomOut
<CMD> fit
<CMD> setDrawView fplan
<CMD> setDrawView fplan
<CMD> setDrawView ameba
<CMD> setDrawView fplan
<CMD> setDrawView place
<CMD> loadWorkspace -name Amoeba
<CMD> loadWorkspace -name Amoeba
<CMD> loadWorkspace -name Floorplan
<CMD> loadWorkspace -name Physical
<CMD> fit
<CMD> fit
<CMD> fit
<CMD> ungroup
<CMD> ungroup
<CMD> ungroup
<CMD> ungroup
<CMD> ungroup
<CMD> loadWorkspace -name Amoeba
<CMD> loadWorkspace -name Floorplan
<CMD> fit
<CMD> loadWorkspace -name Amoeba
<CMD> fit
<CMD> zoomIn
<CMD> zoomIn
<CMD> zoomIn
<CMD> zoomIn
<CMD> zoomIn
<CMD> zoomIn
<CMD> zoomIn
<CMD> zoomIn
<CMD> zoomIn
<CMD> zoomIn
<CMD> fit
<CMD> loadWorkspace -name {Design Browser + Physical}
<CMD> loadWorkspace -name Physical
<CMD> ui_view_box
<CMD> ui_view_box
<CMD> dbquery -area {-349.836 -40.16 1668.061 870.181} -objType inst
<CMD> dbquery -area {-349.836 -40.16 1668.061 870.181} -objType regular
<CMD> dbquery -area {-349.836 -40.16 1668.061 870.181} -objType special
**WARN: (IMPSYT-13094):	There are more than 20000 objects inside the view box. We do not recommand to use layout 3D.
<CMD> loadWorkspace -name Physical
<CMD> loadWorkspace -name Amoeba
<CMD> loadWorkspace -name Physical
<CMD> setDrawView fplan
<CMD> setDrawView ameba
<CMD> setDrawView place
<CMD> ui_view_box
<CMD> win
<CMD> uiSetTool select
<CMD> dbquery -area {1013.309 46.614 401.156 308.515} -objType inst
<CMD> dbquery -area {1013.309 46.614 401.156 308.515} -objType regular
<CMD> dbquery -area {1013.309 46.614 401.156 308.515} -objType special
**WARN: (IMPSYT-13094):	There are more than 20000 objects inside the view box. We do not recommand to use layout 3D.
<CMD> setDrawView ameba
<CMD> setDrawView place
<CMD> fit
<CMD> setDrawView ameba
<CMD> setDrawView fplan
<CMD> setDrawView place
<CMD> setLayerPreference layerBlk -isVisible 1
<CMD> setLayerPreference layerBlk -isSelectable 1
<CMD> ctd_win -id ctd_window
Clock tree timing engine global stage delay update for CORNER_ss_125:setup.late...
Rebuilding timing graph...
Rebuilding timing graph done.
Clock tree timing engine global stage delay update for CORNER_ss_125:setup.late done. (took cpu=0:00:00.7 real=0:00:00.7)
<CMD> setDrawView ameba
**ERROR: (IMPSYT-6000):	No Object Selected.
<CMD> fit
<CMD> zoomIn
<CMD> zoomIn
<CMD> zoomIn
<CMD> zoomIn
<CMD> zoomIn
<CMD> zoomIn
<CMD> zoomIn
<CMD> zoomIn
<CMD> zoomSelected
<CMD> fit
<CMD> zoomSelected
<CMD> gui_select -rect {-69.372 759.142 174.094 570.801}
<CMD> setDrawView place
<CMD> setDrawView fplan
<CMD> setDrawView ameba
<CMD> setDrawView place
<CMD> setDrawView ameba
<CMD> loadWorkspace -name {Design Browser + Physical}
Loading final10 (final_round)
Traverse HInst final10(final_round)
**WARN: (IMPSGN-2007):	Failed to open Port i 127.
**WARN: (IMPSGN-2007):	Failed to open Port i 126.
**WARN: (IMPSGN-2007):	Failed to open Port i 125.
**WARN: (IMPSGN-2007):	Failed to open Port i 124.
**WARN: (IMPSGN-2007):	Failed to open Port i 123.
**WARN: (IMPSGN-2007):	Failed to open Port i 122.
**WARN: (IMPSGN-2007):	Failed to open Port i 121.
**WARN: (IMPSGN-2007):	Failed to open Port i 120.
**WARN: (IMPSGN-2007):	Failed to open Port i 119.
**WARN: (IMPSGN-2007):	Failed to open Port i 118.
**WARN: (IMPSGN-2007):	Failed to open Port i 117.
**WARN: (IMPSGN-2007):	Failed to open Port i 116.
**WARN: (IMPSGN-2007):	Failed to open Port i 115.
**WARN: (IMPSGN-2007):	Failed to open Port i 114.
**WARN: (IMPSGN-2007):	Failed to open Port i 113.
**WARN: (IMPSGN-2007):	Failed to open Port i 112.
**WARN: (IMPSGN-2007):	Failed to open Port i 111.
**WARN: (IMPSGN-2007):	Failed to open Port i 110.
**WARN: (IMPSGN-2007):	Failed to open Port i 109.
**WARN: (IMPSGN-2007):	Failed to open Port i 108.
**WARN: (EMS-27):	Message (IMPSGN-2007) has exceeded the current message display limit of 20.
To increase the message display limit, refer to the product command reference manual.
Loading final10 (final_round)
Traverse HInst final10(final_round)
<CMD> setDrawView ameba
<CMD> setDrawView fplan
<CMD> setDrawView ameba
<CMD> setDrawView place
<CMD> fit
<CMD> ctd_win -id ctd_window -unit_delay
<CMD> uiSetTool addVia
<CMD> setDrawView ameba
<CMD> set layerNameNoAbbreviation 0
<CMD> getEditMode -quiet -via_cut_layer
<CMD> set layerNameNoAbbreviation 1
<CMD> editAddVia 210.077 579.988
Initializing DRC checker...
It may take a few minutes. The runtime penalty happens only in the first time DRC checker is needed and when it is not initialized before.
Ending "Init FGC" (total cpu=0:00:00.0, real=0:00:00.0, peak res=1377.6M, current mem=1377.6M)
<CMD> set layerNameNoAbbreviation 0
<CMD> getEditMode -quiet -via_cut_layer
<CMD> set layerNameNoAbbreviation 1
<CMD> editAddVia 366.262 379.397
<CMD> set layerNameNoAbbreviation 0
<CMD> getEditMode -quiet -via_cut_layer
<CMD> set layerNameNoAbbreviation 1
<CMD> editAddVia 233.045 590.707
<CMD> set layerNameNoAbbreviation 0
<CMD> getEditMode -quiet -via_cut_layer
<CMD> set layerNameNoAbbreviation 1
<CMD> editAddVia 591.353 339.585
<CMD> set layerNameNoAbbreviation 0
<CMD> getEditMode -quiet -via_cut_layer
<CMD> set layerNameNoAbbreviation 1
<CMD> editAddVia 347.888 527.927
<CMD> fit
<CMD> set layerNameNoAbbreviation 0
<CMD> getEditMode -quiet -via_cut_layer
<CMD> set layerNameNoAbbreviation 1
<CMD> editAddVia 40.11 665.737
<CMD> set layerNameNoAbbreviation 0
<CMD> getEditMode -quiet -via_cut_layer
<CMD> set layerNameNoAbbreviation 1
<CMD> editAddVia -47.17 645.831
<CMD> set layerNameNoAbbreviation 0
<CMD> getEditMode -quiet -via_cut_layer
<CMD> set layerNameNoAbbreviation 1
<CMD> editAddVia 122.797 555.489
<CMD> getIoFlowFlag
<CMD> set layerNameNoAbbreviation 0
<CMD> getEditMode -quiet -via_cut_layer
<CMD> set layerNameNoAbbreviation 1
<CMD> editAddVia 239.17 765.267
<CMD> setDrawView fplan
<CMD> set layerNameNoAbbreviation 0
<CMD> getEditMode -quiet -via_cut_layer
<CMD> set layerNameNoAbbreviation 1
<CMD> editAddVia 911.38 403.897
<CMD> setDrawView ameba
<CMD> setDrawView place
<CMD> set layerNameNoAbbreviation 0
<CMD> getEditMode -quiet -via_cut_layer
<CMD> set layerNameNoAbbreviation 1
<CMD> editAddVia -47.17 645.831
<CMD> deleteSelectedFromFPlan
<CMD> deleteSelectedFromFPlan
<CMD> deleteSelectedFromFPlan
<CMD> deleteSelectedFromFPlan
<CMD> uiSetTool addVia
<CMD> set layerNameNoAbbreviation 0
<CMD> getEditMode -quiet -via_cut_layer
<CMD> set layerNameNoAbbreviation 1
<CMD> editAddVia -39.514 642.769
<CMD> set layerNameNoAbbreviation 0
<CMD> getEditMode -quiet -via_cut_layer
<CMD> set layerNameNoAbbreviation 1
<CMD> editAddVia -100.763 475.865
<CMD> set layerNameNoAbbreviation 0
<CMD> getEditMode -quiet -via_cut_layer
<CMD> set layerNameNoAbbreviation 1
<CMD> editAddVia -158.95 353.366
<CMD> undo
<CMD> undo
<CMD> undo
<CMD> undo
<CMD> undo
<CMD> undo
<CMD> undo
<CMD> undo
<CMD> undo
<CMD> undo
<CMD> undo
<CMD> undo
<CMD> undo
<CMD> undo
<CMD> fit
<CMD> setDrawView place
<CMD> ctd_win -id layout_window -unit_delay
<CMD> ctd_win -id layout_window -unit_delay
<CMD> setDrawView ameba
<CMD> setDrawView fplan
<CMD> setDrawView place
<CMD> setDrawView ameba
<CMD> setDrawView fplan
<CMD> setDrawView ameba
<CMD> setDrawView place
<CMD> ctd_win -id layout_window -title work -unit_delay
<CMD> setLayerPreference node_gird -isVisible 1
<CMD> setDrawView ameba
<CMD> setDrawView place
<CMD> ctd_win -id layout_window -title work -unit_delay
<CMD> selectObject Net clk
<CMD> zoomSelected
<CMD> deselectObject Net clk
<CMD> selectObject Net clk
<CMD> zoomSelected
<CMD> deselectObject Net clk
<CMD> selectObject Net clk
<CMD> zoomSelected
<CMD> deselectObject Net clk
<CMD> selectObject Net clk
<CMD> zoomSelected
<CMD> setDrawView ameba
<CMD> setDrawView place
<CMD> setDrawView ameba
<CMD> setDrawView fplan
<CMD> redo
<CMD> redo
<CMD> redo
<CMD> redo
<CMD> redo
<CMD> redo
<CMD> redo
<CMD> redo
<CMD> redo
<CMD> redo
<CMD> redo
<CMD> undo
<CMD> undo
<CMD> undo
<CMD> undo
<CMD> undo
<CMD> undo
<CMD> undo
<CMD> undo
<CMD> undo
<CMD> undo
<CMD> undo
<CMD> fit
<CMD> setDrawView ameba
<CMD> setDrawView place
<CMD> setDrawView place
<CMD> fit
<CMD> redo
<CMD> redo
<CMD> redo
<CMD> redo
<CMD> redo
<CMD> redo
<CMD> redo
<CMD> redo
<CMD> redo
<CMD> redo
<CMD> redo
<CMD> redo
<CMD> redo
<CMD> redo
<CMD> undo
<CMD> undo
<CMD> undo
<CMD> undo
<CMD> undo
<CMD> undo
<CMD> undo
<CMD> undo
<CMD> undo
<CMD> undo
<CMD> undo
<CMD> undo
<CMD> undo
<CMD> undo
<CMD> setDrawView ameba
<CMD> getIoFlowFlag
<CMD> loadWorkspace -name Amoeba
<CMD> ctd_win -id layout_window -title work -unit_delay
<CMD> deselectObject Net clk
<CMD> selectObject Net clk
<CMD> zoomSelected
<CMD> deselectObject Net clk
<CMD> selectObject Net clk
<CMD> zoomSelected
<CMD> deselectObject Net clk
<CMD> selectObject Net clk
<CMD> zoomSelected
<CMD> deselectObject Net clk
<CMD> selectObject Net clk
<CMD> zoomSelected
<CMD> deselectObject Net clk
<CMD> selectObject Net clk
<CMD> zoomSelected
<CMD> deselectObject Net clk
<CMD> selectObject Net clk
<CMD> zoomSelected
<CMD> getIoFlowFlag
<CMD> setDrawView place
<CMD> getIoFlowFlag
<CMD> redirect -quiet {set honorDomain [getAnalysisMode -honorClockDomains]} > /dev/null
<CMD> timeDesign -postCTS -pathReports -drvReports -slackReports -numPaths 50 -prefix AES_postCTS -outDir timingReports
**WARN: (IMPOPT-7233):	Resetting setDelayCalMode -SIAware in preRoute mode.
AAE DB initialization (MEM=1614.39 CPU=0:00:00.2 REAL=0:00:00.0) 
 Reset EOS DB
Ignoring AAE DB Resetting ...
#Start routing data preparation on Sun Mar 23 23:55:02 2025
#
#Minimum voltage of a net in the design = 0.000.
#Maximum voltage of a net in the design = 1.600.
#Voltage range [0.000 - 1.600] has 31892 nets.
#Voltage range [0.000 - 0.000] has 1 net.
#Voltage range [1.350 - 1.600] has 1 net.
# M1           H   Track-Pitch = 0.4000    Line-2-Via Pitch = 0.3600
# M2           V   Track-Pitch = 0.4000    Line-2-Via Pitch = 0.4000
# M3           H   Track-Pitch = 0.4000    Line-2-Via Pitch = 0.4000
# M4           V   Track-Pitch = 0.4000    Line-2-Via Pitch = 0.4000
# MQ           H   Track-Pitch = 0.8000    Line-2-Via Pitch = 0.8000
#Regenerating Ggrids automatically.
#Auto generating G-grids with size=15 tracks, using layer M3's pitch = 0.4000.
#Using automatically generated G-grids.
#Done routing data preparation.
#cpu time = 00:00:01, elapsed time = 00:00:01, memory = 1396.99 (MB), peak = 1432.57 (MB)
#Extract in post route mode
#
#Start tQuantus RC extraction...
#Start building rc corner(s)...
#Number of RC Corner = 2
#Corner RC_min /apps/design_kits/ibm_kits/IBM_DIG_FLOW/cmos8hp/cadence/v.20110204/tch/cmos8hp_7AM_41_FuncCmax.tch 25.000000 (real) 
#Corner RC_max /apps/design_kits/ibm_kits/IBM_DIG_FLOW/cmos8hp/cadence/v.20110204/tch/cmos8hp_7AM_41_FuncCmax.tch 25.000000 (real) 
#Layer LY does not exist in nanoroute.
#Layer AM does not exist in nanoroute.
#M1 -> M1 (1)
#M2 -> M2 (2)
#M3 -> M3 (3)
#M4 -> M4 (4)
#MQ -> MQ (5)
#Layer LY does not exist in nanoroute.
#Layer AM does not exist in nanoroute.
#SADV_On
# Corner(s) : 
#RC_min [25.00] 
#RC_max [25.00]
# Corner id: 0
# Layout Scale: 1.000000
# Has Metal Fill model: yes
# Temperature was set
# Temperature : 25.000000
# Ref. Temp   : 25.000000
# Corner id: 1
# Layout Scale: 1.000000
# Has Metal Fill model: yes
# Temperature was set
# Temperature : 25.000000
# Ref. Temp   : 25.000000
#SADV_Off
#total pattern=84 [7, 224]
#Reading previously stored rc_model file ( rc_model.bin ) ...
#found CAPMODEL /apps/design_kits/ibm_kits/IBM_DIG_FLOW/cmos8hp/cadence/v.20110204/tch/cmos8hp_7AM_41_FuncCmax.tch
#found RESMODEL /apps/design_kits/ibm_kits/IBM_DIG_FLOW/cmos8hp/cadence/v.20110204/tch/cmos8hp_7AM_41_FuncCmax.tch 25.000000 
#number model r/c [1,1] [7,224] read
#0 rcmodel(s) requires rebuild
#Build RC corners: cpu time = 00:00:01, elapsed time = 00:00:01, memory = 1418.12 (MB), peak = 1432.57 (MB)
#Start building rc corner(s)...
#Number of RC Corner = 2
#Corner RC_min /apps/design_kits/ibm_kits/IBM_DIG_FLOW/cmos8hp/cadence/v.20110204/tch/cmos8hp_7AM_41_FuncCmax.tch 25.000000 (real) 
#Corner RC_max /apps/design_kits/ibm_kits/IBM_DIG_FLOW/cmos8hp/cadence/v.20110204/tch/cmos8hp_7AM_41_FuncCmax.tch 25.000000 (real) 
#Layer LY does not exist in nanoroute.
#Layer AM does not exist in nanoroute.
#M1 -> M1 (1)
#M2 -> M2 (2)
#M3 -> M3 (3)
#M4 -> M4 (4)
#MQ -> MQ (5)
#Layer LY does not exist in nanoroute.
#Layer AM does not exist in nanoroute.
#SADV_On
# Corner(s) : 
#RC_min [25.00] 
#RC_max [25.00]
# Corner id: 0
# Layout Scale: 1.000000
# Has Metal Fill model: yes
# Temperature was set
# Temperature : 25.000000
# Ref. Temp   : 25.000000
# Corner id: 1
# Layout Scale: 1.000000
# Has Metal Fill model: yes
# Temperature was set
# Temperature : 25.000000
# Ref. Temp   : 25.000000
#SADV_Off
#total pattern=84 [7, 224]
#Reading previously stored rc_model file ( rc_model.bin ) ...
#found CAPMODEL /apps/design_kits/ibm_kits/IBM_DIG_FLOW/cmos8hp/cadence/v.20110204/tch/cmos8hp_7AM_41_FuncCmax.tch
#found RESMODEL /apps/design_kits/ibm_kits/IBM_DIG_FLOW/cmos8hp/cadence/v.20110204/tch/cmos8hp_7AM_41_FuncCmax.tch 25.000000 
#number model r/c [1,1] [7,224] read
#0 rcmodel(s) requires rebuild
#Build RC corners: cpu time = 00:00:01, elapsed time = 00:00:01, memory = 1428.11 (MB), peak = 1432.57 (MB)
#Length limit = 200 pitches
#opt mode = 2
#Start routing data preparation on Sun Mar 23 23:55:07 2025
#
#Minimum voltage of a net in the design = 0.000.
#Maximum voltage of a net in the design = 1.600.
#Voltage range [0.000 - 1.600] has 31892 nets.
#Voltage range [0.000 - 0.000] has 1 net.
#Voltage range [1.350 - 1.600] has 1 net.
#Regenerating Ggrids automatically.
#Auto generating G-grids with size=15 tracks, using layer M3's pitch = 0.4000.
#Using automatically generated G-grids.
#Done routing data preparation.
#cpu time = 00:00:00, elapsed time = 00:00:00, memory = 1427.82 (MB), peak = 1432.57 (MB)
#Start routing data preparation on Sun Mar 23 23:55:08 2025
#
#Minimum voltage of a net in the design = 0.000.
#Maximum voltage of a net in the design = 1.600.
#Voltage range [0.000 - 1.600] has 31892 nets.
#Voltage range [0.000 - 0.000] has 1 net.
#Voltage range [1.350 - 1.600] has 1 net.
#Regenerating Ggrids automatically.
#Auto generating G-grids with size=15 tracks, using layer M3's pitch = 0.4000.
#Using automatically generated G-grids.
#Done routing data preparation.
#cpu time = 00:00:00, elapsed time = 00:00:00, memory = 1427.82 (MB), peak = 1432.57 (MB)
#
#Connectivity extraction summary:
#1 routed nets are extracted.
#29201 routed net(s) are imported.
#2692 nets are fixed|skipped|trivial (not extracted).
#Total number of nets = 31894.
#
#Start generate extraction boxes.
#
#Extract using 30 x 30 Hboxes
#6x6 initial hboxes
#Use area based hbox pruning.
#0/0 hboxes pruned.
#Complete generating extraction boxes.
#Extract 23 hboxes with single thread on machine with  Xeon 2.00GHz 28160KB Cache 80CPU...
#Process 0 special clock nets for rc extraction
#0 temporary NDR added
#Total 29202 nets were built. 467 nodes added to break long wires. 0 net(s) have incomplete routes.
#Run Statistics for Extraction:
#   Cpu time = 00:00:09, elapsed time = 00:00:09 .
#   Increased memory =    89.42 (MB), total memory =  1517.24 (MB), peak memory =  1517.41 (MB)
#Simplify RC tree: cpu time = 00:00:00, elapsed time = 00:00:00, memory = 1493.45 (MB), peak = 1517.41 (MB)
#RC Statistics: 93488 Res, 56374 Ground Cap, 32234 XCap (Edge to Edge)
#RC V/H edge ratio: 0.44, Avg V/H Edge Length: 5341.02 (49610), Avg L-Edge Length: 11484.45 (29539)
#Start writing rcdb into /tmp/innovus_temp_142802_shell_G32127843_wVIndc/nr142802_mVB9RA.rcdb.d
#Finish writing rcdb with 123647 nodes, 94445 edges, and 71614 xcaps
#cpu time = 00:00:01, elapsed time = 00:00:01, memory = 1508.58 (MB), peak = 1517.41 (MB)
Restoring parasitic data from file '/tmp/innovus_temp_142802_shell_G32127843_wVIndc/nr142802_mVB9RA.rcdb.d' ...
Reading RCDB with compressed RC data.
Reading RCDB with compressed RC data.
Begin read_parasitics... (cpu: 0:00:00.0 real: 0:00:00.0 mem: 1748.594M)
Following multi-corner parasitics specified:
	/tmp/innovus_temp_142802_shell_G32127843_wVIndc/nr142802_mVB9RA.rcdb.d (rcdb)
Reading RCDB with compressed RC data.
		Cell AES has rcdb /tmp/innovus_temp_142802_shell_G32127843_wVIndc/nr142802_mVB9RA.rcdb.d specified
Cell AES, hinst 
Reading RCDB with compressed RC data.
Done read_parasitics... (cpu: 0:00:00.4 real: 0:00:01.0 mem: 1720.594M)
#
#Restore RCDB.
#
#Complete tQuantus RC extraction.
#Cpu time = 00:00:16
#Elapsed time = 00:00:17
#Increased memory = 98.23 (MB)
#Total memory = 1495.22 (MB)
#Peak memory = 1517.41 (MB)
#
#467 inserted nodes are removed
#################################################################################
# Design Stage: PostRoute
# Design Name: AES
# Design Mode: 130nm
# Analysis Mode: MMMC OCV 
# Parasitics Mode: SPEF/RCDB
# Signoff Settings: SI Off 
#################################################################################
AAE_INFO: 1 threads acquired from CTE.
Calculate early delays in OCV mode...
Calculate late delays in OCV mode...
Start delay calculation (fullDC) (1 T). (MEM=1711.97)
*** Calculating scaling factor for LIB_ss_125 libraries using the default operating condition of each library.
Reading RCDB with compressed RC data.
AAE_INFO: 1 threads acquired from CTE.
Total number of fetched objects 32149
Total number of fetched objects 32149
End delay calculation. (MEM=1771.46 CPU=0:00:02.3 REAL=0:00:03.0)
End delay calculation (fullDC). (MEM=1759.92 CPU=0:00:02.8 REAL=0:00:03.0)
**WARN: (IMPEXT-3493):	The design extraction status has been reset by set_analysis_view/update_rc_corner or setExtractRCMode  command. The parasitic data can be regenerated either by extracting the design using the extractRC command or by loading the SPEF or RCDB file(s). To prevent resetting of the extraction status, avoid changing extraction modes.
Type 'man IMPEXT-3493' for more detail.
Start to check current routing status for nets...
All nets are already routed correctly.
End to check current routing status for nets (mem=1710.2M)
Extraction called for design 'AES' of instances=88299 and nets=31894 using extraction engine 'preRoute' .
PreRoute RC Extraction called for design AES.
RC Extraction called in multi-corner(2) mode.
RCMode: PreRoute
      RC Corner Indexes            0       1   
Capacitance Scaling Factor   : 1.00000 1.00000 
Resistance Scaling Factor    : 1.00000 1.00000 
Clock Cap. Scaling Factor    : 1.00000 1.00000 
Clock Res. Scaling Factor    : 1.00000 1.00000 
Shrink Factor                : 1.00000
PreRoute extraction is honoring NDR/Shielding/ExtraSpace for clock nets.
Using capacitance table file ...
Updating RC grid for preRoute extraction ...
Initializing multi-corner capacitance tables ... 
Initializing multi-corner resistance tables ...
Creating RPSQ from WeeR and WRes ...
Creating RPSQ from WeeR and WRes ...
PreRoute RC Extraction DONE (CPU Time: 0:00:00.3  Real Time: 0:00:00.0  MEM: 1710.227M)
#################################################################################
# Design Stage: PostRoute
# Design Name: AES
# Design Mode: 130nm
# Analysis Mode: MMMC OCV 
# Parasitics Mode: No SPEF/RCDB
# Signoff Settings: SI Off 
#################################################################################
AAE_INFO: 1 threads acquired from CTE.
Calculate early delays in OCV mode...
Calculate late delays in OCV mode...
Start delay calculation (fullDC) (1 T). (MEM=1703.62)
Total number of fetched objects 32149
Total number of fetched objects 32149
End delay calculation. (MEM=1751.58 CPU=0:00:02.8 REAL=0:00:02.0)
End delay calculation (fullDC). (MEM=1751.58 CPU=0:00:03.7 REAL=0:00:03.0)
*** Done Building Timing Graph (cpu=0:00:04.2 real=0:00:05.0 totSessionCpu=0:43:30 mem=1751.6M)

------------------------------------------------------------
          timeDesign Summary                             
------------------------------------------------------------

Setup views included:
 VIEW_ss_125 

+--------------------+---------+---------+---------+
|     Setup mode     |   all   | reg2reg | default |
+--------------------+---------+---------+---------+
|           WNS (ns):|  3.791  |  3.791  |  4.330  |
|           TNS (ns):|  0.000  |  0.000  |  0.000  |
|    Violating Paths:|    0    |    0    |    0    |
|          All Paths:|  3213   |  2694   |  3212   |
+--------------------+---------+---------+---------+

+----------------+-------------------------------+------------------+
|                |              Real             |       Total      |
|    DRVs        +------------------+------------+------------------|
|                |  Nr nets(terms)  | Worst Vio  |  Nr nets(terms)  |
+----------------+------------------+------------+------------------+
|   max_cap      |   6766 (6766)    |   -0.105   |   6767 (9589)    |
|   max_tran     |   1943 (1945)    |   -3.615   |   1943 (1945)    |
|   max_fanout   |      0 (0)       |     0      |      1 (1)       |
|   max_length   |      0 (0)       |     0      |      0 (0)       |
+----------------+------------------+------------+------------------+

Density: 108.986%
Routing Overflow: 0.07% H and 0.06% V
------------------------------------------------------------
Reported timing to dir timingReports
Total CPU time: 30.53 sec
Total Real time: 32.0 sec
Total Memory Usage: 1695.429688 Mbytes
Reset AAE Options
<CMD> ctd_win -id layout_window -title work -unit_delay

--------------------------------------------------------------------------------
Exiting Innovus on Mon Mar 24 00:02:40 2025
  Total CPU time:     0:45:53
  Total real time:    2:32:19
  Peak memory (main): 1498.62MB


*** Memory Usage v#1 (Current mem = 1695.430M, initial mem = 251.676M) ***
*** Message Summary: 2223 warning(s), 12 error(s)

--- Ending "Innovus" (totcpu=0:45:22, real=2:32:17, mem=1695.4M) ---
